1;"AJ. GERAL/BOMBA COSTAL";3;"622020";0;02/02/15;02/02/15;02/02/15;?;0;1;1;1;2;"";"";"ellen";02/02/15;"140624";"";"";?;?;no;no;0;0;0;0;1
2;"AJ. GERAL/BOMBA ARRASTO";3;"622110";0;19/08/09;19/08/09;19/08/09;?;0;1;1;1;2;"";"";"ellen";19/08/09;"112700";"";"";?;?;no;no;0;0;0;0;1
3;"AJ. GERAL";3;"622110";0;19/08/09;19/08/09;19/08/09;?;0;1;1;1;2;"";"";"ellen";19/08/09;"112705";"";"";?;?;no;no;0;0;0;0;1
4;"TRABALHADOR RURAL";3;"622110";0;22/06/18;22/06/18;22/06/18;?;0;1;1;1;2;"";"";"super";22/06/18;"101800";"";"";?;?;no;no;0;0;0;0;1
5;"APONTADOR DE PRODUÇAO";3;"414205";0;23/12/13;23/12/13;23/12/13;?;0;1;1;1;2;"";"";"ELLEN";23/12/13;"175922";"";"";?;?;no;no;0;0;0;0;1
6;"ASSISTENTE ADMINISTRATIVO";3;"411010";0;10/12/15;10/12/15;10/12/15;?;0;1;1;1;1;"";"";"lucimar";10/12/15;"162010";"";"";?;?;no;no;0;0;0;0;1
7;"AUXILIAR ADMINISTRATIVO";3;"411005";0;10/12/15;10/12/15;10/12/15;?;0;1;1;1;1;"";"";"lucimar";10/12/15;"162854";"";"";?;?;no;no;0;0;0;0;1
8;"AUXILIAR ALMOXARIFADO";3;"414105";0;28/03/22;28/03/22;28/03/22;?;0;1;1;1;1;"";"";"gmoreno";28/03/22;"145828";"";"";?;?;no;no;0;0;0;0;1
9;"AJUDANTE DE COMBOIO";3;"783225";0;21/05/13;21/05/13;21/05/13;?;0;1;1;1;1;"";"";"DANI";21/05/13;"134648";"";"";?;?;no;no;0;0;0;0;1
10;"AUXILIAR DEPTO PESSOAL";3;"411030";0;18/08/22;18/08/22;18/08/22;?;0;1;1;1;1;"";"";"gmoreno";18/08/22;"144100";"";"";?;?;no;no;0;0;0;0;1
11;"AUXILIAR DE ENF DO TRABALHO";3;"322230";0;23/10/14;23/10/14;23/10/14;?;0;1;1;1;1;"";"";"dani";23/10/14;"153019";"";"";?;?;no;no;0;0;0;0;1
12;"AUXILIAR DE TOPOGRAFIA";3;"312320";0;19/08/09;19/08/09;19/08/09;?;0;1;1;1;1;"";"";"ellen";19/08/09;"112742";"";"";?;?;no;no;0;0;0;0;1
13;"AUXILIAR DE ESCRITORIO";3;"411005";0;10/12/15;10/12/15;10/12/15;?;0;1;1;1;1;"";"";"lucimar";10/12/15;"163137";"";"";?;?;no;no;0;0;0;0;1
14;"AUXILIAR DE RH";3;"411030";0;19/08/09;19/08/09;19/08/09;?;0;1;1;1;1;"";"";"ellen";19/08/09;"112750";"";"";?;?;no;no;0;0;0;0;1
15;"AUXILIAR DE TÉCNICO AGRICOLA";3;"321105";0;19/08/09;19/08/09;19/08/09;?;0;1;1;1;2;"";"";"ellen";19/08/09;"112754";"";"";?;?;no;no;0;0;0;0;1
16;"BORRACHEIRO";3;"992115";0;19/08/09;19/08/09;19/08/09;?;0;1;1;1;1;"";"";"ellen";19/08/09;"112759";"";"";?;?;no;no;0;0;0;0;1
17;"CASEIRO";3;"622005";0;19/08/09;19/08/09;19/08/09;?;0;1;1;1;2;"";"";"ellen";19/08/09;"112802";"";"";?;?;no;no;0;0;0;0;1
18;"COMPRADORA";3;"354205";0;19/08/09;19/08/09;19/08/09;?;0;1;1;1;1;"";"";"ellen";19/08/09;"112806";"";"";?;?;no;no;0;0;0;0;1
19;"COPEIRA";3;"513425";0;10/12/15;10/12/15;10/12/15;?;0;1;1;1;1;"";"";"lucimar";10/12/15;"163800";"";"";?;?;no;no;0;0;0;0;1
20;"COZINHEIRO";3;"513205";0;20/03/09;20/03/09;20/03/09;?;0;1;1;1;1;"";"";"val";20/03/09;"093901";"";"";?;?;no;no;0;0;0;0;1
21;"DIRETOR ADM. E FINANCEIRO";3;"123110";0;19/08/09;19/08/09;19/08/09;?;0;1;1;1;1;"";"";"ellen";19/08/09;"112817";"";"";?;?;no;no;0;0;0;0;1
22;"ELETRICISTA";3;"715615";0;19/08/09;19/08/09;19/08/09;?;0;1;1;1;1;"";"";"ellen";19/08/09;"112821";"";"";?;?;no;no;0;0;0;0;1
23;"ENCARREGADO DE ALMOXARIFADO";3;"410205";0;18/08/22;18/08/22;18/08/22;?;0;1;1;1;1;"";"";"amagro";18/08/22;"111239";"";"";?;?;no;no;0;0;0;0;1
24;"GERENTE DP";3;"142210";0;25/03/22;25/03/22;25/03/22;?;0;1;1;1;1;"";"";"gmoreno";25/03/22;"094431";"";"";?;?;no;no;0;0;0;0;1
25;"ENCARREGADO DE FUNILARIA";3;"991305";0;19/08/09;19/08/09;19/08/09;?;0;1;1;1;1;"";"";"ellen";19/08/09;"112835";"";"";?;?;no;no;0;0;0;0;1
26;"FISCAL AGRICOLA";3;"620105";0;18/08/22;18/08/22;18/08/22;?;0;1;1;1;2;"";"";"amagro";18/08/22;"111329";"";"";?;?;no;no;0;0;0;0;1
27;"FISCAL DE PRODUÇAO";3;"620105";0;18/08/22;18/08/22;18/08/22;?;0;1;1;1;1;"";"";"amagro";18/08/22;"111509";"";"";?;?;no;no;0;0;0;0;1
28;"FISCAL AGRICOLA";3;"620105";0;19/08/09;19/08/09;19/08/09;?;0;1;1;1;1;"";"";"ellen";19/08/09;"112848";"";"";?;?;no;no;0;0;0;0;1
29;"GERENTE DE CONTROLES";3;"141115";0;19/08/09;19/08/09;19/08/09;?;0;1;1;1;1;"";"";"ellen";19/08/09;"112852";"";"";?;?;no;no;0;0;0;0;1
30;"GERENTE DE CONTROLES";3;"142115";0;19/08/09;19/08/09;19/08/09;?;0;1;1;1;1;"";"";"ellen";19/08/09;"112856";"";"";?;?;no;no;0;0;0;0;1
31;"LAVADEIRA";3;"516305";0;19/08/09;19/08/09;19/08/09;?;0;1;1;1;1;"";"";"ellen";19/08/09;"112900";"";"";?;?;no;no;0;0;0;0;1
32;"LAVADOR";3;"519935";0;28/04/15;28/04/15;28/04/15;?;0;1;1;1;1;"";"";"lucimar";28/04/15;"104913";"";"";?;?;no;no;0;0;0;0;1
33;"MECÂNICO";3;"913115";0;18/07/16;18/07/16;18/07/16;?;0;1;1;1;1;"";"";"lucimar";18/07/16;"104720";"";"";?;?;no;no;0;0;0;0;1
34;"MÉDICO DO TRABALHO";3;"225140";0;19/08/09;19/08/09;19/08/09;?;0;1;1;1;1;"";"";"super";04/02/18;"124145";"";"";?;?;no;no;0;0;0;0;1
35;"MOTORISTA COMBOIEIRO";3;"782510";0;10/12/15;10/12/15;10/12/15;?;0;1;1;1;1;"";"";"lucimar";10/12/15;"165044";"";"";?;?;no;no;0;0;0;0;1
36;"MOTORISTA DE TRANSP. COLETIVO";3;"782410";0;22/07/16;22/07/16;22/07/16;?;0;1;1;1;1;"";"";"lucimar";22/07/16;"173044";"";"";?;?;no;no;0;0;0;0;1
37;"MOTORISTA DE CAMINHÃO";3;"782510";0;03/07/15;03/07/15;03/07/15;?;0;1;1;1;1;"";"";"lucimar";03/07/15;"170753";"";"";?;?;no;no;0;0;0;0;1
38;"MOTORISTA DE CAMINHÃO";3;"782510";0;10/12/15;10/12/15;10/12/15;?;0;1;1;1;1;"";"";"lucimar";10/12/15;"165150";"";"";?;?;no;no;0;0;0;0;1
39;"OPERADOR DE CARREGADEIRA";3;"711210";0;19/08/09;19/08/09;19/08/09;?;0;1;1;1;1;"";"";"ellen";19/08/09;"112938";"";"";?;?;no;no;0;0;0;0;1
40;"SECRETARIA EXECUTIVA";3;"252305";0;02/02/15;02/02/15;02/02/15;?;0;1;1;1;1;"";"";"ellen";02/02/15;"165235";"";"";?;?;no;no;0;0;0;0;1
41;"SOLDADOR";3;"724315";0;19/08/09;19/08/09;19/08/09;?;0;1;1;1;1;"";"";"ellen";19/08/09;"112945";"";"";?;?;no;no;0;0;0;0;1
42;"GERENTE AGRICOLA";3;"141205";0;21/10/21;21/10/21;21/10/21;?;0;1;1;1;1;"";"";"gmoreno";21/10/21;"091818";"";"";?;?;no;no;0;0;0;0;1
43;"TECNICO AGRICOLA";3;"321105";0;19/08/09;19/08/09;19/08/09;?;0;1;1;1;1;"";"";"ellen";19/08/09;"112954";"";"";?;?;no;no;0;0;0;0;1
44;"TECNICO EM SEGURANÇA";3;"351605";0;15/07/16;15/07/16;15/07/16;?;0;1;1;1;1;"";"";"lucimar";15/07/16;"092529";"";"";?;?;no;no;0;0;0;0;1
45;"TOPOGRAFO";3;"312320";0;19/08/09;19/08/09;19/08/09;?;0;1;1;1;1;"";"";"ellen";19/08/09;"113001";"";"";?;?;no;no;0;0;0;0;1
46;"TRATORISTA";3;"641015";0;18/08/22;18/08/22;18/08/22;?;0;1;1;1;1;"";"";"amagro";18/08/22;"111648";"";"";?;?;no;no;0;0;0;0;1
47;"VIGILANTE";3;"517330";0;19/08/09;19/08/09;19/08/09;?;0;1;1;1;1;"";"";"ellen";19/08/09;"113009";"";"";?;?;no;no;0;0;0;0;1
48;"ENCARREGADO DE MÃO-DE-OBRA";3;"620105";0;19/08/09;19/08/09;19/08/09;?;0;1;1;1;1;"";"";"ellen";19/08/09;"113013";"";"";?;?;no;no;0;0;0;0;1
49;"ENCARREGADO  DE TRATOS CULT";3;"620105";0;09/10/19;09/10/19;09/10/19;?;0;1;1;1;1;"";"";"gmoreno";09/10/19;"160754";"";"";?;?;no;no;0;0;0;0;1
50;"SERVENTE DE PEDREIRO";3;"717020";0;10/12/15;10/12/15;10/12/15;?;0;1;1;1;1;"";"";"lucimar";10/12/15;"165714";"";"";?;?;no;no;0;0;0;0;1
51;"AUXILIAR FINANCEIRO";3;"413110";0;19/08/22;19/08/22;19/08/22;?;0;1;1;1;1;"";"";"amagro";19/08/22;"080216";"";"";?;?;no;no;0;0;0;0;1
52;"GERENTE DE RECURSOS HUMANOS";3;"142205";0;10/12/15;10/12/15;10/12/15;?;0;1;1;1;1;"";"";"lucimar";10/12/15;"164137";"";"";?;?;no;no;0;0;0;0;1
53;"DIRETOR ADMINISTRATIVO";3;"123105";0;19/08/09;19/08/09;19/08/09;?;0;1;1;1;1;"";"";"ellen";19/08/09;"113033";"";"";?;?;no;no;0;0;0;0;1
54;"DOMÉSTICA";3;"512110";0;14/07/11;14/07/11;14/07/11;?;0;1;1;1;1;"";"";"LUCIMAR";14/07/11;"095932";"";"";?;?;no;no;0;0;0;0;1
55;"ENCARREGADO DE CORTE";3;"620105";0;19/08/09;19/08/09;19/08/09;?;0;1;1;1;1;"";"";"ellen";19/08/09;"113041";"";"";?;?;no;no;0;0;0;0;1
56;"ENCARREGADO DE CAMPO";3;"620105";0;10/12/15;10/12/15;10/12/15;?;0;1;1;1;1;"";"";"lucimar";10/12/15;"164018";"";"";?;?;no;no;0;0;0;0;1
57;"ENCARREGADO DE SAFRA";3;"620105";0;19/08/09;19/08/09;19/08/09;?;0;1;1;1;1;"";"";"ellen";19/08/09;"113048";"";"";?;?;no;no;0;0;0;0;1
58;"TEC SEGURANÇA E SUPERVISOR R.H";3;"351605";0;19/08/09;19/08/09;19/08/09;?;0;1;1;1;1;"";"";"ellen";19/08/09;"113057";"";"";?;?;no;no;0;0;0;0;1
59;"FISCAL DE SAFRA";3;"622110";0;19/08/09;19/08/09;19/08/09;?;0;1;1;1;1;"";"";"ellen";19/08/09;"113102";"";"";?;?;no;no;0;0;0;0;1
60;"SERVICOS GERAIS";3;"622110";0;27/07/15;27/07/15;27/07/15;?;0;1;1;1;2;"";"";"lucimar";27/07/15;"160717";"";"";?;?;no;no;0;0;0;0;1
61;"SECRETARIA";3;"411005";0;19/08/09;19/08/09;19/08/09;?;0;1;1;1;1;"";"";"ellen";19/08/09;"113110";"";"";?;?;no;no;0;0;0;0;1
62;"GERENTE DE CUSTOS E ORÇAMENTO";3;"142115";0;19/08/09;19/08/09;19/08/09;?;0;1;1;1;1;"";"";"ellen";19/08/09;"113117";"";"";?;?;no;no;0;0;0;0;1
63;"RECEPCIONISTA";3;"422105";0;19/08/09;19/08/09;19/08/09;?;0;1;1;1;1;"";"";"ellen";19/08/09;"113122";"";"";?;?;no;no;0;0;0;0;1
64;"OPERADOR DE MOTO-BOMBA";3;"641010";0;18/08/22;18/08/22;18/08/22;?;0;1;1;1;2;"";"";"amagro";18/08/22;"112601";"";"";?;?;no;no;0;0;0;0;1
65;"MOTORISTA";3;"782305";0;25/06/08;25/06/08;25/06/08;?;0;1;1;1;1;"";"";"cleo";25/06/08;"172732";"";"";?;?;no;no;0;0;0;0;1
66;"AUXILIAR TECNICO";3;"321105";0;27/06/08;27/06/08;27/06/08;?;0;1;1;1;2;"";"";"ellen";27/06/08;"081600";"";"";?;?;no;no;0;0;0;0;1
67;"ASSISTENTE FINANCEIRO";3;"413110";0;19/08/22;19/08/22;19/08/22;?;0;1;1;1;1;"";"";"amagro";19/08/22;"142838";"";"";?;?;no;no;0;0;0;0;1
68;"TECNICO EM INFORMATICA";3;"313220";0;27/08/08;27/08/08;27/08/08;?;0;1;1;1;1;"";"";"CLEO";27/08/08;"092845";"";"";?;?;no;no;0;0;0;0;1
69;"GERENTE FINANCEIRO";3;"142115";0;02/09/08;02/09/08;02/09/08;?;0;1;1;1;1;"";"";"cleo";02/09/08;"133119";"";"";?;?;no;no;0;0;0;0;1
70;"SUPERVISORA FINANCEIRA";3;"410235";0;18/08/22;18/08/22;18/08/22;?;0;1;1;1;1;"";"";"amagro";18/08/22;"112952";"";"";?;?;no;no;0;0;0;0;1
71;"AJ. GERAL/ABASTECIMENTO";3;"622110";0;28/09/10;28/09/10;28/09/10;?;0;1;1;1;2;"";"";"ELLEN";28/09/10;"151638";"";"";?;?;no;no;0;0;0;0;1
72;"AJ. GERAL/IRRIGACAO";3;"643015";0;18/08/22;18/08/22;18/08/22;?;0;1;1;1;2;"";"";"amagro";18/08/22;"114014";"";"";?;?;no;no;0;0;0;0;1
73;"GERENTE OFICINA";3;"141420";0;18/08/22;18/08/22;18/08/22;?;0;1;1;1;2;"";"";"amagro";18/08/22;"114124";"";"";?;?;no;no;0;0;0;0;1
74;"ENGENHEIRA CIVIL";3;"214205";0;01/10/08;01/10/08;01/10/08;?;0;1;1;1;1;"";"";"cleo";01/10/08;"085153";"";"";?;?;no;no;0;0;0;0;1
75;"FISCAL DE CAMPO (SAFRA)";3;"414210";0;02/06/10;02/06/10;02/06/10;?;0;1;1;1;2;"";"";"ELLEN";02/06/10;"094905";"";"";?;?;no;no;0;0;0;0;1
76;"ENCARREGADO DE OBRAS";3;"710205";0;16/10/08;16/10/08;16/10/08;?;0;1;1;1;3;"";"";"cleo";16/10/08;"081016";"";"";?;?;no;no;0;0;0;0;1
77;"PEDREIRO";3;"715210";0;25/05/15;25/05/15;25/05/15;?;0;1;1;1;3;"";"";"lucimar";25/05/15;"105021";"";"";?;?;no;no;0;0;0;0;1
78;"VIGIA";3;"517420";0;06/03/09;06/03/09;06/03/09;?;0;1;1;1;1;"";"";"ellen";06/03/09;"115149";"";"";?;?;no;no;0;0;0;0;1
79;"COZINHEIRO (DOMESTICO)";3;"512105";0;07/04/09;07/04/09;07/04/09;?;0;1;1;1;1;"";"";"VAL";07/04/09;"100230";"";"";?;?;no;no;0;0;0;0;1
80;"OPERADOR DE COLHEITADEIRA";3;"641005";0;30/04/09;30/04/09;30/04/09;?;0;1;1;1;2;"";"";"ellen";30/04/09;"083811";"";"";?;?;no;no;0;0;0;0;1
81;"ENGENHEIRO AGRONOMO TRAINEE";3;"222110";0;29/04/09;29/04/09;29/04/09;?;0;1;1;1;2;"";"";"ellen";29/04/09;"171427";"";"";?;?;no;no;0;0;0;0;1
82;"SUPERVISORA DE CONTABILIDADE";3;"410105";0;18/08/22;18/08/22;18/08/22;?;0;1;1;1;1;"";"";"amagro";18/08/22;"114217";"";"";?;?;no;no;0;0;0;0;1
83;"ASSISTENTE DE RH";3;"411030";0;26/01/16;26/01/16;26/01/16;?;0;1;1;1;1;"";"";"dani";26/01/16;"151403";"";"";?;?;no;no;0;0;0;0;1
84;"OPERADOR DE COLHEDORA";3;"641005";0;19/08/22;19/08/22;19/08/22;?;0;1;1;1;2;"";"";"amagro";19/08/22;"093542";"";"";?;?;no;no;0;0;0;0;1
85;"TECNICO DE SEGURANÇA TRAINNE";3;"351605";0;07/07/09;07/07/09;07/07/09;?;0;1;1;1;1;"";"";"ellen";07/07/09;"180827";"";"";?;?;no;no;0;0;0;0;1
86;"LIDER DE COLHEDORA";3;"620105";0;01/10/09;01/10/09;01/10/09;?;0;1;1;1;1;"";"";"val";01/10/09;"084835";"";"";?;?;no;no;0;0;0;0;1
87;"MOTORISTA CANAVIEIRO";3;"782510";0;10/12/15;10/12/15;10/12/15;?;0;1;1;1;2;"";"";"lucimar";10/12/15;"164939";"";"";?;?;no;no;0;0;0;0;1
88;"ASSESSORA DA DIRETORIA";3;"252305";0;30/12/09;30/12/09;30/12/09;?;0;1;1;1;1;"";"";"lucimar";30/12/09;"174259";"";"";?;?;no;no;0;0;0;0;1
89;"ESTAGIARIO";3;"411005";0;12/01/10;12/01/10;12/01/10;?;0;1;1;1;3;"";"";"lucimar";12/01/10;"163444";"";"";?;?;no;no;0;0;0;0;1
90;"FISCAL DE PONTO ELETRONICO";3;"414210";0;16/04/10;16/04/10;16/04/10;?;0;1;1;1;2;"";"";"lucimar";16/04/10;"083742";"";"";?;?;no;no;0;0;0;0;1
91;"SUPERVISOR DE TRATOS CULTURAIS";3;"620105";0;02/06/10;02/06/10;02/06/10;?;0;1;1;1;2;"";"";"ELLEN";02/06/10;"093046";"";"";?;?;no;no;0;0;0;0;1
92;"SUPERVISOR DE MÃO DE OBRA";3;"620105";0;02/06/10;02/06/10;02/06/10;?;0;1;1;1;2;"";"";"ELLEN";02/06/10;"093727";"";"";?;?;no;no;0;0;0;0;1
93;"FISCAL DE TRATOS CULTURAIS";3;"620105";0;02/06/10;02/06/10;02/06/10;?;0;1;1;1;2;"";"";"ELLEN";02/06/10;"094456";"";"";?;?;no;no;0;0;0;0;1
94;"AJUDANTE DE ALMOXARIFADO";3;"414105";0;09/06/10;09/06/10;09/06/10;?;0;1;1;1;1;"";"";"lucimar";09/06/10;"080443";"";"";?;?;no;no;0;0;0;0;1
95;"AJ. GERAL/OFICINA";3;"622110";0;28/09/10;28/09/10;28/09/10;?;0;1;1;1;2;"";"";"ELLEN";28/09/10;"150720";"";"";?;?;no;no;0;0;0;0;1
96;"AJUDANTE GERAL";3;"622110";0;29/10/15;29/10/15;29/10/15;?;0;1;1;1;2;"";"";"lucimar";29/10/15;"085221";"";"";?;?;no;no;0;0;0;0;1
97;"AJ. GERAL/QUEIMA";3;"622110";0;11/08/10;11/08/10;11/08/10;?;0;1;1;1;2;"";"";"lucimar";11/08/10;"093451";"";"";?;?;no;no;0;0;0;0;1
98;"AJ. GERAL/CONTROLE DE PRAGAS";3;"622110";0;11/08/10;11/08/10;11/08/10;?;0;1;1;1;2;"";"";"lucimar";11/08/10;"094129";"";"";?;?;no;no;0;0;0;0;1
99;"AJ. GERAL/COMBOIO";3;"622110";0;29/09/10;29/09/10;29/09/10;?;0;1;1;1;2;"";"";"ELLEN";29/09/10;"140539";"";"";?;?;no;no;0;0;0;0;1
100;"ENCARREGADO DE TRANSPORTE";3;"620105";0;19/11/10;19/11/10;19/11/10;?;0;1;1;1;2;"";"";"fabiano";19/11/10;"153838";"";"";?;?;no;no;0;0;0;0;1
101;"ENCARREGADO DE COLHEDORA";3;"620105";0;05/04/11;05/04/11;05/04/11;?;0;1;1;1;1;"";"";"lucimar";05/04/11;"144158";"";"";?;?;no;no;0;0;0;0;1
102;"GERENTE REC MANUT E CONTROL";3;"142705";0;09/10/19;09/10/19;09/10/19;?;0;1;1;1;1;"";"";"gmoreno";09/10/19;"163209";"";"";?;?;no;no;0;0;0;0;1
103;"SERVIÇOS GERAIS - DOMESTICOS";3;"512105";0;14/07/11;14/07/11;14/07/11;?;0;1;1;1;1;"";"";"LUCIMAR";14/07/11;"100025";"";"";?;?;no;no;0;0;0;0;1
104;"SUPERVISOR RH";3;"410105";0;18/08/22;18/08/22;18/08/22;?;0;1;1;1;1;"";"";"amagro";18/08/22;"134643";"";"";?;?;no;no;0;0;0;0;1
105;"SUPERVISOR DE DEPTO PESSOAL";3;"410105";0;01/04/19;01/04/19;01/04/19;?;0;1;1;1;1;"";"";"msantos";01/04/19;"121109";"";"";?;?;no;no;0;0;0;0;1
106;"CONTROL MANUT E COMBUSTIVEL";3;"391215";0;09/10/19;09/10/19;09/10/19;?;0;1;1;1;1;"Controle de Manutenção e controle de combustiveis.";"";"gmoreno";09/10/19;"160902";"";"";?;?;no;no;0;0;0;0;1
107;"SOLDADOR MIG";3;"724315";0;31/01/12;31/01/12;31/01/12;?;0;1;1;1;3;"";"";"FABIANO";31/01/12;"141114";"";"";?;?;no;no;0;0;0;0;1
108;"AJUDANTE DE MECÂNICO";3;"913115";0;08/05/12;08/05/12;08/05/12;?;0;1;1;1;1;"";"";"LUCIMAR";08/05/12;"131420";"";"";?;?;no;no;0;0;0;0;1
109;"SUPERVISOR DE COMPRAS E ALMOX";3;"354210";0;09/10/19;09/10/19;09/10/19;?;0;1;1;1;1;"";"";"gmoreno";09/10/19;"160915";"";"";?;?;no;no;0;0;0;0;1
110;"AUXILIAR DE ABASTECIMENTO";3;"521135";0;01/06/12;01/06/12;01/06/12;?;0;1;1;1;3;"";"";"ELLEN";01/06/12;"082047";"";"";?;?;no;no;0;0;0;0;1
111;"AUXILIAR DE COMBOIO";3;"919110";0;09/10/19;09/10/19;09/10/19;?;0;1;1;1;3;"";"";"gmoreno";09/10/19;"160926";"";"";?;?;no;no;0;0;0;0;1
112;"AUXILIAR DE MECANICO";3;"913115";0;09/10/19;09/10/19;09/10/19;?;0;1;1;1;3;"";"";"gmoreno";09/10/19;"160933";"";"";?;?;no;no;0;0;0;0;1
113;"AUXILIAR DE COMPRAS";3;"411010";0;18/08/22;18/08/22;18/08/22;?;0;1;1;1;1;"";"";"amagro";18/08/22;"134724";"";"";?;?;no;no;0;0;0;0;1
114;"SUPERVISOR FUNILARIA";3;"910205";0;18/08/22;18/08/22;18/08/22;?;0;1;1;1;102;"";"";"gmoreno";18/08/22;"144919";"";"";?;?;no;no;0;0;0;0;1
115;"AUXILIAR DE SOLDADOR";3;"724315";0;09/10/19;09/10/19;09/10/19;?;0;1;1;1;3;"";"";"gmoreno";09/10/19;"160940";"";"";?;?;no;no;0;0;0;0;1
116;"MOTORISTA OFICINA";3;"782510";0;05/12/18;05/12/18;05/12/18;?;0;1;1;1;1;"TRANSPORTE DE PEÇAS, FERRAMENTAS E TUDO QUE DIZ RESPEITO A OFICINA MECÂNICA.";"";"msantos";05/12/18;"115140";"";"";?;?;no;no;0;0;0;0;1
117;"TRATORISTA TRAINEE";3;"641015";0;23/04/13;23/04/13;23/04/13;?;0;1;1;1;2;"";"";"LUCIMAR";23/04/13;"083208";"";"";?;?;no;no;0;0;0;0;1
118;"OPERADOR DE COLHEDORA TRAINEE";3;"641005";0;10/12/15;10/12/15;10/12/15;?;0;1;1;1;2;"";"";"lucimar";10/12/15;"165406";"";"";?;?;no;no;0;0;0;0;1
119;"MECÂNICO TRAINNE";3;"913115";0;29/05/13;29/05/13;29/05/13;?;0;1;1;1;1;"";"";"LUCIMAR";29/05/13;"094357";"";"";?;?;no;no;0;0;0;0;1
120;"SUPERVISOR AGRICOLA";3;"620105";0;10/12/15;10/12/15;10/12/15;?;0;1;1;1;2;"";"";"lucimar";10/12/15;"165848";"";"";?;?;no;no;0;0;0;0;1
121;"LIDER AGRICOLA JR";3;"620105";0;02/04/19;02/04/19;02/04/19;?;0;1;1;1;1;"";"";"msantos";02/04/19;"195544";"";"";?;?;no;no;0;0;0;0;1
122;"LIDER AGRICOLA PL";3;"620105";0;01/04/19;01/04/19;01/04/19;?;0;1;1;1;1;"";"";"msantos";01/04/19;"100821";"";"";?;?;no;no;0;0;0;0;1
123;"FISCAL DE PRODUÇÃO II";3;"620105";0;19/08/22;19/08/22;19/08/22;?;0;1;1;1;1;"";"";"amagro";19/08/22;"144129";"";"";?;?;no;no;0;0;0;0;1
124;"FISCAL DE PRODUÇÃO I";3;"620105";0;19/08/22;19/08/22;19/08/22;?;0;1;1;1;1;"";"";"amagro";19/08/22;"144133";"";"";?;?;no;no;0;0;0;0;1
125;"GERENTE FINANCEIRO I";3;"142115";0;06/06/13;06/06/13;06/06/13;?;0;1;1;1;1;"";"";"ELLEN";06/06/13;"064523";"";"";?;?;no;no;0;0;0;0;1
126;"GERENTE FINANCEIRO II";3;"142115";0;10/12/15;10/12/15;10/12/15;?;0;1;1;1;1;"";"";"lucimar";10/12/15;"164222";"";"";?;?;no;no;0;0;0;0;1
127;"CAMPEIRO";3;"623015";0;10/12/15;10/12/15;10/12/15;?;0;1;1;1;2;"";"";"lucimar";10/12/15;"163441";"";"";?;?;no;no;0;0;0;0;1
128;"COORDENADOR DE MANUT MECANICA";3;"910105";0;09/10/19;09/10/19;09/10/19;?;0;1;1;1;102;"";"";"gmoreno";09/10/19;"163230";"";"";?;?;no;no;0;0;0;0;1
129;"ASSISTENTE CONTROLE DE QUALIDA";3;"391215";0;03/07/15;03/07/15;03/07/15;?;0;1;1;1;1;"";"";"lucimar";03/07/15;"154358";"";"";?;?;no;no;0;0;0;0;1
130;"AUXILIAR DE CONTROLE AUTOMOTIV";3;"391215";0;09/10/19;09/10/19;09/10/19;?;0;1;1;1;3;"";"";"gmoreno";09/10/19;"161004";"";"";?;?;no;no;0;0;0;0;1
131;"ASSISTENTE DE RH";3;"411030";0;08/04/14;08/04/14;08/04/14;?;0;1;1;1;1;"";"";"LUCIMAR";08/04/14;"071909";"";"";?;?;no;no;0;0;0;0;1
132;"DOMADOR DE CAVALOS";3;"623005";0;14/04/14;14/04/14;14/04/14;?;0;1;1;1;2;"";"";"LUCIMAR";14/04/14;"101820";"";"";?;?;no;no;0;0;0;0;1
133;"COORDENADOR AGRICOLA";3;"620105";0;19/08/22;19/08/22;19/08/22;?;0;1;1;1;2;"";"";"amagro";19/08/22;"095151";"";"";?;?;no;no;0;0;0;0;1
134;"ELETRICISTA JR";3;"715615";0;01/04/19;01/04/19;01/04/19;?;0;1;1;1;3;"";"";"msantos";01/04/19;"102901";"";"";?;?;no;no;0;0;0;0;1
135;"ELETRICISTA SR";3;"715615";0;19/08/22;19/08/22;19/08/22;?;0;1;1;1;3;"";"";"amagro";19/08/22;"143841";"";"";?;?;no;no;0;0;0;0;1
136;"ELETRICISTA PL";3;"715615";0;01/04/19;01/04/19;01/04/19;?;0;1;1;1;3;"";"";"msantos";01/04/19;"102843";"";"";?;?;no;no;0;0;0;0;1
137;"MECANICO JR";3;"913115";0;01/04/19;01/04/19;01/04/19;?;0;1;1;1;3;"";"";"msantos";01/04/19;"102300";"";"";?;?;no;no;0;0;0;0;1
138;"MECANICO SR I";3;"913115";0;01/04/19;01/04/19;01/04/19;?;0;1;1;1;3;"";"";"msantos";01/04/19;"102429";"";"";?;?;no;no;0;0;0;0;1
139;"MECANICO PL";3;"913115";0;01/04/19;01/04/19;01/04/19;?;0;1;1;1;3;"";"";"msantos";01/04/19;"102251";"";"";?;?;no;no;0;0;0;0;1
140;"SOLDADOR JUNIOR";3;"724315";0;10/12/15;10/12/15;10/12/15;?;0;1;1;1;3;"";"";"lucimar";10/12/15;"165814";"";"";?;?;no;no;0;0;0;0;1
141;"SOLDADOR PLENO";3;"724315";0;30/05/14;30/05/14;30/05/14;?;0;1;1;1;3;"";"";"ELLEN";30/05/14;"141132";"";"";?;?;no;no;0;0;0;0;1
142;"SOLDADOR SENIOR";3;"724315";0;30/05/14;30/05/14;30/05/14;?;0;1;1;1;3;"";"";"ELLEN";30/05/14;"141151";"";"";?;?;no;no;0;0;0;0;1
143;"ASSISTENTE DE ALMOXARIFADO";3;"414105";0;10/12/15;10/12/15;10/12/15;?;0;1;1;1;1;"";"";"lucimar";10/12/15;"162445";"";"";?;?;no;no;0;0;0;0;1
144;"AUXILIAR CONTROLE DE QUALIDA";3;"391215";0;04/07/14;04/07/14;04/07/14;?;0;1;1;1;1;"";"";"LUCIMAR";04/07/14;"074223";"";"";?;?;no;no;0;0;0;0;1
145;"ANALISTA DE LABORATORIO JUNIOR";3;"311105";0;10/12/15;10/12/15;10/12/15;?;0;1;1;1;3;"";"";"lucimar";10/12/15;"161709";"";"";?;?;no;no;0;0;0;0;1
146;"LIDER DE DESENVOLVIMENTO AGRIC";3;"620105";0;08/08/14;08/08/14;08/08/14;?;0;1;1;1;1;"";"";"LUCIMAR";08/08/14;"151411";"";"";?;?;no;no;0;0;0;0;1
147;"AJUDANTE GERAL/PULVERIZAÇÃO";3;"622110";0;15/08/14;15/08/14;15/08/14;?;0;1;1;1;2;"";"";"LUCIMAR";15/08/14;"142028";"";"";?;?;no;no;0;0;0;0;1
148;"ANALISTA COMPRAS";3;"354205";0;18/08/22;18/08/22;18/08/22;?;0;1;1;1;1;"";"";"gmoreno";18/08/22;"143624";"";"";?;?;no;no;0;0;0;0;1
149;"GERENTE MANUTENÇÃO AUTOMOTIVA";3;"910105";0;10/12/15;10/12/15;10/12/15;?;0;1;1;1;2;"";"";"lucimar";10/12/15;"164321";"";"";?;?;no;no;0;0;0;0;1
150;"PORTEIRO";3;"517410";0;10/12/15;10/12/15;10/12/15;?;0;1;1;1;3;"";"";"lucimar";10/12/15;"165506";"";"";?;?;no;no;0;0;0;0;1
151;"OFFICE BOY";3;"412205";0;10/12/15;10/12/15;10/12/15;?;0;1;1;1;1;"";"";"lucimar";10/12/15;"165313";"";"";?;?;no;no;0;0;0;0;1
152;"BORRACHEIRO JR";3;"992115";0;01/04/19;01/04/19;01/04/19;?;0;1;1;1;1;"";"";"msantos";01/04/19;"122127";"";"";?;?;no;no;0;0;0;0;1
153;"ANALISTA DE RH";3;"252405";0;03/03/23;03/03/23;03/03/23;?;0;1;1;1;1;"";"";"amagro";03/03/23;"141023";"";"";?;?;no;no;0;0;0;0;1
154;"SUPERVISOR ADMINISTRATIVO";3;"410105";0;10/12/15;10/12/15;10/12/15;?;0;1;1;1;1;"";"";"lucimar";10/12/15;"170218";"";"";?;?;no;no;0;0;0;0;1
155;"AUXILIAR DE MANUTENÇÃO";3;"521135";0;18/08/22;18/08/22;18/08/22;?;0;1;1;1;3;"";"";"amagro";18/08/22;"135249";"";"";?;?;no;no;0;0;0;0;1
156;"AUXILIAR AGRICOLA";3;"622110";0;28/02/23;28/02/23;28/02/23;?;0;1;1;1;2;"";"";"amagro";28/02/23;"081824";"";"";?;?;no;no;0;0;0;0;1
157;"MOTORISTA DE CAMINHÃO PIPA";3;"782510";0;03/09/15;03/09/15;03/09/15;?;0;1;1;1;3;"";"";"fabiano";03/09/15;"195121";"";"";?;?;no;no;0;0;0;0;1
158;"MOTORISTA DE CAMINHÃO COMBOIO";3;"782510";0;03/09/15;03/09/15;03/09/15;?;0;1;1;1;1;"";"";"fabiano";03/09/15;"195406";"";"";?;?;no;no;0;0;0;0;1
159;"SUPERVISOR DESENV. AGRICOLA";3;"620105";0;19/11/15;19/11/15;19/11/15;?;0;1;1;1;2;"";"";"lucimar";19/11/15;"151421";"";"";?;?;no;no;0;0;0;0;1
160;"BABÁ";3;"516205";0;27/11/15;27/11/15;27/11/15;?;0;1;1;1;1;"";"";"dani";27/11/15;"093745";"";"";?;?;no;no;0;0;0;0;1
161;"CALDEIREIRO";3;"724410";0;15/01/16;15/01/16;15/01/16;?;0;1;1;1;3;"";"";"lucimar";15/01/16;"110249";"";"";?;?;no;no;0;0;0;0;1
162;"ENGENHEIRO AGRONOMO JUNIOR";3;"222110";0;29/02/16;29/02/16;29/02/16;?;0;1;1;1;2;"";"";"lucimar";29/02/16;"113657";"";"";?;?;no;no;0;0;0;0;1
163;"LIDER AGRICOLA";3;"620105";0;29/02/16;29/02/16;29/02/16;?;0;1;1;1;1;"";"";"lucimar";29/02/16;"165311";"";"";?;?;no;no;0;0;0;0;1
164;"JOVEM APRENDIZ";3;"411005";0;04/03/16;04/03/16;04/03/16;?;0;1;1;1;3;"";"";"dani";04/03/16;"093845";"";"";?;?;no;no;0;0;0;0;1
165;"FAXINEIRA";3;"512105";0;17/03/16;17/03/16;17/03/16;?;0;1;1;1;3;"";"";"lucimar";17/03/16;"094750";"";"";?;?;no;no;0;0;0;0;1
166;"FISCAL DE LABORATORIO PCTS";3;"311105";0;02/04/16;02/04/16;02/04/16;?;0;1;1;1;3;"";"";"val";02/04/16;"150202";"";"";?;?;no;no;0;0;0;0;1
167;"MECANICO ESPECIALISTA";3;"913115";0;02/04/16;02/04/16;02/04/16;?;0;1;1;1;3;"";"";"val";02/04/16;"150903";"";"";?;?;no;no;0;0;0;0;1
168;"LIDER AGRICOLA SR";3;"620105";0;01/04/19;01/04/19;01/04/19;?;0;1;1;1;1;"";"";"msantos";01/04/19;"122324";"";"";?;?;no;no;0;0;0;0;1
169;"ANALISTA DE PCM";3;"391145";0;19/10/21;19/10/21;19/10/21;?;0;1;1;1;102;"";"";"gmoreno";19/10/21;"113848";"";"";?;?;no;no;0;0;0;0;1
170;"ANALISTA COMPRAS PL";3;"354205";0;18/08/22;18/08/22;18/08/22;?;0;1;1;1;1;"";"";"gmoreno";18/08/22;"143859";"";"";?;?;no;no;0;0;0;0;1
171;"ASSISTENTE ADMINISTRATIVO PL";3;"411010";0;03/09/16;03/09/16;03/09/16;?;0;1;1;1;1;"";"";"lucimar";03/09/16;"100339";"";"";?;?;no;no;0;0;0;0;1
172;"MONITOR DE QUALIDADE";3;"391215";0;21/09/16;21/09/16;21/09/16;?;0;1;1;1;1;"";"";"lucimar";21/09/16;"171844";"";"";?;?;no;no;0;0;0;0;1
173;"INSTRUTOR DE QUALIDADE";3;"391205";0;04/10/16;04/10/16;04/10/16;?;0;1;1;1;2;"";"";"lucimar";04/10/16;"142120";"";"";?;?;no;no;0;0;0;0;1
174;"MULTIPLICADOR AGRICOLA";3;"620105";0;05/10/16;05/10/16;05/10/16;?;0;1;1;1;2;"";"";"lucimar";05/10/16;"162904";"";"";?;?;no;no;0;0;0;0;1
175;"GERENTE TI";3;"142510";0;25/10/16;25/10/16;25/10/16;?;0;1;1;1;1;"";"";"ellen";25/10/16;"165722";"";"";?;?;no;no;0;0;0;0;1
176;"ASSISTENTE TÉCNICO AGRICOLA";3;"321105";0;04/11/16;04/11/16;04/11/16;?;0;1;1;1;2;"";"";"lucimar";04/11/16;"152646";"";"";?;?;no;no;0;0;0;0;1
177;"AUXILIAR PCM";3;"411005";0;25/03/22;25/03/22;25/03/22;?;0;1;1;1;102;"";"";"gmoreno";25/03/22;"101037";"";"";?;?;no;no;0;0;0;0;1
178;"ANALISTA FISCAL";3;"413110";0;19/08/22;19/08/22;19/08/22;?;0;1;1;1;1;"";"";"amagro";19/08/22;"095507";"";"";?;?;no;no;0;0;0;0;1
179;"ASSISTENTE FINANCEIRO JR";3;"413110";0;19/08/22;19/08/22;19/08/22;?;0;1;1;1;1;"";"";"amagro";19/08/22;"095511";"";"";?;?;no;no;0;0;0;0;1
180;"SUPERVISOR FINANCEIRO JUNIOR";3;"410235";0;19/08/22;19/08/22;19/08/22;?;0;1;1;1;1;"";"";"amagro";19/08/22;"100515";"";"";?;?;no;no;0;0;0;0;1
181;"SUPERVISOR ALMOXARIFADO JR";3;"410205";0;19/08/22;19/08/22;19/08/22;?;0;1;1;1;1;"";"";"amagro";19/08/22;"093112";"";"";?;?;no;no;0;0;0;0;1
182;"SUPERVISOR AGRICOLA PLENO II";3;"620105";0;18/08/22;18/08/22;18/08/22;?;0;1;1;1;1;"";"";"amagro";18/08/22;"135558";"";"";?;?;no;no;0;0;0;0;1
183;"SUPERVISOR COMPRAS JR";3;"354210";0;18/08/22;18/08/22;18/08/22;?;0;1;1;1;1;"";"";"amagro";18/08/22;"135623";"";"";?;?;no;no;0;0;0;0;1
184;"SUPERVISOR DESENV AGRIC JR";3;"620105";0;09/10/19;09/10/19;09/10/19;?;0;1;1;1;1;"";"";"gmoreno";09/10/19;"161152";"";"";?;?;no;no;0;0;0;0;1
185;"SUPERVISOR DESENV AGRIC PLENO";3;"620105";0;09/10/19;09/10/19;09/10/19;?;0;1;1;1;1;"";"";"gmoreno";09/10/19;"161227";"";"";?;?;no;no;0;0;0;0;1
186;"SUPERVISOR AGRICOLA SR";3;"620105";0;09/10/19;09/10/19;09/10/19;?;0;1;1;1;1;"";"";"gmoreno";09/10/19;"161237";"";"";?;?;no;no;0;0;0;0;1
188;"ANALISTA RH PLENO I";3;"252405";0;06/04/17;06/04/17;06/04/17;?;0;1;1;1;1;"";"";"super";06/04/17;"130337";"";"";?;?;no;no;0;0;0;0;1
189;"LIDER AGRICOLA PLENO II";3;"620105";0;12/04/17;12/04/17;12/04/17;?;0;1;1;1;1;"";"";"lucimar";12/04/17;"094342";"";"";?;?;no;no;0;0;0;0;1
190;"OPERADOR DE MAQ. AGRICOLA JR";3;"641015";0;15/03/18;15/03/18;15/03/18;?;0;1;1;1;2;"";"";"super";21/06/18;"172747";"";"";?;?;no;no;0;0;0;0;1
191;"LIDER MANUT. AUTOMOTIVA";3;"911305";0;05/05/17;05/05/17;05/05/17;?;0;1;1;1;2;"";"";"super";05/05/17;"083100";"";"";?;?;no;no;0;0;0;0;1
192;"OP. MAQ. AGRICOLA PL";3;"641005";0;20/03/23;20/03/23;20/03/23;?;0;1;1;1;2;"";"";"gmoreno";20/03/23;"103017";"";"";?;?;no;no;0;0;0;0;1
193;"OPERADOR DE MAQ. AGRICOLA SR";3;"641015";0;15/03/18;15/03/18;15/03/18;?;0;1;1;1;2;"";"";"super";21/06/18;"172747";"";"";?;?;no;no;0;0;0;0;1
194;"ASSISTENTE DE COMPRAS";3;"411010";0;18/08/22;18/08/22;18/08/22;?;0;1;1;1;1;"";"";"amagro";18/08/22;"135651";"";"";?;?;no;no;0;0;0;0;1
195;"ANALISTA DE SUPORTE TÉCNICO";3;"212420";0;11/10/17;11/10/17;11/10/17;?;0;1;1;1;1;"";"Exercem suas atividades em qualquer setor da atividade econômica, tais como a indústria, o comércio, os serviços, a agropecuária ou a administração pública. Podem trabalhar em empresas públicas ou privadas, em geral de médio e grande portes. Seu trabalho se desenvolve, majoritariamente em equipe, de forma cooperativa, com supervisão ocasional. Não há predominância de um tipo de vínculo de trabalho: os profissionais podem ser assalariados ou trabalhador por conta-própria e trabalham em período diurno. Formação e experiência. Para o exercício profissional dessas ocupações, requer-se curso superior completo, em nível de bacharelado ou tecnologia. Podem, também, obter formação específica por meio de cursos de qualificação, com carga horária entre duzentas e quatrocentas horas. A experiência profissional prévia requerida dos titulares para o exercício pleno das atividades é de um a dois anos, incluindo o tempo de estágio. Em função da inovação tecnológica, a permanência no mercado de trabalho requer atualização contínua dos profissionais.";"totvs";08/08/23;"120634";"";"";?;?;no;no;0;0;0;0;1
196;"COORDENADOR ADMINISTRATIVO";3;"410105";0;09/10/19;09/10/19;09/10/19;?;0;1;1;1;1;"";"";"gmoreno";09/10/19;"161254";"";"";?;?;no;no;0;0;0;0;1
197;"SUPERVISOR MANUTENCAO MECANICA";3;"910105";0;15/12/17;15/12/17;15/12/17;?;0;1;1;1;3;"SUPERVISORES EM SERVIÇOS DE REPARAÇÃO E MANUTENÇÃO MECÂNICA Supervisores em serviços de reparação e manutenção de máquinas e equipamentos industriais, comerciais e residenciais";"SUPERVISORES EM SERVIÇOS DE REPARAÇÃO E MANUTENÇÃO MECÂNICA Supervisores em serviços de reparação e manutenção de máquinas e equipamentos industriais, comerciais e residenciais";"totvs";08/08/23;"121751";"";"";?;?;no;no;0;0;0;0;1
198;"GERENTE DE PLANEJ. AGRICOLA";3;"141115";0;24/01/18;24/01/18;24/01/18;?;0;1;1;1;1;"";"";"fabiano";24/01/18;"105356";"";"";?;?;no;no;0;0;0;0;1
199;"COORDENADOR DE RH";3;"142205";0;07/02/18;07/02/18;07/02/18;?;0;1;1;1;1;"Gerenciam atividades de departamentos ou serviços de pessoal, recrutamento eseleção, cargos e salários, benefícios, treinamento e desenvolvimento, liderando efacilitando o desenvolvimento do trabalho das equipes. assessoram diretoria e se tores da empresa em atividades como planejamento, contratações, negociações derelações humanas e do trabalho. atuam em eventos corporativos e da comunidade,representando a empresa.";"Gerenciam atividades de departamentos ou serviços de pessoal, recrutamento eseleção, cargos e salários, benefícios, treinamento e desenvolvimento, liderando efacilitando o desenvolvimento do trabalho das equipes. assessoram diretoria e se tores da empresa em atividades como planejamento, contratações, negociações derelações humanas e do trabalho. atuam em eventos corporativos e da comunidade,representando a empresa. Apoio a equipe de Departameto Pessoal e folha de pagamento.";"totvs";08/08/23;"120709";"";"";?;?;no;no;0;0;0;0;1
200;"ADESTRADOR DE CAVALO";3;"623005";0;09/02/18;09/02/18;09/02/18;?;0;1;1;1;3;"Trabalham em pequenas e médias propriedades rurais, fundações, canis e haras, predo minantemente do setor privado, como assalariado, com carteira assinada. há, também,trabalhadores por conta própria, como os inseminadores e adestradores de animais.organizam-se individualmente ou em equipe, sob supervisão ocasional de trabalhadoresmais experientes.trabalham a céu aberto, durante o dia, sujeitos a posições desconfortá veis e expostos a ruídos e ataques de animais. ";"Manejam, alimentam e monitoram a saúde e o comportamento de animais da pecuária.condicionam e adestram animais. sob orientação de veterinários e técnicos, tratam sani dade de animais, manipulando e aplicando medicamentos e vacinas, higienizam animaise recintos; aplicam técnicas de inseminação e castração. realizam atividades de apoio,assessorando em intervenções cirúrgicas, exames clínicos e radiológicos, pesquisas, ne cropsias e sacrifícios de animais.";"fabiano";09/02/18;"162934";"";"";?;?;no;no;0;0;0;0;1
201;"PRO LABORE";3;"121010";0;16/02/18;16/02/18;16/02/18;?;0;1;1;1;1;"Trabalham em pequenas e médias propriedades rurais, fundações, canis e haras, predo minantemente do setor privado, como assalariado, com carteira assinada. há, também,trabalhadores por conta própria, como os inseminadores e adestradores de animais.organizam-se individualmente ou em equipe, sob supervisão ocasional de trabalhadoresmais experientes.trabalham a céu aberto, durante o dia, sujeitos a posições desconfortá veis e expostos a ruídos e ataques de animais. ";"Manejam, alimentam e monitoram a saúde e o comportamento de animais da pecuária.condicionam e adestram animais. sob orientação de veterinários e técnicos, tratam sani dade de animais, manipulando e aplicando medicamentos e vacinas, higienizam animaise recintos; aplicam técnicas de inseminação e castração. realizam atividades de apoio,assessorando em intervenções cirúrgicas, exames clínicos e radiológicos, pesquisas, ne cropsias e sacrifícios de animais.";"super";16/02/18;"175501";"";"";?;?;no;no;0;0;0;0;1
202;"ASSISTENTE DE PLAN. E CUSTO";3;"411010";0;05/04/18;05/04/18;05/04/18;?;0;1;1;1;1;"";"";"super";05/04/18;"163136";"";"";?;?;no;no;0;0;0;0;1
203;"AUXILIAR CONTROLE AGRICOLA";3;"411005";0;25/03/22;25/03/22;25/03/22;?;0;1;1;1;3;"";"";"gmoreno";25/03/22;"100927";"";"";?;?;no;no;0;0;0;0;1
204;"SUPERVISOR DE PCM";3;"910105";0;06/04/18;06/04/18;06/04/18;?;0;1;1;1;2;"";"";"super";06/04/18;"104914";"";"";?;?;no;no;0;0;0;0;1
205;"SUPERVISOR DE COMPRA";3;"354210";0;18/08/22;18/08/22;18/08/22;?;0;1;1;1;1;"";"";"amagro";18/08/22;"140151";"";"";?;?;no;no;0;0;0;0;1
206;"SUPERVISOR AGRICOLA PL";3;"620105";0;06/04/18;06/04/18;06/04/18;?;0;1;1;1;2;"";"";"super";06/04/18;"110055";"";"";?;?;no;no;0;0;0;0;1
207;"ANALISTA CONTROLE AGRICOLA JR";3;"411010";0;19/08/22;19/08/22;19/08/22;?;0;1;1;1;102;"";"";"amagro";19/08/22;"142512";"";"";?;?;no;no;0;0;0;0;1
208;"AUXILIAR DE PCM PL";3;"411005";0;18/01/21;18/01/21;18/01/21;?;0;1;1;1;1;"";"";"gmoreno";18/01/21;"102853";"";"";?;?;no;no;0;0;0;0;1
209;"COORDENADOR PLAN CUSTO";3;"251210";0;21/10/21;21/10/21;21/10/21;?;0;1;1;1;1;"Gerenciam atividades de departamentos ou serviços de pessoal, recrutamento eseleção, cargos e salários, benefícios, treinamento e desenvolvimento, liderando efacilitando o desenvolvimento do trabalho das equipes. assessoram diretoria e se tores da empresa em atividades como planejamento, contratações, negociações derelações humanas e do trabalho. atuam em eventos corporativos e da comunidade,representando a empresa.";"Gerenciam atividades de departamentos ou serviços de pessoal, recrutamento eseleção, cargos e salários, benefícios, treinamento e desenvolvimento, liderando efacilitando o desenvolvimento do trabalho das equipes. assessoram diretoria e se tores da empresa em atividades como planejamento, contratações, negociações derelações humanas e do trabalho. atuam em eventos corporativos e da comunidade,representando a empresa. Apoio a equipe de Departameto Pessoal e folha de pagamento.";"totvs";08/08/23;"120813";"";"";?;?;no;no;0;0;0;0;1
210;"GERENTE PROD AGRICOLA";3;"141115";0;06/04/18;06/04/18;06/04/18;?;0;1;1;1;1;"";"";"super";06/04/18;"115246";"";"";?;?;no;no;0;0;0;0;1
211;"SUPERVISOR AGRICOLA PL III";3;"620105";0;06/04/18;06/04/18;06/04/18;?;0;1;1;1;2;"";"";"super";06/04/18;"115426";"";"";?;?;no;no;0;0;0;0;1
212;"SUPERVISOR AGRICOLA PL I";3;"620105";0;06/04/18;06/04/18;06/04/18;?;0;1;1;1;2;"";"";"super";06/04/18;"115714";"";"";?;?;no;no;0;0;0;0;1
213;"SUPERVISOR AGRICOLA PL II";3;"620105";0;06/04/18;06/04/18;06/04/18;?;0;1;1;1;2;"";"";"super";06/04/18;"115723";"";"";?;?;no;no;0;0;0;0;1
214;"SUPERVISOR DESENV AGRONOMICO I";3;"620105";0;09/10/19;09/10/19;09/10/19;?;0;1;1;1;2;"";"";"gmoreno";09/10/19;"161329";"";"";?;?;no;no;0;0;0;0;1
215;"SUPERVISOR DESENV AGRONOMICO";3;"620105";0;09/10/19;09/10/19;09/10/19;?;0;1;1;1;2;"";"";"gmoreno";09/10/19;"161342";"";"";?;?;no;no;0;0;0;0;1
216;"SUPERVISOR AGRICOLA PL III";3;"620105";0;06/04/18;06/04/18;06/04/18;?;0;1;1;1;2;"";"";"super";06/04/18;"121237";"";"";?;?;no;no;0;0;0;0;1
217;"SUPERVISOR DE COMPRA PL";3;"354210";0;09/10/19;09/10/19;09/10/19;?;0;1;1;1;1;"";"";"gmoreno";09/10/19;"162038";"";"";?;?;no;no;0;0;0;0;1
218;"SUPERVISOR FINANCEIRO PL";3;"410235";0;19/08/22;19/08/22;19/08/22;?;0;1;1;1;1;"";"";"amagro";19/08/22;"095749";"";"";?;?;no;no;0;0;0;0;1
219;"TECNICO EM SEGURANCA PL";3;"351605";0;01/04/19;01/04/19;01/04/19;?;0;1;1;1;1;"";"";"msantos";01/04/19;"110458";"";"";?;?;no;no;0;0;0;0;1
220;"GERENTE SSMA";3;"214915";0;18/04/18;18/04/18;18/04/18;?;0;1;1;1;3;"";"";"camila";18/04/18;"081338";"";"";?;?;no;no;0;0;0;0;1
221;"ANALISTA DE COMPRAS PL II";3;"354205";0;18/04/18;18/04/18;18/04/18;?;0;1;1;1;1;"";"";"camila";18/04/18;"103359";"";"";?;?;no;no;0;0;0;0;1
222;"ANALISTA DE COMPRAS PL I";3;"354205";0;19/04/18;19/04/18;19/04/18;?;0;1;1;1;1;"";"";"camila";19/04/18;"140105";"";"";?;?;no;no;0;0;0;0;1
223;"SOLDADOR PL";3;"724315";0;01/04/19;01/04/19;01/04/19;?;0;1;1;1;3;"";"";"msantos";01/04/19;"124715";"";"";?;?;no;no;0;0;0;0;1
224;"ANALISTA DE RH SR";3;"252405";0;12/06/18;12/06/18;12/06/18;?;0;1;1;1;1;"";"";"camila";12/06/18;"174809";"";"";?;?;no;no;0;0;0;0;1
225;"ASSISTENTE DE PCM";3;"411005";0;29/08/18;29/08/18;29/08/18;?;0;1;1;1;1;"";"";"msantos";29/08/18;"165515";"";"";?;?;no;no;0;0;0;0;1
226;"ANALISTA FISCAL PL";3;"413110";0;06/09/18;06/09/18;06/09/18;?;0;1;1;1;1;"";"";"camila";06/09/18;"170244";"";"";?;?;no;no;0;0;0;0;1
227;"GERENTE DE PRODUCAO";3;"141115";0;27/09/18;27/09/18;27/09/18;?;0;1;1;1;1;"";"";"ellen";27/09/18;"165600";"";"";?;?;no;no;0;0;0;0;1
228;"ANALISTA DE CONTABILIDADE";3;"252210";0;27/12/18;27/12/18;27/12/18;?;0;1;1;1;1;"";"";"ellen";27/12/18;"114237";"";"";?;?;no;no;0;0;0;0;1
229;"CONTADORA";3;"252210";0;14/01/19;14/01/19;14/01/19;?;0;1;1;1;1;"";"";"aprendiz";14/01/19;"085741";"";"";?;?;no;no;0;0;0;0;1
230;"COORDENADOR ALMOXARIFADO";3;"410205";0;25/03/22;25/03/22;25/03/22;?;0;1;1;1;1;"";"";"gmoreno";25/03/22;"093318";"";"";?;?;no;no;0;0;0;0;1
231;"GERENTE FINCANCEIRO CAPTACAO";3;"142115";0;17/01/19;17/01/19;17/01/19;?;0;1;1;1;1;"";"";"aprendiz";17/01/19;"084554";"";"";?;?;no;no;0;0;0;0;1
232;"OPERADOR DE MAQ. AGRICOLA";3;"641015";0;28/01/19;28/01/19;28/01/19;?;0;1;1;1;2;"";"";"aprendiz";28/01/19;"112955";"";"";?;?;no;no;0;0;0;0;1
233;"OPERADOR DE MAQUINA JUNIOR";3;"641015";0;19/08/22;19/08/22;19/08/22;?;0;1;1;1;1;"";"";"amagro";19/08/22;"100025";"";"";?;?;no;no;0;0;0;0;1
234;"ANALISTA DE DEPTO PESSOAL";3;"413105";0;04/02/19;04/02/19;04/02/19;?;0;1;1;1;1;"";"";"gsilva";04/02/19;"164033";"";"";?;?;no;no;0;0;0;0;1
235;"SUPERVISOR AGRICOLA SR I";3;"620105";0;06/02/19;06/02/19;06/02/19;?;0;1;1;1;2;"";"";"msantos";06/02/19;"170247";"";"";?;?;no;no;0;0;0;0;1
236;"SUPERVISOR AGRICOLA SR II";3;"620105";0;06/02/19;06/02/19;06/02/19;?;0;1;1;1;2;"";"";"msantos";06/02/19;"170255";"";"";?;?;no;no;0;0;0;0;1
237;"SUPERVISOR AGRICOLA SR III";3;"620105";0;06/02/19;06/02/19;06/02/19;?;0;1;1;1;2;"";"";"msantos";06/02/19;"170300";"";"";?;?;no;no;0;0;0;0;1
238;"FRENTISTA/LAVADOR";3;"521135";0;12/02/19;12/02/19;12/02/19;?;0;1;1;1;3;"";"";"ellen";12/02/19;"143157";"";"";?;?;no;no;0;0;0;0;1
239;"GERENTE DE PRODUCAO - SOJA";3;"141115";0;01/03/19;01/03/19;01/03/19;?;0;1;1;1;1;"";"";"gsilva";01/03/19;"121415";"";"";?;?;no;no;0;0;0;0;1
240;"OP. MAQ. AGRICOLA. JR I";3;"641015";0;21/10/21;21/10/21;21/10/21;?;0;1;1;1;2;"";"";"gmoreno";21/10/21;"094026";"";"";?;?;no;no;0;0;0;0;1
241;"OP. MAQ. AGRICOLA. JR II";3;"641015";0;21/10/21;21/10/21;21/10/21;?;0;1;1;1;2;"";"";"gmoreno";21/10/21;"094047";"";"";?;?;no;no;0;0;0;0;1
242;"OP. MAQ. AGRICOLA. JR III";3;"641015";0;21/10/21;21/10/21;21/10/21;?;0;1;1;1;2;"";"";"gmoreno";21/10/21;"094057";"";"";?;?;no;no;0;0;0;0;1
243;"OP. MAQ. AGRICOLA. PL I";3;"641005";0;20/03/23;20/03/23;20/03/23;?;0;1;1;1;2;"";"";"gmoreno";20/03/23;"103037";"";"";?;?;no;no;0;0;0;0;1
244;"OP. MAQ. AGRICOLA. PL II";3;"641005";0;20/03/23;20/03/23;20/03/23;?;0;1;1;1;2;"";"";"gmoreno";20/03/23;"103050";"";"";?;?;no;no;0;0;0;0;1
245;"OP. MAQ. AGRICOLA. PL III";3;"641005";0;20/03/23;20/03/23;20/03/23;?;0;1;1;1;2;"";"";"gmoreno";20/03/23;"103105";"";"";?;?;no;no;0;0;0;0;1
246;"OP. MAQ. AGRICOLA. SR I";3;"641005";0;20/03/23;20/03/23;20/03/23;?;0;1;1;1;2;"";"";"gmoreno";20/03/23;"103112";"";"";?;?;no;no;0;0;0;0;1
247;"OP. MAQ. AGRICOLA. SR II";3;"641005";0;20/03/23;20/03/23;20/03/23;?;0;1;1;1;2;"";"";"gmoreno";20/03/23;"103119";"";"";?;?;no;no;0;0;0;0;1
248;"OP. MAQ. AGRICOLA. SR III";3;"641005";0;20/03/23;20/03/23;20/03/23;?;0;1;1;1;2;"";"";"gmoreno";20/03/23;"103133";"";"";?;?;no;no;0;0;0;0;1
249;"SUPERVISOR ALMOXARIFADO JR";3;"410205";0;21/10/21;21/10/21;21/10/21;?;0;1;1;1;1;"";"";"gmoreno";21/10/21;"094606";"";"";?;?;no;no;0;0;0;0;1
250;"SUPERVISOR ALMOXARIFADO PL";3;"410205";0;21/10/21;21/10/21;21/10/21;?;0;1;1;1;1;"";"";"gmoreno";21/10/21;"094614";"";"";?;?;no;no;0;0;0;0;1
251;"SUPERVISOR ALMOXARIFADO SR";3;"410205";0;21/10/21;21/10/21;21/10/21;?;0;1;1;1;1;"";"";"gmoreno";21/10/21;"094621";"";"";?;?;no;no;0;0;0;0;1
252;"COORDENADOR AGRICOLA JR";3;"620105";0;19/08/22;19/08/22;19/08/22;?;0;1;1;1;2;"";"";"amagro";19/08/22;"081547";"";"";?;?;no;no;0;0;0;0;1
253;"COORDENADOR AGRICOLA PL";3;"620105";0;19/08/22;19/08/22;19/08/22;?;0;1;1;1;2;"";"";"amagro";19/08/22;"081427";"";"";?;?;no;no;0;0;0;0;1
254;"COORDENADOR AGRICOLA SR";3;"620105";0;19/08/22;19/08/22;19/08/22;?;0;1;1;1;2;"";"";"amagro";19/08/22;"081554";"";"";?;?;no;no;0;0;0;0;1
255;"MOTORISTA JR";3;"782510";0;01/04/19;01/04/19;01/04/19;?;0;1;1;1;1;"";"";"msantos";01/04/19;"101807";"";"";?;?;no;no;0;0;0;0;1
256;"MOTORISTA PL";3;"782510";0;01/04/19;01/04/19;01/04/19;?;0;1;1;1;1;"";"";"msantos";01/04/19;"101818";"";"";?;?;no;no;0;0;0;0;1
257;"MOTORISTA SR";3;"782510";0;01/04/19;01/04/19;01/04/19;?;0;1;1;1;1;"";"";"msantos";01/04/19;"101847";"";"";?;?;no;no;0;0;0;0;1
258;"SUPERVISOR PCM JR";3;"410105";0;10/09/19;10/09/19;10/09/19;?;0;1;1;1;2;"";"";"gmoreno";10/09/19;"153412";"";"";?;?;no;no;0;0;0;0;1
259;"SUPERVISOR RH JR";3;"410105";0;01/04/19;01/04/19;01/04/19;?;0;1;1;1;1;"";"";"msantos";01/04/19;"103918";"";"";?;?;no;no;0;0;0;0;1
260;"SUPERVISOR RH PL";3;"410105";0;01/04/19;01/04/19;01/04/19;?;0;1;1;1;1;"";"";"msantos";01/04/19;"103928";"";"";?;?;no;no;0;0;0;0;1
261;"SUPERVISOR RH SR";3;"410105";0;01/04/19;01/04/19;01/04/19;?;0;1;1;1;1;"";"";"msantos";01/04/19;"103935";"";"";?;?;no;no;0;0;0;0;1
262;"MECANICO JR";3;"913115";0;01/04/19;01/04/19;01/04/19;?;0;1;1;1;3;"";"";"msantos";01/04/19;"104648";"";"";?;?;no;no;0;0;0;0;1
263;"MECANICO PL";3;"913115";0;01/04/19;01/04/19;01/04/19;?;0;1;1;1;3;"";"";"msantos";01/04/19;"104620";"";"";?;?;no;no;0;0;0;0;1
264;"MECANICO SR";3;"913115";0;01/04/19;01/04/19;01/04/19;?;0;1;1;1;3;"";"";"msantos";01/04/19;"104640";"";"";?;?;no;no;0;0;0;0;1
265;"ELETRICISTA JR";3;"715615";0;01/04/19;01/04/19;01/04/19;?;0;1;1;1;3;"";"";"msantos";01/04/19;"111742";"";"";?;?;no;no;0;0;0;0;1
266;"ELETRICISTA PL";3;"715615";0;01/04/19;01/04/19;01/04/19;?;0;1;1;1;3;"";"";"msantos";01/04/19;"111734";"";"";?;?;no;no;0;0;0;0;1
267;"ELETRICISTA SR";3;"715615";0;01/04/19;01/04/19;01/04/19;?;0;1;1;1;3;"";"";"msantos";01/04/19;"111753";"";"";?;?;no;no;0;0;0;0;1
268;"SUPERVISOR MANUT MEC JR";3;"910105";0;09/10/19;09/10/19;09/10/19;?;0;1;1;1;3;"SUPERVISORES EM SERVIÇOS DE REPARAÇÃO E MANUTENÇÃO MECÂNICA Supervisores em serviços de reparação e manutenção de máquinas e equipamentos industriais, comerciais e residenciais";"SUPERVISORES EM SERVIÇOS DE REPARAÇÃO E MANUTENÇÃO MECÂNICA Supervisores em serviços de reparação e manutenção de máquinas e equipamentos industriais, comerciais e residenciais";"totvs";08/08/23;"121821";"";"";?;?;no;no;0;0;0;0;1
269;"SUPERVISOR MANUT MEC PL";3;"910105";0;09/10/19;09/10/19;09/10/19;?;0;1;1;1;3;"SUPERVISORES EM SERVIÇOS DE REPARAÇÃO E MANUTENÇÃO MECÂNICA Supervisores em serviços de reparação e manutenção de máquinas e equipamentos industriais, comerciais e residenciais";"SUPERVISORES EM SERVIÇOS DE REPARAÇÃO E MANUTENÇÃO MECÂNICA Supervisores em serviços de reparação e manutenção de máquinas e equipamentos industriais, comerciais e residenciais";"totvs";08/08/23;"121832";"";"";?;?;no;no;0;0;0;0;1
270;"SUPERVISOR MANUT MEC SR";3;"910105";0;09/10/19;09/10/19;09/10/19;?;0;1;1;1;3;"SUPERVISORES EM SERVIÇOS DE REPARAÇÃO E MANUTENÇÃO MECÂNICA Supervisores em serviços de reparação e manutenção de máquinas e equipamentos industriais, comerciais e residenciais";"SUPERVISORES EM SERVIÇOS DE REPARAÇÃO E MANUTENÇÃO MECÂNICA Supervisores em serviços de reparação e manutenção de máquinas e equipamentos industriais, comerciais e residenciais";"totvs";08/08/23;"121847";"";"";?;?;no;no;0;0;0;0;1
271;"ANALISTA FISCAL JR";3;"413110";0;01/04/19;01/04/19;01/04/19;?;0;1;1;1;1;"";"";"msantos";01/04/19;"113046";"";"";?;?;no;no;0;0;0;0;1
272;"ANALISTA COMPRAS JR";3;"354205";0;18/08/22;18/08/22;18/08/22;?;0;1;1;1;1;"";"";"gmoreno";18/08/22;"175205";"";"";?;?;no;no;0;0;0;0;1
273;"GERENTE PROD AGRICOLA PL";3;"141115";0;01/04/19;01/04/19;01/04/19;?;0;1;1;1;1;"";"";"msantos";01/04/19;"113619";"";"";?;?;no;no;0;0;0;0;1
274;"TECNICO EM SEGURANCA JR";3;"351605";0;01/04/19;01/04/19;01/04/19;?;0;1;1;1;1;"";"";"msantos";01/04/19;"115358";"";"";?;?;no;no;0;0;0;0;1
275;"TECNICO EM SEGURANCA SR";3;"351605";0;01/04/19;01/04/19;01/04/19;?;0;1;1;1;1;"";"";"msantos";01/04/19;"115414";"";"";?;?;no;no;0;0;0;0;1
276;"ANALISTA FINANCEIRO JR";3;"413110";0;01/04/19;01/04/19;01/04/19;?;0;1;1;1;1;"";"";"ellen";01/04/19;"120034";"";"";?;?;no;no;0;0;0;0;1
277;"GERENTE DE RH JR";3;"142205";0;01/04/19;01/04/19;01/04/19;?;0;1;1;1;1;"";"";"msantos";01/04/19;"115807";"";"";?;?;no;no;0;0;0;0;1
278;"GERENTE DE RH PL";3;"142205";0;01/04/19;01/04/19;01/04/19;?;0;1;1;1;1;"";"";"msantos";01/04/19;"115820";"";"";?;?;no;no;0;0;0;0;1
279;"GERENTE DE RH SR";3;"142205";0;01/04/19;01/04/19;01/04/19;?;0;1;1;1;1;"";"";"msantos";01/04/19;"115827";"";"";?;?;no;no;0;0;0;0;1
280;"SUPERVISOR RH JR";3;"410105";0;09/10/19;09/10/19;09/10/19;?;0;1;1;1;1;"";"";"gmoreno";09/10/19;"161609";"";"";?;?;no;no;0;0;0;0;1
281;"SUPERVISOR DE DEPTO PESSOAL SR";3;"410105";0;01/04/19;01/04/19;01/04/19;?;0;1;1;1;1;"";"";"msantos";01/04/19;"121406";"";"";?;?;no;no;0;0;0;0;1
282;"GERENTE MANUT. AUTOMOTIVA PL";3;"910105";0;19/08/22;19/08/22;19/08/22;?;0;1;1;1;2;"";"";"amagro";19/08/22;"144604";"";"";?;?;no;no;0;0;0;0;1
283;"ANALISTA CONTROLE AGRICOLA JR";3;"411010";0;19/08/22;19/08/22;19/08/22;?;0;1;1;1;102;"";"";"amagro";19/08/22;"142530";"";"";?;?;no;no;0;0;0;0;1
284;"GERENTE PROD AGRICOLA SR";3;"141115";0;01/04/19;01/04/19;01/04/19;?;0;1;1;1;1;"";"";"msantos";01/04/19;"123426";"";"";?;?;no;no;0;0;0;0;1
285;"SUPERVISOR PROD AGRICOLA SR";3;"620105";0;01/04/19;01/04/19;01/04/19;?;0;1;1;1;2;"";"";"msantos";01/04/19;"123739";"";"";?;?;no;no;0;0;0;0;1
286;"SUPERVISOR CONTROLE AGRIC PL";3;"410105";0;09/10/19;09/10/19;09/10/19;?;0;1;1;1;2;"";"";"gmoreno";09/10/19;"162103";"";"";?;?;no;no;0;0;0;0;1
287;"SUPERVISOR FINANCEIRO JR";3;"410235";0;19/08/22;19/08/22;19/08/22;?;0;1;1;1;1;"";"";"amagro";19/08/22;"100523";"";"";?;?;no;no;0;0;0;0;1
288;"GERENTE SSMA JR";3;"214915";0;01/04/19;01/04/19;01/04/19;?;0;1;1;1;3;"";"";"msantos";01/04/19;"124318";"";"";?;?;no;no;0;0;0;0;1
289;"ANALISTA DEPTO PESSOAL JR";3;"413105";0;01/04/19;01/04/19;01/04/19;?;0;1;1;1;1;"";"";"msantos";01/04/19;"124830";"";"";?;?;no;no;0;0;0;0;1
290;"GERENTE PRODUCAO - SOJA JR";3;"141115";0;01/04/19;01/04/19;01/04/19;?;0;1;1;1;1;"";"";"msantos";01/04/19;"125042";"";"";?;?;no;no;0;0;0;0;1
291;"COORDENADOR DE MANUT MEC PL";3;"910105";0;09/10/19;09/10/19;09/10/19;?;0;1;1;1;102;"";"";"gmoreno";09/10/19;"161654";"";"";?;?;no;no;0;0;0;0;1
292;"COORDENADOR MANUT MEC SR";3;"910105";0;18/08/22;18/08/22;18/08/22;?;0;1;1;1;102;"";"";"gmoreno";18/08/22;"144236";"";"";?;?;no;no;0;0;0;0;1
293;"INSTRUTOR TREINAMENTOS";3;"233205";0;18/08/22;18/08/22;18/08/22;?;0;1;1;1;3;"";"";"gmoreno";18/08/22;"144629";"";"";?;?;no;no;0;0;0;0;1
294;"SUPERVISOR DESENV AGRONOM SR";3;"620105";0;09/10/19;09/10/19;09/10/19;?;0;1;1;1;2;"";"";"gmoreno";09/10/19;"161720";"";"";?;?;no;no;0;0;0;0;1
295;"ANALISTA DE RH JR";3;"252405";0;02/04/19;02/04/19;02/04/19;?;0;1;1;1;1;"";"";"msantos";02/04/19;"195835";"";"";?;?;no;no;0;0;0;0;1
296;"SUPERVISOR FINANCEIRO SR";3;"410235";0;19/08/22;19/08/22;19/08/22;?;0;1;1;1;1;"";"";"amagro";19/08/22;"100536";"";"";?;?;no;no;0;0;0;0;1
297;"GERENTE PLAN CUSTO JR";3;"141205";0;01/05/19;01/05/19;01/05/19;?;0;1;1;1;1;"Gerenciam atividades de departamentos ou serviços de pessoal, recrutamento eseleção, cargos e salários, benefícios, treinamento e desenvolvimento, liderando efacilitando o desenvolvimento do trabalho das equipes. assessoram diretoria e se tores da empresa em atividades como planejamento, contratações, negociações derelações humanas e do trabalho. atuam em eventos corporativos e da comunidade,representando a empresa.";"Gerenciam atividades de departamentos ou serviços de pessoal, recrutamento eseleção, cargos e salários, benefícios, treinamento e desenvolvimento, liderando efacilitando o desenvolvimento do trabalho das equipes. assessoram diretoria e se tores da empresa em atividades como planejamento, contratações, negociações derelações humanas e do trabalho. atuam em eventos corporativos e da comunidade,representando a empresa. Apoio a equipe de Departameto Pessoal e folha de pagamento.";"totvs";08/08/23;"120957";"";"";?;?;no;no;0;0;0;0;1
298;"GERENTE CONTABIL JR";3;"252210";0;01/05/19;01/05/19;01/05/19;?;0;1;1;1;1;"Gerenciam atividades de departamentos ou serviços de pessoal, recrutamento eseleção, cargos e salários, benefícios, treinamento e desenvolvimento, liderando efacilitando o desenvolvimento do trabalho das equipes. assessoram diretoria e se tores da empresa em atividades como planejamento, contratações, negociações derelações humanas e do trabalho. atuam em eventos corporativos e da comunidade,representando a empresa.";"Gerenciam atividades de departamentos ou serviços de pessoal, recrutamento eseleção, cargos e salários, benefícios, treinamento e desenvolvimento, liderando efacilitando o desenvolvimento do trabalho das equipes. assessoram diretoria e se tores da empresa em atividades como planejamento, contratações, negociações derelações humanas e do trabalho. atuam em eventos corporativos e da comunidade,representando a empresa. Apoio a equipe de Departameto Pessoal e folha de pagamento.";"totvs";08/08/23;"121029";"";"";?;?;no;no;0;0;0;0;1
299;"SUPERVISOR AGRICOLA JR";3;"620105";0;13/05/19;13/05/19;13/05/19;?;0;1;1;1;2;"";"";"gsilva";13/05/19;"090759";"";"";?;?;no;no;0;0;0;0;1
300;"ANALISTA ADMINISTRATIVO";3;"252105";0;10/09/19;10/09/19;10/09/19;?;0;1;1;1;1;"";"";"gmoreno";10/09/19;"165013";"";"";?;?;no;no;0;0;0;0;1
301;"COORDENADOR FINANCEIRO PL";3;"142115";0;20/10/21;20/10/21;20/10/21;?;0;1;1;1;1;"";"";"gmoreno";20/10/21;"104923";"";"";?;?;no;no;0;0;0;0;1
302;"COORDENADOR TI PL";3;"212315";0;09/10/19;09/10/19;09/10/19;?;0;1;1;1;1;"";"";"gmoreno";09/10/19;"161748";"";"";?;?;no;no;0;0;0;0;1
303;"COORDENADOR TI SR";3;"212315";0;06/01/21;06/01/21;06/01/21;?;0;1;1;1;1;"";"";"gmoreno";06/01/21;"083101";"";"";?;?;no;no;0;0;0;0;1
304;"COORDENADOR FISCAL JR";3;"252210";0;09/10/19;09/10/19;09/10/19;?;0;1;1;1;1;"Gerenciam atividades de departamentos ou serviços de pessoal, recrutamento eseleção, cargos e salários, benefícios, treinamento e desenvolvimento, liderando efacilitando o desenvolvimento do trabalho das equipes. assessoram diretoria e se tores da empresa em atividades como planejamento, contratações, negociações derelações humanas e do trabalho. atuam em eventos corporativos e da comunidade,representando a empresa.";"Gerenciam atividades de departamentos ou serviços de pessoal, recrutamento eseleção, cargos e salários, benefícios, treinamento e desenvolvimento, liderando efacilitando o desenvolvimento do trabalho das equipes. assessoram diretoria e se tores da empresa em atividades como planejamento, contratações, negociações derelações humanas e do trabalho. atuam em eventos corporativos e da comunidade,representando a empresa. Apoio a equipe de Departameto Pessoal e folha de pagamento.";"totvs";08/08/23;"121037";"";"";?;?;no;no;0;0;0;0;1
305;"SUPERVISOR TRATOS CULT JR";3;"620105";0;18/08/22;18/08/22;18/08/22;?;0;1;1;1;2;"";"";"gmoreno";18/08/22;"144724";"";"";?;?;no;no;0;0;0;0;1
306;"DIRETOR CUSTO E PLANEJAMENTO";3;"123105";0;03/07/19;03/07/19;03/07/19;?;0;1;1;1;1;"";"";"ellen";03/07/19;"104702";"";"";?;?;no;no;0;0;0;0;1
307;"DIRETOR FINANCEIRO";3;"123115";0;03/07/19;03/07/19;03/07/19;?;0;1;1;1;1;"";"";"ellen";03/07/19;"105402";"";"";?;?;no;no;0;0;0;0;1
308;"ANALISTA DEPTO PESSOAL PL";3;"413105";0;22/07/19;22/07/19;22/07/19;?;0;1;1;1;1;"";"";"gsilva";22/07/19;"170916";"";"";?;?;no;no;0;0;0;0;1
309;"COORDENADOR CONTABILIDADE";3;"252210";0;05/08/19;05/08/19;05/08/19;?;0;1;1;1;1;"";"";"glisboa";05/08/19;"171740";"";"";?;?;no;no;0;0;0;0;1
310;"GERENTE DE SUPRIMENTOS";3;"142410";0;12/08/19;12/08/19;12/08/19;?;0;1;1;1;1;"";"";"glisboa";12/08/19;"114737";"";"";?;?;no;no;0;0;0;0;1
311;"OPERADOR JUNIOR";3;"862150";0;22/08/19;22/08/19;22/08/19;?;0;1;1;1;2;"";"";"glisboa";22/08/19;"170207";"";"";?;?;no;no;0;0;0;0;1
312;"ANALISTA DEPTO PESSOAL SR";3;"413105";0;28/08/19;28/08/19;28/08/19;?;0;1;1;1;1;"";"";"gmoreno";28/08/19;"144234";"";"";?;?;no;no;0;0;0;0;1
313;"ANALISTA DE SUPRIMENTOS JR";3;"252525";0;30/09/19;30/09/19;30/09/19;?;0;1;1;1;1;"";"";"glisboa";30/09/19;"181229";"";"";?;?;no;no;0;0;0;0;1
314;"AUXILIAR PLENO";3;"622110";0;01/10/19;01/10/19;01/10/19;?;0;1;1;1;2;"";"";"glisboa";01/10/19;"161353";"";"";?;?;no;no;0;0;0;0;1
315;"DIRETOR RELAC CREDITO";3;"123115";0;09/10/19;09/10/19;09/10/19;?;0;1;1;1;1;"";"";"gmoreno";09/10/19;"155103";"";"";?;?;no;no;0;0;0;0;1
316;"ANALISTA OPERACAO AGRICOLA";3;"252105";0;09/10/19;09/10/19;09/10/19;?;0;1;1;1;102;"";"";"gmoreno";09/10/19;"160210";"";"";?;?;no;no;0;0;0;0;1
317;"OPERADOR SENIOR";3;"862150";0;29/10/19;29/10/19;29/10/19;?;0;1;1;1;2;"";"";"glisboa";29/10/19;"092909";"";"";?;?;no;no;0;0;0;0;1
318;"AUXILIAR ADMINISTRATIVO PLENO";3;"411005";0;04/11/19;04/11/19;04/11/19;?;0;1;1;1;1;"";"";"glisboa";04/11/19;"115505";"";"";?;?;no;no;0;0;0;0;1
319;"AUX PLANEJ CUSTO SR";3;"411005";0;04/11/19;04/11/19;04/11/19;?;0;1;1;1;1;"";"";"glisboa";04/11/19;"115659";"";"";?;?;no;no;0;0;0;0;1
320;"ANALISTA CONTROLE AGRICOLA SR";3;"411010";0;18/08/22;18/08/22;18/08/22;?;0;1;1;1;1;"";"";"amagro";18/08/22;"154241";"";"";?;?;no;no;0;0;0;0;1
321;"DIRETOR A&M PL";3;"123805";0;18/11/19;18/11/19;18/11/19;?;0;1;1;1;1;"";"";"gmoreno";18/11/19;"180412";"";"";?;?;no;no;0;0;0;0;1
322;"SUPERV PLANEJAMENTO E CUSTO SR";3;"410105";0;11/11/19;11/11/19;11/11/19;?;0;1;1;1;1;"";"";"glisboa";11/11/19;"122811";"";"";?;?;no;no;0;0;0;0;1
323;"DIRETOR EXECUTIVO";3;"121010";0;13/11/19;13/11/19;13/11/19;?;0;1;1;1;1;"";"";"gmoreno";13/11/19;"120232";"";"";?;?;no;no;0;0;0;0;1
324;"DIRETOR EXECUTIVO DE OPERACOES";3;"121010";0;13/11/19;13/11/19;13/11/19;?;0;1;1;1;1;"";"";"gmoreno";13/11/19;"120253";"";"";?;?;no;no;0;0;0;0;1
325;"DIRETOR P&D PL";3;"123105";0;22/01/20;22/01/20;22/01/20;?;0;1;1;1;1;"";"";"glisboa";22/01/20;"095756";"";"";?;?;no;no;0;0;0;0;1
326;"DIRETOR D&A PL";3;"123105";0;28/01/20;28/01/20;28/01/20;?;0;1;1;1;1;"";"";"glisboa";28/01/20;"095709";"";"";?;?;no;no;0;0;0;0;1
327;"DIRETOR ADM PL";3;"123105";0;03/03/20;03/03/20;03/03/20;?;0;1;1;1;1;"";"";"glisboa";03/03/20;"142025";"";"";?;?;no;no;0;0;0;0;1
328;"SUPERVISOR CONTROLE AGRIC SR";3;"410105";0;19/03/20;19/03/20;19/03/20;?;0;1;1;1;2;"";"";"gmoreno";19/03/20;"102723";"";"";?;?;no;no;0;0;0;0;1
329;"COORDENADOR DE ALMOXARIFADO PL";3;"410205";0;19/03/20;19/03/20;19/03/20;?;0;1;1;1;1;"";"";"gmoreno";19/03/20;"103555";"";"";?;?;no;no;0;0;0;0;1
330;"AUXILIAR FINANCEIRO SR";3;"413110";0;19/03/20;19/03/20;19/03/20;?;0;1;1;1;1;"";"";"gmoreno";19/03/20;"104318";"";"";?;?;no;no;0;0;0;0;1
331;"SUPERVISOR DE COMPRAS SR";3;"354210";0;19/03/20;19/03/20;19/03/20;?;0;1;1;1;1;"";"";"gmoreno";19/03/20;"104758";"";"";?;?;no;no;0;0;0;0;1
332;"ASSESSORA DIRETORIA SR";3;"252305";0;18/08/22;18/08/22;18/08/22;?;0;1;1;1;1;"";"";"gmoreno";18/08/22;"144017";"";"";?;?;no;no;0;0;0;0;1
333;"ANALISTA FINANCEIRO PL";3;"413110";0;20/03/20;20/03/20;20/03/20;?;0;1;1;1;1;"";"";"gmoreno";20/03/20;"104717";"";"";?;?;no;no;0;0;0;0;1
334;"GERENTE POLO";3;"141115";0;18/08/22;18/08/22;18/08/22;?;0;1;1;1;1;"";"";"gmoreno";18/08/22;"150225";"";"";?;?;no;no;0;0;0;0;1
335;"COORDENADOR DESENV AGRONOM JR";3;"620105";0;24/03/20;24/03/20;24/03/20;?;0;1;1;1;2;"";"";"gmoreno";24/03/20;"090309";"";"";?;?;no;no;0;0;0;0;1
336;"GERENTE AGRICOLA PL";3;"141205";0;21/10/21;21/10/21;21/10/21;?;0;1;1;1;1;"";"";"gmoreno";21/10/21;"091833";"";"";?;?;no;no;0;0;0;0;1
337;"SUPERVISOR MANUT MECAN SR II";3;"910105";0;17/03/21;17/03/21;17/03/21;?;0;1;1;1;3;"SUPERVISORES EM SERVIÇOS DE REPARAÇÃO E MANUTENÇÃO MECÂNICA Supervisores em serviços de reparação e manutenção de máquinas e equipamentos industriais, comerciais e residenciais";"SUPERVISORES EM SERVIÇOS DE REPARAÇÃO E MANUTENÇÃO MECÂNICA Supervisores em serviços de reparação e manutenção de máquinas e equipamentos industriais, comerciais e residenciais";"totvs";08/08/23;"121908";"";"";?;?;no;no;0;0;0;0;1
338;"COORDENADOR PLANEJ E CUSTO JR";3;"251210";0;21/10/21;21/10/21;21/10/21;?;0;1;1;1;1;"";"";"gmoreno";21/10/21;"085358";"";"";?;?;no;no;0;0;0;0;1
339;"COORDENADOR TI JR";3;"212315";0;19/08/22;19/08/22;19/08/22;?;0;1;1;1;1;"";"";"amagro";19/08/22;"103413";"";"";?;?;no;no;0;0;0;0;1
340;"COORDENADOR MANUTENCAO PL";3;"910105";0;23/04/20;23/04/20;23/04/20;?;0;1;1;1;102;"";"";"gsilva";23/04/20;"105231";"";"";?;?;no;no;0;0;0;0;1
341;"ANALISTA ADMINISTRATIVO JR";3;"411010";0;10/07/23;10/07/23;10/07/23;?;0;1;1;1;1;"";"";"toliveira";10/07/23;"093628";"";"";?;?;no;no;0;0;0;0;1
342;"SUPERVISOR DE SUPRIMENTOS PL";3;"410105";0;18/05/20;18/05/20;18/05/20;?;0;1;1;1;1;"";"";"glisboa";18/05/20;"111758";"";"";?;?;no;no;0;0;0;0;1
343;"TRATADOR DE ANIMAIS";3;"623020";0;18/05/20;18/05/20;18/05/20;?;0;1;1;1;2;"";"";"gmoreno";18/05/20;"144258";"";"";?;?;no;no;0;0;0;0;1
344;"OP. MAQ. AGRICOLA. JR";3;"641015";0;19/08/22;19/08/22;19/08/22;?;0;1;1;1;2;"";"";"amagro";19/08/22;"092820";"";"";?;?;no;no;0;0;0;0;1
345;"GERENTE PLANEJ FINANCEIRO JR";3;"142115";0;26/05/20;26/05/20;26/05/20;?;0;1;1;1;1;"";"";"glisboa";26/05/20;"095609";"";"";?;?;no;no;0;0;0;0;1
346;"GERENTE AGRICOLA SR";3;"141205";0;21/10/21;21/10/21;21/10/21;?;0;1;1;1;2;"";"";"gmoreno";21/10/21;"091852";"";"";?;?;no;no;0;0;0;0;1
347;"CALDEIREIRO PL";3;"724410";0;25/06/20;25/06/20;25/06/20;?;0;1;1;1;3;"";"";"glisboa";25/06/20;"105651";"";"";?;?;no;no;0;0;0;0;1
348;"COORDENADOR RH PL";3;"142205";0;15/03/23;15/03/23;15/03/23;?;0;1;1;1;1;"";"";"val";15/03/23;"185912";"";"";?;?;no;no;0;0;0;0;1
349;"AUXILIAR AGRICOLA JR";3;"622110";0;20/10/21;20/10/21;20/10/21;?;0;1;1;1;3;"";"";"gmoreno";20/10/21;"104511";"";"";?;?;no;no;0;0;0;0;1
350;"COORDENADOR FINANCEIRO JR";3;"142115";0;20/10/21;20/10/21;20/10/21;?;0;1;1;1;1;"";"";"gmoreno";20/10/21;"104859";"";"";?;?;no;no;0;0;0;0;1
351;"GERENTE COMERCIAL";3;"142305";0;14/07/20;14/07/20;14/07/20;?;0;1;1;1;1;"";"";"glisboa";14/07/20;"093223";"";"";?;?;no;no;0;0;0;0;1
352;"GERENTE DE D&A PL";3;"141730";0;14/07/20;14/07/20;14/07/20;?;0;1;1;1;1;"";"";"glisboa";14/07/20;"095206";"";"";?;?;no;no;0;0;0;0;1
353;"GERENTE DE CONTROLADORIA JR";3;"142115";0;24/07/20;24/07/20;24/07/20;?;0;1;1;1;1;"";"";"gmoreno";24/07/20;"160919";"";"";?;?;no;no;0;0;0;0;1
354;"SUPERVISOR PROD AGRICOLA PL";3;"620105";0;02/08/20;02/08/20;02/08/20;?;0;1;1;1;2;"";"";"gmoreno";02/08/20;"150453";"";"";?;?;no;no;0;0;0;0;1
355;"SUPERVISOR SAFRA AGRICOLA JR";3;"630105";0;26/08/20;26/08/20;26/08/20;?;0;1;1;1;2;"";"";"gmoreno";26/08/20;"093133";"";"";?;?;no;no;0;0;0;0;1
356;"COORDENADOR DE MANUTENCAO JR";3;"910205";0;05/08/20;05/08/20;05/08/20;?;0;1;1;1;2;"";"";"glisboa";05/08/20;"162832";"";"";?;?;no;no;0;0;0;0;1
357;"COORDENADOR DEPTO FINANCEIRO";3;"410105";0;19/08/22;19/08/22;19/08/22;?;0;1;1;1;1;"";"";"amagro";19/08/22;"081936";"";"";?;?;no;no;0;0;0;0;1
358;"OP MAQ AGRICOLA SR II";3;"641015";0;19/08/22;19/08/22;19/08/22;?;0;1;1;1;2;"";"";"amagro";19/08/22;"103751";"";"";?;?;no;no;0;0;0;0;1
359;"COORDENADOR DE COMPRAS JR";3;"142405";0;21/10/21;21/10/21;21/10/21;?;0;1;1;1;1;"";"";"gmoreno";21/10/21;"083944";"";"";?;?;no;no;0;0;0;0;1
360;"SUPERV DESENV E QUALI AGRIC PL";3;"620105";0;16/09/20;16/09/20;16/09/20;?;0;1;1;1;1;"";"";"gsilva";16/09/20;"112434";"";"";?;?;no;no;0;0;0;0;1
361;"COORDENADOR DE PRODUCAO";3;"141205";0;21/10/21;21/10/21;21/10/21;?;0;1;1;1;2;"";"";"gmoreno";21/10/21;"084248";"";"";?;?;no;no;0;0;0;0;1
362;"SUPERVISOR LOGISTICA SR";3;"410240";0;18/08/22;18/08/22;18/08/22;?;0;1;1;1;1;"";"";"gmoreno";18/08/22;"144943";"";"";?;?;no;no;0;0;0;0;1
363;"AUX QUALIDADE TEC AGRICOLA";3;"622020";0;25/01/21;25/01/21;25/01/21;?;0;1;1;1;2;"";"";"gmoreno";25/01/21;"103641";"";"";?;?;no;no;0;0;0;0;1
364;"COORDENADOR DE MANUTENCAO";3;"910105";0;19/08/22;19/08/22;19/08/22;?;0;1;1;1;2;"";"";"amagro";19/08/22;"103850";"";"";?;?;no;no;0;0;0;0;1
365;"ANALISTA CONTABIL JR";3;"252210";0;23/10/20;23/10/20;23/10/20;?;0;1;1;1;1;"";"";"glisboa";23/10/20;"121736";"";"";?;?;no;no;0;0;0;0;1
366;"ANALISTA DE CONTROLADORIA PL";3;"252210";0;19/10/21;19/10/21;19/10/21;?;0;1;1;1;1;"";"";"gmoreno";19/10/21;"113627";"";"";?;?;no;no;0;0;0;0;1
367;"ANALISTA INFRAESTRUTURA JR";3;"212410";0;18/08/22;18/08/22;18/08/22;?;0;1;1;1;1;"";"";"gmoreno";18/08/22;"143736";"";"";?;?;no;no;0;0;0;0;1
368;"ANALISTA DE INFRAESTRUTURA PL";3;"212410";0;03/12/20;03/12/20;03/12/20;?;0;1;1;1;1;"";"";"glisboa";03/12/20;"083009";"";"";?;?;no;no;0;0;0;0;1
369;"COORDENADOR SSMA JR";3;"351605";0;07/12/20;07/12/20;07/12/20;?;0;1;1;1;1;"";"";"gmoreno";07/12/20;"161951";"";"";?;?;no;no;0;0;0;0;1
370;"ANALISTA DE PLANEJ E CUSTOS SR";3;"391145";0;19/10/21;19/10/21;19/10/21;?;0;1;1;1;1;"";"";"gmoreno";19/10/21;"113935";"";"";?;?;no;no;0;0;0;0;1
371;"COORDENADOR P&O";3;"142205";0;19/08/22;19/08/22;19/08/22;?;0;1;1;1;1;"";"";"amagro";19/08/22;"104200";"";"";?;?;no;no;0;0;0;0;1
372;"COORDENADOR CONTR AGRICOLA PL";3;"141205";0;18/08/22;18/08/22;18/08/22;?;0;1;1;1;1;"";"";"gmoreno";18/08/22;"143517";"";"";?;?;no;no;0;0;0;0;1
373;"ADVOGADO";3;"241010";0;30/07/21;30/07/21;30/07/21;?;0;1;1;1;1;"";"";"aribeiro";30/07/21;"154516";"";"";?;?;no;no;0;0;0;0;1
374;"TEC ENFERM DO TRABALHO";3;"322215";0;09/03/21;09/03/21;09/03/21;?;0;1;1;1;1;"Auxiliar na observação sistemática do estado de saúde dos trabalhadores, nos levantamentos de doenças profissionais, lesões traumáticas, doenças epidemiológicas. Participar dos programas de prevenção de acidentes, de saúde e de medidas reabilitativas.";"";"aribeiro";09/03/21;"105525";"";"";?;?;no;no;0;0;0;0;1
375;"GERENTE PLAN CUSTO PL";3;"141205";0;16/03/21;16/03/21;16/03/21;?;0;1;1;1;1;"Gerenciam atividades de departamentos ou serviços de pessoal, recrutamento eseleção, cargos e salários, benefícios, treinamento e desenvolvimento, liderando efacilitando o desenvolvimento do trabalho das equipes. assessoram diretoria e se tores da empresa em atividades como planejamento, contratações, negociações derelações humanas e do trabalho. atuam em eventos corporativos e da comunidade,representando a empresa.";"Gerenciam atividades de departamentos ou serviços de pessoal, recrutamento eseleção, cargos e salários, benefícios, treinamento e desenvolvimento, liderando efacilitando o desenvolvimento do trabalho das equipes. assessoram diretoria e se tores da empresa em atividades como planejamento, contratações, negociações derelações humanas e do trabalho. atuam em eventos corporativos e da comunidade,representando a empresa. Apoio a equipe de Departameto Pessoal e folha de pagamento.";"totvs";08/08/23;"121119";"";"";?;?;no;no;0;0;0;0;1
376;"COORDENADOR DEPTO PESSOAL JR";3;"142210";0;16/03/21;16/03/21;16/03/21;?;0;1;1;1;1;"";"";"gmoreno";16/03/21;"095833";"";"";?;?;no;no;0;0;0;0;1
377;"SUPERVISOR PCM PL";3;"410105";0;18/08/22;18/08/22;18/08/22;?;0;1;1;1;2;"";"";"gmoreno";18/08/22;"144833";"";"";?;?;no;no;0;0;0;0;1
378;"SUPERVISOR DE SUPRIMENTOS SR";3;"410105";0;16/03/21;16/03/21;16/03/21;?;0;1;1;1;1;"";"";"gmoreno";16/03/21;"161200";"";"";?;?;no;no;0;0;0;0;1
379;"GERENTE TI SR";3;"142510";0;17/03/21;17/03/21;17/03/21;?;0;1;1;1;1;"";"";"gmoreno";17/03/21;"154258";"";"";?;?;no;no;0;0;0;0;1
380;"SUPERVISOR DE DEPTO PESSOAL";3;"410105";0;18/03/21;18/03/21;18/03/21;?;0;1;1;1;1;"";"";"gmoreno";18/03/21;"084642";"";"";?;?;no;no;0;0;0;0;1
381;"COORDENADOR MANUTENCAO SR";3;"910105";0;25/03/21;25/03/21;25/03/21;?;0;1;1;1;102;"";"";"gmoreno";25/03/21;"140242";"";"";?;?;no;no;0;0;0;0;1
382;"SUPERV DESENV E QUALI AGRIC SR";3;"620105";0;29/03/21;29/03/21;29/03/21;?;0;1;1;1;1;"";"";"gmoreno";29/03/21;"101109";"";"";?;?;no;no;0;0;0;0;1
383;"COORDENADOR AGRICOLA PL II";3;"620105";0;05/04/21;05/04/21;05/04/21;?;0;1;1;1;2;"";"";"gmoreno";05/04/21;"104353";"";"";?;?;no;no;0;0;0;0;1
384;"COORDENADOR DE PRODUCAO PL";3;"141205";0;21/10/21;21/10/21;21/10/21;?;0;1;1;1;2;"";"";"gmoreno";21/10/21;"084304";"";"";?;?;no;no;0;0;0;0;1
385;"COORDENADOR ADMINISTRATIVO PL";3;"410105";0;20/05/21;20/05/21;20/05/21;?;0;1;1;1;1;"";"";"gmoreno";20/05/21;"105138";"";"";?;?;no;no;0;0;0;0;1
386;"ANALISTA PCM JR";3;"391145";0;18/08/22;18/08/22;18/08/22;?;0;1;1;1;102;"";"";"gmoreno";18/08/22;"143802";"";"";?;?;no;no;0;0;0;0;1
387;"GERENTE CONTROLE AGRIC JR";3;"141205";0;21/10/21;21/10/21;21/10/21;?;0;1;1;1;1;"";"";"gmoreno";21/10/21;"092026";"";"";?;?;no;no;0;0;0;0;1
388;"GERENTE INSUMOS JR";3;"142410";0;18/08/22;18/08/22;18/08/22;?;0;1;1;1;1;"";"";"gmoreno";18/08/22;"144534";"";"";?;?;no;no;0;0;0;0;1
389;"COORDENADOR RH JR";3;"142205";0;08/07/21;08/07/21;08/07/21;?;0;1;1;1;1;"";"";"gmoreno";08/07/21;"144636";"";"";?;?;no;no;0;0;0;0;1
390;"ESPECIALISTA MECANICO";3;"913115";0;21/10/21;21/10/21;21/10/21;?;0;1;1;1;2;"";"";"gmoreno";21/10/21;"091532";"";"";?;?;no;no;0;0;0;0;1
391;"COORDENADOR CAPEX SR";3;"142405";0;21/10/21;21/10/21;21/10/21;?;0;1;1;1;1;"";"";"gmoreno";21/10/21;"083612";"";"";?;?;no;no;0;0;0;0;1
392;"ANALISTA RH PL";3;"252405";0;18/08/22;18/08/22;18/08/22;?;0;1;1;1;1;"";"";"gmoreno";18/08/22;"143950";"";"";?;?;no;no;0;0;0;0;1
393;"COORDENADOR DE PRODUCAO SR";3;"141205";0;21/10/21;21/10/21;21/10/21;?;0;1;1;1;2;"";"";"gmoreno";21/10/21;"084323";"";"";?;?;no;no;0;0;0;0;1
394;"ESPECIALISTA PIMS";3;"212315";0;31/08/21;31/08/21;31/08/21;?;0;1;1;1;1;"";"";"aribeiro";31/08/21;"153814";"";"";?;?;no;no;0;0;0;0;1
395;"ESPECIALISTA PROTHEUS";3;"212315";0;31/08/21;31/08/21;31/08/21;?;0;1;1;1;1;"";"";"aribeiro";31/08/21;"153609";"";"";?;?;no;no;0;0;0;0;1
396;"ESPECIALISTA BI";3;"212305";0;25/03/22;25/03/22;25/03/22;?;0;1;1;1;1;"";"";"gmoreno";25/03/22;"095916";"";"";?;?;no;no;0;0;0;0;1
397;"SUPERVISOR FISCAL SR";3;"252210";0;19/08/22;19/08/22;19/08/22;?;0;1;1;1;1;"";"";"amagro";19/08/22;"095122";"";"";?;?;no;no;0;0;0;0;1
400;"ESPECIALISTA PROCESSOS ADM";3;"212315";0;25/03/22;25/03/22;25/03/22;?;0;1;1;1;1;"";"";"gmoreno";25/03/22;"095709";"";"";?;?;no;no;0;0;0;0;1
401;"ESPECIALISTA PROCESSOS AGRICOL";3;"212315";0;25/03/22;25/03/22;25/03/22;?;0;1;1;1;1;"";"";"gmoreno";25/03/22;"095829";"";"";?;?;no;no;0;0;0;0;1
402;"COORDENADOR FISCAL PL";3;"252210";0;27/09/21;27/09/21;27/09/21;?;0;1;1;1;1;"Gerenciam atividades de departamentos ou serviços de pessoal, recrutamento eseleção, cargos e salários, benefícios, treinamento e desenvolvimento, liderando efacilitando o desenvolvimento do trabalho das equipes. assessoram diretoria e se tores da empresa em atividades como planejamento, contratações, negociações derelações humanas e do trabalho. atuam em eventos corporativos e da comunidade,representando a empresa.";"Gerenciam atividades de departamentos ou serviços de pessoal, recrutamento eseleção, cargos e salários, benefícios, treinamento e desenvolvimento, liderando efacilitando o desenvolvimento do trabalho das equipes. assessoram diretoria e se tores da empresa em atividades como planejamento, contratações, negociações derelações humanas e do trabalho. atuam em eventos corporativos e da comunidade,representando a empresa. Apoio a equipe de Departameto Pessoal e folha de pagamento.";"totvs";08/08/23;"121145";"";"";?;?;no;no;0;0;0;0;1
403;"COORDENADOR CONTABILIDADE PL";3;"252210";0;27/09/21;27/09/21;27/09/21;?;0;1;1;1;1;"";"";"gmoreno";27/09/21;"081224";"";"";?;?;no;no;0;0;0;0;1
404;"COORDENADOR DEPTO PESSOAL PL";3;"142210";0;27/09/21;27/09/21;27/09/21;?;0;1;1;1;1;"";"";"gmoreno";27/09/21;"081414";"";"";?;?;no;no;0;0;0;0;1
405;"GERENTE PLAN E CONTROLE MANUT";3;"142705";0;01/10/21;01/10/21;01/10/21;?;0;1;1;1;1;"";"";"amagro";01/10/21;"084520";"";"";?;?;no;no;0;0;0;0;1
406;"ANALISTA PROCESSOS JR";3;"212410";0;18/08/22;18/08/22;18/08/22;?;0;1;1;1;1;"";"";"gmoreno";18/08/22;"143824";"";"";?;?;no;no;0;0;0;0;1
407;"DIRETOR DE CANA";3;"123105";0;12/11/21;12/11/21;12/11/21;?;0;1;1;1;1;"";"";"amagro";12/11/21;"104141";"";"";?;?;no;no;0;0;0;0;1
408;"ANALISTA ESG";3;"252105";0;25/11/21;25/11/21;25/11/21;?;0;1;1;1;1;"";"";"amagro";25/11/21;"100305";"";"";?;?;no;no;0;0;0;0;1
409;"ANALISTA CONTROLADORIA JR";3;"411010";0;18/08/22;18/08/22;18/08/22;?;0;1;1;1;1;"";"";"gmoreno";18/08/22;"143710";"";"";?;?;no;no;0;0;0;0;1
410;"ANALISTA CONTROLE AGRICOLA PL";3;"411010";0;18/08/22;18/08/22;18/08/22;?;0;1;1;1;1;"";"";"amagro";18/08/22;"154253";"";"";?;?;no;no;0;0;0;0;1
411;"COORDENADOR MANUTENCAO SR";3;"910205";0;18/08/22;18/08/22;18/08/22;?;0;1;1;1;2;"";"";"gmoreno";18/08/22;"144311";"";"";?;?;no;no;0;0;0;0;1
412;"GERENTE PLANEJ FINANCEIRO";3;"142115";0;25/03/22;25/03/22;25/03/22;?;0;1;1;1;1;"";"";"gmoreno";25/03/22;"151807";"";"";?;?;no;no;0;0;0;0;1
413;"ESPECIALISTA D&A";3;"252105";0;25/03/22;25/03/22;25/03/22;?;0;1;1;1;1;"";"";"gmoreno";25/03/22;"095547";"";"";?;?;no;no;0;0;0;0;1
414;"ANALISTA PCM PL";3;"391145";0;19/08/22;19/08/22;19/08/22;?;0;1;1;1;102;"";"";"amagro";19/08/22;"075948";"";"";?;?;no;no;0;0;0;0;1
415;"AUXILIAR DE CONTROLE AGRIC JR";3;"411005";0;28/01/22;28/01/22;28/01/22;?;0;1;1;1;3;"";"";"gmoreno";28/01/22;"155251";"";"";?;?;no;no;0;0;0;0;1
416;"AUXILIAR DE ALMOXARIFADO JR";3;"414105";0;24/03/22;24/03/22;24/03/22;?;0;1;1;1;1;"";"";"gmoreno";24/03/22;"151602";"";"";?;?;no;no;0;0;0;0;1
417;"COORDENADOR MANUT SR II";3;"910105";0;19/08/22;19/08/22;19/08/22;?;0;1;1;1;2;"";"";"amagro";19/08/22;"103900";"";"";?;?;no;no;0;0;0;0;1
418;"SUPERVISOR CONTROLADORIA PL";3;"252210";0;18/08/22;18/08/22;18/08/22;?;0;1;1;1;1;"";"";"gmoreno";18/08/22;"144800";"";"";?;?;no;no;0;0;0;0;1
419;"COORDENADOR COMPRAS PL";3;"142405";0;05/04/22;05/04/22;05/04/22;?;0;1;1;1;1;"";"";"gmoreno";05/04/22;"111433";"";"";?;?;no;no;0;0;0;0;1
420;"GERENTE CONTROLADORIA";3;"142115";0;25/03/22;25/03/22;25/03/22;?;0;1;1;1;1;"";"";"gmoreno";25/03/22;"093349";"";"";?;?;no;no;0;0;0;0;1
421;"GERENTE CONTABILIDADE";3;"252210";0;25/03/22;25/03/22;25/03/22;?;0;1;1;1;1;"Gerenciam atividades de departamentos ou serviços de pessoal, recrutamento eseleção, cargos e salários, benefícios, treinamento e desenvolvimento, liderando efacilitando o desenvolvimento do trabalho das equipes. assessoram diretoria e se tores da empresa em atividades como planejamento, contratações, negociações derelações humanas e do trabalho. atuam em eventos corporativos e da comunidade,representando a empresa.";"Gerenciam atividades de departamentos ou serviços de pessoal, recrutamento eseleção, cargos e salários, benefícios, treinamento e desenvolvimento, liderando efacilitando o desenvolvimento do trabalho das equipes. assessoram diretoria e se tores da empresa em atividades como planejamento, contratações, negociações derelações humanas e do trabalho. atuam em eventos corporativos e da comunidade,representando a empresa. Apoio a equipe de Departameto Pessoal e folha de pagamento.";"totvs";08/08/23;"121153";"";"";?;?;no;no;0;0;0;0;1
422;"GERENTE D&A";3;"141730";0;25/03/22;25/03/22;25/03/22;?;0;1;1;1;1;"";"";"gmoreno";25/03/22;"093630";"";"";?;?;no;no;0;0;0;0;1
423;"GERENTE P&O";3;"142205";0;25/03/22;25/03/22;25/03/22;?;0;1;1;1;1;"";"";"gmoreno";25/03/22;"093920";"";"";?;?;no;no;0;0;0;0;1
424;"GERENTE PLANEJ E CUSTOS";3;"141205";0;25/03/22;25/03/22;25/03/22;?;0;1;1;1;1;"Gerenciam atividades de departamentos ou serviços de pessoal, recrutamento eseleção, cargos e salários, benefícios, treinamento e desenvolvimento, liderando efacilitando o desenvolvimento do trabalho das equipes. assessoram diretoria e se tores da empresa em atividades como planejamento, contratações, negociações derelações humanas e do trabalho. atuam em eventos corporativos e da comunidade,representando a empresa.";"Gerenciam atividades de departamentos ou serviços de pessoal, recrutamento eseleção, cargos e salários, benefícios, treinamento e desenvolvimento, liderando efacilitando o desenvolvimento do trabalho das equipes. assessoram diretoria e se tores da empresa em atividades como planejamento, contratações, negociações derelações humanas e do trabalho. atuam em eventos corporativos e da comunidade,representando a empresa. Apoio a equipe de Departameto Pessoal e folha de pagamento.";"totvs";08/08/23;"121215";"";"";?;?;no;no;0;0;0;0;1
425;"DIRETORA FINANCEIRO TESOURARIA";3;"123115";0;25/03/22;25/03/22;25/03/22;?;0;1;1;1;1;"";"";"gmoreno";25/03/22;"094628";"";"";?;?;no;no;0;0;0;0;1
426;"DIRETOR SUPPLY CHAIN";3;"123405";0;25/03/22;25/03/22;25/03/22;?;0;1;1;1;1;"";"";"gmoreno";25/03/22;"094926";"";"";?;?;no;no;0;0;0;0;1
427;"COORDENADOR RELAC CREDITO";3;"142115";0;25/03/22;25/03/22;25/03/22;?;0;1;1;1;1;"";"";"gmoreno";25/03/22;"095345";"";"";?;?;no;no;0;0;0;0;1
428;"COORDENADOR AGRICOLA SR II";3;"620105";0;19/08/22;19/08/22;19/08/22;?;0;1;1;1;2;"";"";"amagro";19/08/22;"081513";"";"";?;?;no;no;0;0;0;0;1
429;"SUPERVISOR PCM PL";3;"410105";0;19/08/22;19/08/22;19/08/22;?;0;1;1;1;2;"";"";"amagro";19/08/22;"081627";"";"";?;?;no;no;0;0;0;0;1
430;"COORDENADOR COMPRAS";3;"142405";0;12/04/22;12/04/22;12/04/22;?;0;1;1;1;1;"";"";"gmoreno";12/04/22;"115940";"";"";?;?;no;no;0;0;0;0;1
431;"COPILOTO";3;"341105";0;28/04/22;28/04/22;28/04/22;?;0;1;1;1;1;"";"";"amagro";28/04/22;"082216";"";"";?;?;no;no;0;0;0;0;1
432;"PILOTO";3;"341105";0;28/04/22;28/04/22;28/04/22;?;0;1;1;1;1;"";"";"amagro";28/04/22;"082133";"";"";?;?;no;no;0;0;0;0;1
433;"AUXILIAR PCM JR";3;"411005";0;06/05/22;06/05/22;06/05/22;?;0;1;1;1;102;"";"";"gmoreno";06/05/22;"113408";"";"";?;?;no;no;0;0;0;0;1
434;"GERENTE OBRAS CIVIS JR I";3;"141305";0;18/08/22;18/08/22;18/08/22;?;0;1;1;1;102;"";"";"gmoreno";18/08/22;"144602";"";"";?;?;no;no;0;0;0;0;1
435;"OP. MAQ. AGRICOLA. SR";3;"641005";0;20/03/23;20/03/23;20/03/23;?;0;1;1;1;2;"";"";"gmoreno";20/03/23;"103144";"";"";?;?;no;no;0;0;0;0;1
436;"ESPECIALISTA EM GEOTECNOLOGIA";3;"312305";0;07/06/22;07/06/22;07/06/22;?;0;1;1;1;1;"";"";"amagro";07/06/22;"163810";"";"";?;?;no;no;0;0;0;0;1
437;"DIRETORA P&O PL";3;"123205";0;18/08/22;18/08/22;18/08/22;?;0;1;1;1;1;"";"";"gmoreno";18/08/22;"144346";"";"";?;?;no;no;0;0;0;0;1
438;"GERENTE POLO PL";3;"141115";0;18/08/22;18/08/22;18/08/22;?;0;1;1;1;1;"";"";"gmoreno";18/08/22;"111450";"";"";?;?;no;no;0;0;0;0;1
439;"GERENTE POLO SR";3;"141115";0;18/08/22;18/08/22;18/08/22;?;0;1;1;1;1;"";"";"gmoreno";18/08/22;"111457";"";"";?;?;no;no;0;0;0;0;1
440;"DIRETOR (CFO)";3;"123115";0;18/08/22;18/08/22;18/08/22;?;0;1;1;1;1;"";"";"gmoreno";18/08/22;"154031";"";"";?;?;no;no;0;0;0;0;1
441;"ANALISTA ADMINISTRATIVO PL";3;"252105";0;13/09/22;13/09/22;13/09/22;?;0;1;1;1;1;"";"";"amagro";13/09/22;"080023";"";"";?;?;no;no;0;0;0;0;1
442;"GERENTE MANUT AUTOMOTIVA JR";3;"910105";0;16/09/22;16/09/22;16/09/22;?;0;1;1;1;2;"";"";"amagro";16/09/22;"090109";"";"";?;?;no;no;0;0;0;0;1
443;"ESTAGIARIO DE INFRA";3;"411005";0;30/09/22;30/09/22;30/09/22;?;0;1;1;1;3;"";"";"amagro";30/09/22;"141200";"";"";?;?;no;no;0;0;0;0;1
444;"ANALISTA CONTABIL PL";3;"252210";0;11/10/22;11/10/22;11/10/22;?;0;1;1;1;1;"";"";"amagro";11/10/22;"154045";"";"";?;?;no;no;0;0;0;0;1
445;"COORDENADOR DE ARMAZEM";3;"410205";0;20/10/22;20/10/22;20/10/22;?;0;1;1;1;3;"";"";"amagro";20/10/22;"162601";"";"";?;?;no;no;0;0;0;0;1
446;"GERENTECONTROLADORIA E FP&A";3;"142115";0;01/11/22;01/11/22;01/11/22;?;0;1;1;1;1;"";"";"amagro";01/11/22;"085312";"";"";?;?;no;no;0;0;0;0;1
447;"COORD DE CONTROLADORIA E FP&A";3;"252210";0;17/11/22;17/11/22;17/11/22;?;0;1;1;1;1;"";"";"amagro";17/11/22;"174324";"";"";?;?;no;no;0;0;0;0;1
448;"SUPERVISOR DE TRANSPORTE";3;"510105";0;10/01/23;10/01/23;10/01/23;?;0;1;1;1;2;"";"";"amagro";10/01/23;"104145";"";"";?;?;no;no;0;0;0;0;1
449;"DIRETOR DE MANUTENÇÃO II";3;"123805";0;16/01/23;16/01/23;16/01/23;?;0;1;1;1;1;"";"";"amagro";16/01/23;"175039";"";"";?;?;no;no;0;0;0;0;1
450;"COORDENADOR DE TREINAMENTO";3;"410105";0;15/03/23;15/03/23;15/03/23;?;0;1;1;1;1;"";"";"val";15/03/23;"191903";"";"";?;?;no;no;0;0;0;0;1
451;"GERENTE RELAC INVESTIDORES SR";3;"142115";0;10/02/23;10/02/23;10/02/23;?;0;1;1;1;1;"";"";"gmoreno";10/02/23;"090647";"";"";?;?;no;no;0;0;0;0;1
452;"SUPERVISOR CONTROLE AGRIC JR";3;"410105";0;14/03/23;14/03/23;14/03/23;?;0;1;1;1;2;"";"";"gmoreno";14/03/23;"085840";"";"";?;?;no;no;0;0;0;0;1
453;"COORDENADOR QUALIDADE AGR PL";3;"620105";0;14/03/23;14/03/23;14/03/23;?;0;1;1;1;2;"";"";"gmoreno";14/03/23;"164119";"";"";?;?;no;no;0;0;0;0;1
454;"GERENTE DE COMPRAS";3;"142405";0;20/03/23;20/03/23;20/03/23;?;0;1;1;1;1;"";"";"gmoreno";20/03/23;"095956";"";"";?;?;no;no;0;0;0;0;1
455;"ESPECIALISTA P&C";3;"391145";0;27/03/23;27/03/23;27/03/23;?;0;1;1;1;1;"";"";"gmoreno";27/03/23;"092046";"";"";?;?;no;no;0;0;0;0;1
456;"GERENTE DE CAPEX";3;"142405";0;31/03/23;31/03/23;31/03/23;?;0;1;1;1;1;"";"";"gmoreno";31/03/23;"091337";"";"";?;?;no;no;0;0;0;0;1
457;"GERENTE DE ALMOXARIFADO";3;"142415";0;31/03/23;31/03/23;31/03/23;?;0;1;1;1;1;"";"";"gmoreno";31/03/23;"101235";"";"";?;?;no;no;0;0;0;0;1
458;"MOTORISTA SR II";3;"782510";0;05/04/23;05/04/23;05/04/23;?;0;1;1;1;1;"";"";"gmoreno";05/04/23;"114247";"";"";?;?;no;no;0;0;0;0;1
459;"COORDENADOR GEOTECNOLOGIA PL";3;"312305";0;06/04/23;06/04/23;06/04/23;?;0;1;1;1;1;"";"";"gmoreno";06/04/23;"101555";"";"";?;?;no;no;0;0;0;0;1
460;"SUPERVISOR TRATOS CULT PL";3;"620105";0;10/04/23;10/04/23;10/04/23;?;0;1;1;1;2;"";"";"gmoreno";10/04/23;"114313";"";"";?;?;no;no;0;0;0;0;1
461;"ESPEC CONTROLE AGRICOLA";3;"410105";0;25/04/23;25/04/23;25/04/23;?;0;1;1;1;2;"";"";"gmoreno";25/04/23;"110514";"";"";?;?;no;no;0;0;0;0;1
462;"MESTRE DE OBRAS";3;"710205";0;17/05/23;17/05/23;17/05/23;?;0;1;1;1;3;"";"";"toliveira";17/05/23;"123317";"";"";?;?;no;no;0;0;0;0;1
463;"INSPETOR MANUTENÇÃO";3;"314110";0;03/06/23;03/06/23;03/06/23;?;0;1;1;1;3;"";"";"val";03/06/23;"102527";"";"";?;?;no;no;0;0;0;0;1
464;"GERENTE MANUT. AUTOMOTIVA SR";3;"910105";0;29/05/23;29/05/23;29/05/23;?;0;1;1;1;2;"";"";"toliveira";29/05/23;"181006";"";"";?;?;no;no;0;0;0;0;1
465;"ANALISTA INFRAESTRUTURA SR";3;"212410";0;30/05/23;30/05/23;30/05/23;?;0;1;1;1;1;"";"";"val";30/05/23;"214148";"";"";?;?;no;no;0;0;0;0;1
466;"SUPERVISOR CONTROLADORIA SR";3;"252210";0;30/05/23;30/05/23;30/05/23;?;0;1;1;1;1;"";"";"val";30/05/23;"214735";"";"";?;?;no;no;0;0;0;0;1
468;"ANALISTA REL DE INVEST JR";3;"252545";0;07/06/23;07/06/23;07/06/23;?;0;1;1;1;1;"";"";"toliveira";07/06/23;"163958";"";"";?;?;no;no;0;0;0;0;1
469;"ANALISTA FISCAL SR";3;"413110";0;16/06/23;16/06/23;16/06/23;?;0;1;1;1;1;"";"";"rangeloti";16/06/23;"122816";"";"";?;?;no;no;0;0;0;0;1
470;"ANALISTA JR";3;"252105";0;20/06/23;20/06/23;20/06/23;?;0;1;1;1;1;"";"";"toliveira";20/06/23;"162105";"";"";?;?;no;no;0;0;0;0;1
471;"ANALISTA ALMOXARIFADO JR";3;"414105";0;23/06/23;23/06/23;23/06/23;?;0;1;1;1;1;"";"";"rangeloti";23/06/23;"103518";"";"";?;?;no;no;0;0;0;0;1
472;"DIRETOR DE SOJA";3;"123105";0;29/06/23;29/06/23;29/06/23;?;0;1;1;1;1;"";"";"rangeloti";29/06/23;"104129";"";"";?;?;no;no;0;0;0;0;1
473;"DESENHISTA TOPOGRAFICO";3;"318110";0;01/07/23;01/07/23;01/07/23;?;0;1;1;1;2;"";"";"toliveira";01/07/23;"120837";"";"";?;?;no;no;0;0;0;0;1
474;"DIRETORA P&O";3;"123205";0;01/07/23;01/07/23;01/07/23;?;0;1;1;1;1;"";"";"toliveira";01/07/23;"121955";"";"";?;?;no;no;0;0;0;0;1
475;"SERRALHEIRO";3;"724440";0;05/07/23;05/07/23;05/07/23;?;0;1;1;1;3;"";"";"toliveira";05/07/23;"095426";"";"";?;?;no;no;0;0;0;0;1
476;"ANALISTA ADMINISTRATIVO SR";3;"252105";0;07/07/23;07/07/23;07/07/23;?;0;1;1;1;1;"";"";"toliveira";07/07/23;"142035";"";"";?;?;no;no;0;0;0;0;1
477;"PINTOR";3;"716610";0;17/07/23;17/07/23;17/07/23;?;0;1;1;1;3;"";"";"toliveira";17/07/23;"111052";"";"";?;?;no;no;0;0;0;0;1
478;"GERENTE DE GOVERNANCA";3;"142105";0;18/07/23;18/07/23;18/07/23;?;0;1;1;1;1;"";"";"toliveira";18/07/23;"173825";"";"";?;?;no;no;0;0;0;0;1
479;"ESPECIALISTA CONTROLADORIA";3;"252210";0;31/07/23;31/07/23;31/07/23;?;0;1;1;1;1;"";"";"rangeloti";31/07/23;"184816";"";"";?;?;no;no;0;0;0;0;1
480;"MEIO OFICIAL MECANICO";3;"913115";0;08/08/23;08/08/23;08/08/23;?;0;1;1;1;1;"";"";"toliveira";08/08/23;"161943";"";"";?;?;no;no;0;0;0;0;1
