1;1;1;4;1;"NO";0;60;0;0;1;"datasul";01/07/08;"103521";"";"";?;?;no;no;0;0;0;0;no
1;3;5;5;2;"NO";0;60;0;0;1;"datasul";01/07/08;"103521";"";"";?;?;no;no;0;0;0;0;no
1;4;6;6;998;"CO";0;60;0;0;1;"datasul";01/07/08;"103521";"";"";?;?;no;no;0;0;0;0;no
1;5;7;7;999;"RE";0;60;0;0;1;"datasul";01/07/08;"103521";"";"";?;?;no;no;0;0;0;0;no
2;1;1;6;3;"NO";0;60;0;0;1;"super";08/04/08;"151915";"";"";?;?;no;no;0;0;0;0;no
2;2;7;7;999;"RE";0;60;0;0;1;"super";08/04/08;"151931";"";"";?;?;no;no;0;0;0;0;no
3;1;1;6;17;"NO";61140;61200;0;0;1;"ellen";01/02/19;"162315";"";"";?;?;no;no;0;0;0;0;no
3;2;7;7;999;"RE";61140;61200;0;0;1;"ellen";01/02/19;"162315";"";"";?;?;no;no;0;0;0;0;no
4;1;1;5;5;"NO";0;60;0;0;1;"super";08/04/08;"154122";"";"";?;?;no;no;0;0;0;0;no
4;2;6;6;998;"CO";0;60;0;0;1;"super";08/04/08;"154136";"";"";?;?;no;no;0;0;0;0;no
4;3;7;7;999;"RE";0;60;0;0;1;"super";08/04/08;"154142";"";"";?;?;no;no;0;0;0;0;no
5;1;1;5;3;"NO";0;60;0;0;1;"SUPER";12/04/08;"091450";"";"";?;?;no;no;0;0;0;0;no
5;2;6;6;999;"RE";0;60;0;0;1;"SUPER";12/04/08;"091505";"";"";?;?;no;no;0;0;0;0;no
6;1;1;5;17;"NO";26400;26460;0;0;1;"cleo";30/06/08;"104027";"";"";?;?;no;no;0;0;0;0;no
6;2;6;6;999;"RE";26400;26460;0;0;1;"cleo";30/06/08;"104027";"";"";?;?;no;no;0;0;0;0;no
7;1;1;5;4;"NO";27600;27660;0;0;1;"SUPER";12/04/08;"125419";"";"";?;?;no;no;0;0;0;0;no
7;2;6;6;999;"RE";27600;27660;0;0;1;"SUPER";12/04/08;"125243";"";"";?;?;no;no;0;0;0;0;no
7;3;7;7;4;"NO";27600;27660;0;0;1;"SUPER";12/04/08;"125248";"";"";?;?;no;no;0;0;0;0;no
7;4;8;12;4;"NO";27600;27660;0;0;1;"SUPER";12/04/08;"125258";"";"";?;?;no;no;0;0;0;0;no
7;5;13;13;999;"RE";27600;27660;0;0;1;"SUPER";12/04/08;"125305";"";"";?;?;no;no;0;0;0;0;no
7;6;14;14;4;"NO";27600;27660;0;0;1;"SUPER";12/04/08;"125309";"";"";?;?;no;no;0;0;0;0;no
7;7;15;19;4;"NO";27600;27660;0;0;1;"SUPER";12/04/08;"125315";"";"";?;?;no;no;0;0;0;0;no
7;8;20;20;999;"RE";27600;27660;0;0;1;"SUPER";12/04/08;"125320";"";"";?;?;no;no;0;0;0;0;no
7;9;21;21;4;"NO";27600;27660;0;0;1;"SUPER";12/04/08;"125324";"";"";?;?;no;no;0;0;0;0;no
7;10;22;26;4;"NO";27600;27660;0;0;1;"SUPER";12/04/08;"125329";"";"";?;?;no;no;0;0;0;0;no
7;11;27;27;999;"RE";27600;27660;0;0;1;"SUPER";12/04/08;"125335";"";"";?;?;no;no;0;0;0;0;no
7;12;28;28;4;"NO";27600;27660;0;0;1;"SUPER";12/04/08;"125339";"";"";?;?;no;no;0;0;0;0;no
7;13;29;33;4;"NO";27600;27660;0;0;1;"SUPER";12/04/08;"125344";"";"";?;?;no;no;0;0;0;0;no
7;14;34;34;999;"RE";27600;27660;0;0;1;"SUPER";12/04/08;"125352";"";"";?;?;no;no;0;0;0;0;no
7;15;35;35;4;"NO";27600;27660;0;0;1;"SUPER";12/04/08;"125354";"";"";?;?;no;no;0;0;0;0;no
7;16;36;40;4;"NO";27600;27660;0;0;1;"SUPER";12/04/08;"125400";"";"";?;?;no;no;0;0;0;0;no
7;17;41;41;999;"RE";27600;27660;0;0;1;"SUPER";12/04/08;"125403";"";"";?;?;no;no;0;0;0;0;no
7;18;42;48;4;"NO";27600;27660;0;0;1;"SUPER";12/04/08;"130234";"";"";?;?;no;no;0;0;0;0;no
7;19;49;49;999;"RE";27600;27660;0;0;1;"SUPER";12/04/08;"130240";"";"";?;?;no;no;0;0;0;0;no
8;1;1;5;3;"NO";76800;76860;0;0;1;"SUPER";12/04/08;"131310";"";"";?;?;no;no;0;0;0;0;no
8;2;6;6;999;"RE";76800;76860;0;0;1;"SUPER";12/04/08;"131151";"";"";?;?;no;no;0;0;0;0;no
8;3;7;7;3;"NO";76800;76860;0;0;1;"SUPER";12/04/08;"131200";"";"";?;?;no;no;0;0;0;0;no
8;4;8;12;3;"NO";76800;76860;0;0;1;"SUPER";12/04/08;"131204";"";"";?;?;no;no;0;0;0;0;no
8;5;13;13;999;"RE";76800;76860;0;0;1;"SUPER";12/04/08;"131208";"";"";?;?;no;no;0;0;0;0;no
8;6;14;14;3;"NO";76800;76860;0;0;1;"SUPER";12/04/08;"131211";"";"";?;?;no;no;0;0;0;0;no
8;7;15;19;3;"NO";76800;76860;0;0;1;"SUPER";12/04/08;"131215";"";"";?;?;no;no;0;0;0;0;no
8;8;20;20;999;"RE";76800;76860;0;0;1;"SUPER";12/04/08;"131225";"";"";?;?;no;no;0;0;0;0;no
8;9;21;21;3;"NO";76800;76860;0;0;1;"SUPER";12/04/08;"131229";"";"";?;?;no;no;0;0;0;0;no
8;10;22;26;3;"NO";76800;76860;0;0;1;"SUPER";12/04/08;"131232";"";"";?;?;no;no;0;0;0;0;no
8;11;27;27;999;"RE";76800;76860;0;0;1;"SUPER";12/04/08;"131236";"";"";?;?;no;no;0;0;0;0;no
8;12;28;28;3;"NO";76800;76860;0;0;1;"SUPER";12/04/08;"131241";"";"";?;?;no;no;0;0;0;0;no
8;13;29;33;3;"NO";76800;76860;0;0;1;"SUPER";12/04/08;"131245";"";"";?;?;no;no;0;0;0;0;no
8;14;34;34;999;"RE";76800;76860;0;0;1;"SUPER";12/04/08;"131249";"";"";?;?;no;no;0;0;0;0;no
8;15;35;35;3;"NO";76800;76860;0;0;1;"SUPER";12/04/08;"131253";"";"";?;?;no;no;0;0;0;0;no
8;16;36;40;3;"NO";76800;76860;0;0;1;"SUPER";12/04/08;"131256";"";"";?;?;no;no;0;0;0;0;no
8;17;41;41;999;"RE";76800;76860;0;0;1;"SUPER";12/04/08;"131259";"";"";?;?;no;no;0;0;0;0;no
8;18;42;48;3;"NO";76800;76860;0;0;1;"SUPER";12/04/08;"131305";"";"";?;?;no;no;0;0;0;0;no
8;19;49;49;999;"RE";76800;76860;0;0;1;"SUPER";12/04/08;"131310";"";"";?;?;no;no;0;0;0;0;no
9;1;1;5;6;"NO";0;60;0;0;1;"fabiano";03/09/16;"124000";"";"";?;?;no;no;0;0;0;0;no
9;2;6;6;999;"RE";0;60;0;0;1;"super";06/05/08;"085324";"";"";?;?;no;no;0;0;0;0;no
10;1;1;5;7;"NO";0;60;0;0;1;"fabiano";03/09/16;"124013";"";"";?;?;no;no;0;0;0;0;no
10;2;6;6;999;"RE";0;60;0;0;1;"super";06/05/08;"092136";"";"";?;?;no;no;0;0;0;0;no
11;1;1;5;8;"NO";46800;46860;0;0;1;"val";05/08/08;"194037";"";"";?;?;no;no;0;0;0;0;no
11;2;6;6;999;"RE";46800;46860;0;0;1;"super";06/05/08;"092447";"";"";?;?;no;no;0;0;0;0;no
12;1;1;5;9;"NO";0;60;0;0;1;"super";21/05/08;"144502";"";"";?;?;no;no;0;0;0;0;no
12;2;6;6;999;"RE";0;60;0;0;1;"super";21/05/08;"144511";"";"";?;?;no;no;0;0;0;0;no
13;1;1;5;10;"NO";15600;15660;0;0;1;"cleo";03/07/08;"162004";"";"";?;?;no;no;0;0;0;0;no
13;2;6;6;999;"RE";15600;15660;0;0;1;"cleo";03/07/08;"162004";"";"";?;?;no;no;0;0;0;0;no
14;1;1;5;11;"NO";0;60;0;0;1;"super";21/05/08;"152058";"";"";?;?;no;no;0;0;0;0;no
14;2;6;6;999;"RE";0;60;0;0;1;"super";21/05/08;"152104";"";"";?;?;no;no;0;0;0;0;no
15;1;1;5;12;"NO";36000;36060;0;0;1;"super";21/05/08;"153728";"";"";?;?;no;no;0;0;0;0;no
15;2;6;6;999;"RE";36000;36060;0;0;1;"super";21/05/08;"153728";"";"";?;?;no;no;0;0;0;0;no
16;1;1;5;13;"NO";0;60;0;0;1;"super";21/05/08;"172008";"";"";?;?;no;no;0;0;0;0;no
16;2;6;6;14;"NO";0;60;0;0;1;"super";21/05/08;"172014";"";"";?;?;no;no;0;0;0;0;no
16;3;7;7;999;"RE";0;60;0;0;1;"super";21/05/08;"172019";"";"";?;?;no;no;0;0;0;0;no
17;1;1;5;15;"NO";36000;36060;0;0;1;"super";23/06/08;"134653";"";"";?;?;no;no;0;0;0;0;no
17;2;6;6;999;"RE";36000;36060;0;0;1;"super";23/06/08;"132631";"";"";?;?;no;no;0;0;0;0;no
18;1;1;5;16;"NO";79200;79260;0;0;1;"super";23/06/08;"141147";"";"";?;?;no;no;0;0;0;0;no
18;2;6;6;999;"RE";79200;79260;0;0;1;"super";23/06/08;"141147";"";"";?;?;no;no;0;0;0;0;no
19;1;1;5;18;"NO";33600;33660;0;0;1;"datasul";30/06/08;"111138";"";"";?;?;no;no;0;0;0;0;no
19;2;6;6;999;"RE";33600;33660;0;0;1;"datasul";30/06/08;"111138";"";"";?;?;no;no;0;0;0;0;no
20;1;1;5;17;"NO";26400;26460;0;0;1;"cleo";30/06/08;"160429";"";"";?;?;no;no;0;0;0;0;no
20;2;6;6;999;"RE";26400;26460;0;0;1;"cleo";30/06/08;"160422";"";"";?;?;no;no;0;0;0;0;no
20;3;7;7;17;"NO";26400;26460;0;0;1;"cleo";30/06/08;"160429";"";"";?;?;no;no;0;0;0;0;no
21;1;1;5;19;"NO";0;60;0;0;1;"cleo";02/07/08;"103708";"";"";?;?;no;no;0;0;0;0;no
21;2;6;6;998;"CO";0;60;0;0;1;"cleo";02/07/08;"103719";"";"";?;?;no;no;0;0;0;0;no
21;3;7;7;999;"RE";0;60;0;0;1;"cleo";02/07/08;"103725";"";"";?;?;no;no;0;0;0;0;no
22;1;1;5;22;"NO";58800;58860;0;0;1;"cleo";03/07/08;"181548";"";"";?;?;no;no;0;0;0;0;no
22;2;6;6;999;"RE";58800;58860;0;0;1;"cleo";03/07/08;"181548";"";"";?;?;no;no;0;0;0;0;no
23;1;1;5;21;"NO";3600;3660;0;0;1;"cleo";02/07/08;"110138";"";"";?;?;no;no;0;0;0;0;no
23;2;6;6;999;"RE";3600;3660;0;0;1;"cleo";02/07/08;"110138";"";"";?;?;no;no;0;0;0;0;no
24;1;1;6;23;"NO";0;60;0;0;1;"cleo";31/07/08;"110203";"";"";?;?;no;no;0;0;0;0;no
24;2;7;7;999;"RE";0;60;0;0;1;"cleo";31/07/08;"110207";"";"";?;?;no;no;0;0;0;0;no
25;1;1;6;27;"NO";0;60;0;0;1;"ELLEN";10/10/08;"151656";"";"";?;?;no;no;0;0;0;0;no
25;2;7;7;999;"RE";0;60;0;0;1;"ELLEN";10/10/08;"151709";"";"";?;?;no;no;0;0;0;0;no
26;1;1;6;28;"NO";0;60;0;0;1;"cleo";17/10/08;"085906";"";"";?;?;no;no;0;0;0;0;no
26;2;7;7;999;"RE";0;60;0;0;1;"cleo";17/10/08;"085928";"";"";?;?;no;no;0;0;0;0;no
27;1;1;5;29;"NO";0;60;0;0;1;"cleo";28/10/08;"113310";"";"";?;?;no;no;0;0;0;0;no
27;2;6;6;998;"CO";0;60;0;0;1;"CLEO";28/10/08;"132200";"";"";?;?;no;no;0;0;0;0;no
27;3;7;7;999;"RE";0;60;0;0;1;"CLEO";28/10/08;"132208";"";"";?;?;no;no;0;0;0;0;no
28;1;1;5;30;"NO";0;60;0;0;1;"CLEO";01/12/08;"174128";"";"";?;?;no;no;0;0;0;0;no
28;4;6;6;32;"NO";0;60;0;0;1;"CLEO";01/12/08;"174541";"";"";?;?;no;no;0;0;0;0;no
28;5;7;7;999;"RE";0;60;0;0;1;"CLEO";01/12/08;"174541";"";"";?;?;no;no;0;0;0;0;no
29;1;1;5;31;"NO";0;60;0;0;1;"CLEO";01/12/08;"170917";"";"";?;?;no;no;0;0;0;0;no
29;2;6;6;31;"NO";0;60;0;0;1;"CLEO";01/12/08;"170926";"";"";?;?;no;no;0;0;0;0;no
29;3;7;7;999;"RE";0;60;0;0;1;"CLEO";01/12/08;"170932";"";"";?;?;no;no;0;0;0;0;no
30;1;1;5;33;"NO";0;60;0;0;1;"CLEO";01/12/08;"180305";"";"";?;?;no;no;0;0;0;0;no
30;2;6;6;33;"NO";0;60;0;0;1;"CLEO";01/12/08;"180312";"";"";?;?;no;no;0;0;0;0;no
30;3;7;7;999;"RE";0;60;0;0;1;"CLEO";01/12/08;"180320";"";"";?;?;no;no;0;0;0;0;no
31;1;1;5;34;"NO";0;60;0;0;1;"cleo";02/12/08;"122826";"";"";?;?;no;no;0;0;0;0;no
31;2;6;6;34;"NO";0;60;0;0;1;"cleo";02/12/08;"122832";"";"";?;?;no;no;0;0;0;0;no
31;3;7;7;999;"RE";0;60;0;0;1;"cleo";02/12/08;"122842";"";"";?;?;no;no;0;0;0;0;no
32;1;1;5;35;"NO";0;60;0;0;1;"cleo";05/01/09;"074227";"";"";?;?;no;no;0;0;0;0;no
32;2;6;6;35;"NO";0;60;0;0;1;"cleo";05/01/09;"074235";"";"";?;?;no;no;0;0;0;0;no
32;3;7;7;999;"RE";0;60;0;0;1;"cleo";05/01/09;"074243";"";"";?;?;no;no;0;0;0;0;no
33;1;1;5;36;"NO";0;60;0;0;1;"cleo";05/01/09;"075431";"";"";?;?;no;no;0;0;0;0;no
33;2;6;6;998;"CO";0;60;0;0;1;"cleo";05/01/09;"075451";"";"";?;?;no;no;0;0;0;0;no
33;3;7;7;999;"RE";0;60;0;0;1;"cleo";05/01/09;"075442";"";"";?;?;no;no;0;0;0;0;no
34;1;1;5;38;"NO";86340;86400;0;0;1;"val";11/03/09;"104525";"";"";?;?;no;no;0;0;0;0;no
34;2;6;6;999;"RE";86340;0;0;0;1;"val";11/03/09;"104525";"";"";?;?;no;no;0;0;0;0;no
35;1;1;4;39;"NO";33600;33660;0;0;1;"VAL";04/04/09;"141511";"";"";?;?;no;no;0;0;0;0;no
35;2;5;5;40;"NO";33600;33660;0;0;1;"VAL";04/04/09;"141453";"";"";?;?;no;no;0;0;0;0;no
35;3;6;6;998;"CO";33600;33660;0;0;1;"VAL";04/04/09;"141505";"";"";?;?;no;no;0;0;0;0;no
35;4;7;7;999;"RE";33600;33660;0;0;1;"VAL";04/04/09;"141511";"";"";?;?;no;no;0;0;0;0;no
36;1;1;5;2;"NO";0;60;0;0;1;"val";01/04/09;"164402";"";"";?;?;no;no;0;0;0;0;no
36;2;6;6;41;"NO";0;60;0;0;1;"val";01/04/09;"164410";"";"";?;?;no;no;0;0;0;0;no
36;3;7;7;999;"RE";0;60;0;0;1;"val";01/04/09;"164421";"";"";?;?;no;no;0;0;0;0;no
37;1;1;4;42;"NO";0;60;0;0;1;"val";01/04/09;"184423";"";"";?;?;no;no;0;0;0;0;no
37;2;5;5;43;"NO";0;60;0;0;1;"val";01/04/09;"184440";"";"";?;?;no;no;0;0;0;0;no
37;3;6;6;998;"CO";0;60;0;0;1;"val";01/04/09;"184503";"";"";?;?;no;no;0;0;0;0;no
37;4;7;7;999;"RE";0;60;0;0;1;"val";01/04/09;"184509";"";"";?;?;no;no;0;0;0;0;no
38;1;1;5;44;"NO";0;60;0;0;1;"val";03/04/09;"163210";"";"";?;?;no;no;0;0;0;0;no
38;2;6;6;998;"CO";0;60;0;0;1;"val";03/04/09;"163216";"";"";?;?;no;no;0;0;0;0;no
38;3;7;7;999;"RE";0;60;0;0;1;"val";03/04/09;"163224";"";"";?;?;no;no;0;0;0;0;no
39;1;1;4;46;"NO";0;60;0;0;1;"val";03/04/09;"170122";"";"";?;?;no;no;0;0;0;0;no
39;2;5;5;45;"NO";0;60;0;0;1;"val";03/04/09;"170138";"";"";?;?;no;no;0;0;0;0;no
39;3;6;6;998;"CO";0;60;0;0;1;"val";03/04/09;"170143";"";"";?;?;no;no;0;0;0;0;no
39;4;7;7;999;"RE";0;60;0;0;1;"val";03/04/09;"170148";"";"";?;?;no;no;0;0;0;0;no
40;1;1;4;47;"NO";0;60;0;0;1;"val";04/04/09;"072041";"";"";?;?;no;no;0;0;0;0;no
40;2;5;5;48;"NO";0;60;0;0;1;"val";04/04/09;"072045";"";"";?;?;no;no;0;0;0;0;no
40;3;6;6;998;"CO";0;60;0;0;1;"val";04/04/09;"072049";"";"";?;?;no;no;0;0;0;0;no
40;4;7;7;999;"RE";0;60;0;0;1;"val";04/04/09;"072053";"";"";?;?;no;no;0;0;0;0;no
41;1;1;5;49;"NO";0;60;0;0;1;"val";04/04/09;"091313";"";"";?;?;no;no;0;0;0;0;no
41;2;6;6;998;"CO";0;60;0;0;1;"val";04/04/09;"091320";"";"";?;?;no;no;0;0;0;0;no
41;3;7;7;999;"RE";0;60;0;0;1;"val";04/04/09;"091328";"";"";?;?;no;no;0;0;0;0;no
42;1;1;6;50;"NO";0;60;0;0;1;"val";15/04/09;"145817";"";"";?;?;no;no;0;0;0;0;no
42;2;7;7;999;"RE";0;60;0;0;1;"val";15/04/09;"145824";"";"";?;?;no;no;0;0;0;0;no
43;1;1;4;51;"NO";0;60;0;0;1;"val";15/04/09;"161014";"";"";?;?;no;no;0;0;0;0;no
43;2;5;5;52;"NO";0;60;0;0;1;"val";15/04/09;"161028";"";"";?;?;no;no;0;0;0;0;no
43;3;6;6;998;"CO";0;60;0;0;1;"val";15/04/09;"161037";"";"";?;?;no;no;0;0;0;0;no
43;4;7;7;999;"RE";0;60;0;0;1;"val";15/04/09;"161028";"";"";?;?;no;no;0;0;0;0;no
44;1;1;5;54;"NO";26400;26460;0;0;1;"VAL";04/05/09;"135946";"";"";?;?;no;no;0;0;0;0;no
44;2;6;6;998;"CO";26400;26460;0;0;1;"VAL";04/05/09;"135934";"";"";?;?;no;no;0;0;0;0;no
44;3;7;7;999;"RE";26400;26460;0;0;1;"VAL";04/05/09;"135946";"";"";?;?;no;no;0;0;0;0;no
45;1;1;5;53;"NO";0;60;0;0;1;"VAL";04/05/09;"141246";"";"";?;?;no;no;0;0;0;0;no
45;2;6;6;999;"RE";0;60;0;0;1;"VAL";04/05/09;"141258";"";"";?;?;no;no;0;0;0;0;no
46;1;1;5;72;"NO";0;60;0;0;1;"ellen";25/08/09;"141457";"";"";?;?;no;no;0;0;0;0;no
46;2;6;6;999;"RE";0;60;0;0;1;"ellen";25/08/09;"141500";"";"";?;?;no;no;0;0;0;0;no
47;1;1;5;55;"NO";0;60;0;0;1;"VAL";04/05/09;"203743";"";"";?;?;no;no;0;0;0;0;no
47;2;6;6;56;"NO";0;60;0;0;1;"VAL";04/05/09;"203756";"";"";?;?;no;no;0;0;0;0;no
47;3;7;7;999;"RE";0;60;0;0;1;"VAL";04/05/09;"203756";"";"";?;?;no;no;0;0;0;0;no
48;1;1;6;18;"NO";33600;33660;0;0;1;"val";01/06/09;"091344";"";"";?;?;no;no;0;0;0;0;no
48;2;7;7;999;"RE";33600;33660;0;0;1;"val";01/06/09;"091344";"";"";?;?;no;no;0;0;0;0;no
49;1;1;5;57;"NO";0;60;0;0;1;"VAL";03/06/09;"102620";"";"";?;?;no;no;0;0;0;0;no
49;2;6;6;998;"CO";0;60;0;0;1;"VAL";03/06/09;"102624";"";"";?;?;no;no;0;0;0;0;no
49;3;7;7;999;"RE";0;60;0;0;1;"VAL";03/06/09;"102628";"";"";?;?;no;no;0;0;0;0;no
50;1;1;5;7;"NO";0;60;0;0;1;"ellen";18/06/09;"101611";"";"";?;?;no;no;0;0;0;0;no
50;2;6;6;998;"CO";0;60;0;0;1;"ellen";18/06/09;"101615";"";"";?;?;no;no;0;0;0;0;no
50;3;7;7;999;"RE";0;60;0;0;1;"ellen";18/06/09;"101619";"";"";?;?;no;no;0;0;0;0;no
51;1;1;5;58;"NO";0;60;0;0;1;"ellen";18/06/09;"102826";"";"";?;?;no;no;0;0;0;0;no
51;2;6;6;998;"CO";0;60;0;0;1;"ellen";18/06/09;"102830";"";"";?;?;no;no;0;0;0;0;no
51;3;7;7;999;"RE";0;60;0;0;1;"ellen";18/06/09;"102834";"";"";?;?;no;no;0;0;0;0;no
52;1;1;6;58;"NO";0;60;0;0;1;"ellen";18/06/09;"102946";"";"";?;?;no;no;0;0;0;0;no
52;2;7;7;999;"RE";0;60;0;0;1;"ellen";18/06/09;"102950";"";"";?;?;no;no;0;0;0;0;no
53;1;1;6;59;"NO";0;60;0;0;1;"ellen";23/06/09;"113715";"";"";?;?;no;no;0;0;0;0;no
53;2;7;7;999;"RE";0;60;0;0;1;"ellen";23/06/09;"113802";"";"";?;?;no;no;0;0;0;0;no
54;1;1;5;59;"NO";0;60;0;0;1;"ellen";23/06/09;"134836";"";"";?;?;no;no;0;0;0;0;no
54;2;6;6;998;"CO";0;60;0;0;1;"ellen";23/06/09;"134840";"";"";?;?;no;no;0;0;0;0;no
54;3;7;7;999;"RE";0;60;0;0;1;"ellen";23/06/09;"134844";"";"";?;?;no;no;0;0;0;0;no
55;1;1;6;7;"NO";0;60;0;0;1;"ellen";26/06/09;"140915";"";"";?;?;no;no;0;0;0;0;no
55;2;7;7;999;"RE";0;60;0;0;1;"ellen";26/06/09;"140925";"";"";?;?;no;no;0;0;0;0;no
56;1;1;5;60;"NO";0;60;0;0;1;"ELLEN";29/06/09;"144730";"";"";?;?;no;no;0;0;0;0;no
56;2;6;6;998;"CO";0;60;0;0;1;"ELLEN";29/06/09;"144734";"";"";?;?;no;no;0;0;0;0;no
56;3;7;7;999;"RE";0;60;0;0;1;"ELLEN";29/06/09;"144739";"";"";?;?;no;no;0;0;0;0;no
57;1;1;5;61;"NO";0;60;0;0;1;"val";03/07/09;"092509";"";"";?;?;no;no;0;0;0;0;no
57;2;6;6;62;"NO";0;60;0;0;1;"val";03/07/09;"092514";"";"";?;?;no;no;0;0;0;0;no
57;3;7;7;999;"RE";0;60;0;0;1;"val";03/07/09;"092518";"";"";?;?;no;no;0;0;0;0;no
58;1;1;4;63;"NO";0;60;0;0;1;"val";03/07/09;"092756";"";"";?;?;no;no;0;0;0;0;no
58;2;5;5;64;"NO";0;60;0;0;1;"val";03/07/09;"092805";"";"";?;?;no;no;0;0;0;0;no
58;3;6;6;998;"CO";0;60;0;0;1;"val";03/07/09;"092811";"";"";?;?;no;no;0;0;0;0;no
58;4;7;7;999;"RE";0;60;0;0;1;"val";03/07/09;"092817";"";"";?;?;no;no;0;0;0;0;no
59;1;1;6;10;"NO";0;60;0;0;1;"ellen";03/07/09;"162022";"";"";?;?;no;no;0;0;0;0;no
59;2;7;7;999;"RE";0;60;0;0;1;"ellen";03/07/09;"162030";"";"";?;?;no;no;0;0;0;0;no
60;1;1;6;65;"NO";0;60;0;0;1;"ellen";15/07/09;"163932";"";"";?;?;no;no;0;0;0;0;no
60;2;7;7;999;"RE";0;60;0;0;1;"ellen";15/07/09;"163937";"";"";?;?;no;no;0;0;0;0;no
61;1;1;6;66;"NO";43200;43260;0;0;1;"ellen";18/08/09;"104605";"";"";?;?;no;no;0;0;0;0;no
61;2;7;7;999;"RE";43200;43260;0;0;1;"ellen";18/08/09;"104605";"";"";?;?;no;no;0;0;0;0;no
62;1;1;5;67;"NO";0;60;0;0;1;"ellen";30/07/09;"102510";"";"";?;?;no;no;0;0;0;0;no
62;2;6;6;998;"CO";0;60;0;0;1;"ellen";30/07/09;"102514";"";"";?;?;no;no;0;0;0;0;no
62;3;7;7;999;"RE";0;60;0;0;1;"ellen";30/07/09;"102518";"";"";?;?;no;no;0;0;0;0;no
63;1;1;5;3;"NO";0;60;0;0;1;"ellen";01/08/09;"122312";"";"";?;?;no;no;0;0;0;0;no
63;2;6;6;999;"RE";0;60;0;0;1;"ellen";01/08/09;"122316";"";"";?;?;no;no;0;0;0;0;no
63;3;7;7;3;"NO";0;60;0;0;1;"ellen";01/08/09;"122321";"";"";?;?;no;no;0;0;0;0;no
64;1;1;5;66;"NO";43200;43260;0;0;1;"ellen";18/08/09;"104540";"";"";?;?;no;no;0;0;0;0;no
64;2;6;6;999;"RE";43200;43260;0;0;1;"ellen";18/08/09;"104540";"";"";?;?;no;no;0;0;0;0;no
65;1;1;5;68;"NO";36000;36060;0;0;1;"ellen";18/08/09;"112017";"";"";?;?;no;no;0;0;0;0;no
65;2;6;6;999;"RE";36000;36060;0;0;1;"ellen";18/08/09;"112017";"";"";?;?;no;no;0;0;0;0;no
66;1;1;5;29;"NO";0;60;0;0;1;"ellen";06/08/09;"151339";"";"";?;?;no;no;0;0;0;0;no
66;2;6;6;998;"CO";0;60;0;0;1;"ellen";06/08/09;"151344";"";"";?;?;no;no;0;0;0;0;no
66;3;7;7;999;"RE";0;60;0;0;1;"ellen";06/08/09;"151348";"";"";?;?;no;no;0;0;0;0;no
67;1;1;5;70;"NO";0;60;0;0;1;"ellen";19/08/09;"091129";"";"";?;?;no;no;0;0;0;0;no
67;2;6;6;999;"RE";0;60;0;0;1;"ellen";19/08/09;"091134";"";"";?;?;no;no;0;0;0;0;no
68;1;1;5;65;"NO";0;60;0;0;1;"ellen";24/08/09;"162236";"";"";?;?;no;no;0;0;0;0;no
68;2;6;6;999;"RE";0;60;0;0;1;"ellen";24/08/09;"162307";"";"";?;?;no;no;0;0;0;0;no
69;1;1;5;71;"NO";0;60;0;0;1;"ellen";25/08/09;"100153";"";"";?;?;no;no;0;0;0;0;no
69;2;6;6;998;"CO";0;60;0;0;1;"ellen";25/08/09;"100157";"";"";?;?;no;no;0;0;0;0;no
69;3;7;7;999;"RE";0;60;0;0;1;"ellen";25/08/09;"100200";"";"";?;?;no;no;0;0;0;0;no
70;1;1;5;73;"NO";0;60;0;0;1;"ellen";28/08/09;"084921";"";"";?;?;no;no;0;0;0;0;no
70;2;6;6;998;"CO";0;60;0;0;1;"ellen";28/08/09;"084925";"";"";?;?;no;no;0;0;0;0;no
70;3;7;7;999;"RE";0;60;0;0;1;"ellen";28/08/09;"084927";"";"";?;?;no;no;0;0;0;0;no
71;1;1;5;74;"NO";0;60;0;0;1;"ellen";28/08/09;"085418";"";"";?;?;no;no;0;0;0;0;no
71;2;6;6;998;"CO";0;60;0;0;1;"ellen";28/08/09;"085420";"";"";?;?;no;no;0;0;0;0;no
71;3;7;7;999;"RE";0;60;0;0;1;"ellen";28/08/09;"085424";"";"";?;?;no;no;0;0;0;0;no
72;1;1;5;34;"NO";0;60;0;0;1;"ellen";28/08/09;"164943";"";"";?;?;no;no;0;0;0;0;no
72;2;6;6;999;"RE";0;60;0;0;1;"ellen";28/08/09;"165013";"";"";?;?;no;no;0;0;0;0;no
73;1;1;5;39;"NO";28800;28860;0;0;1;"ellen";28/08/09;"165732";"";"";?;?;no;no;0;0;0;0;no
73;2;6;6;999;"RE";28800;28860;0;0;1;"ellen";28/08/09;"165732";"";"";?;?;no;no;0;0;0;0;no
74;1;1;5;75;"NO";18000;18060;0;0;1;"ellen";29/08/09;"183241";"";"";?;?;no;no;0;0;0;0;no
74;2;6;6;999;"RE";18000;18060;0;0;1;"ellen";29/08/09;"183241";"";"";?;?;no;no;0;0;0;0;no
75;1;1;5;58;"NO";22800;22860;0;0;1;"ellen";31/08/09;"100308";"";"";?;?;no;no;0;0;0;0;no
75;2;6;6;999;"RE";22800;22860;0;0;1;"ellen";31/08/09;"100308";"";"";?;?;no;no;0;0;0;0;no
76;1;1;6;16;"NO";0;60;0;0;1;"ellen";01/09/09;"093522";"";"";?;?;no;no;0;0;0;0;no
76;2;7;7;999;"RE";0;60;0;0;1;"ellen";01/09/09;"093525";"";"";?;?;no;no;0;0;0;0;no
77;1;1;5;4;"NO";24000;24060;0;0;1;"ellen";01/09/09;"143945";"";"";?;?;no;no;0;0;0;0;no
77;2;6;6;999;"RE";24000;24060;0;0;1;"ellen";01/09/09;"143945";"";"";?;?;no;no;0;0;0;0;no
78;1;1;5;69;"NO";23400;23460;0;0;1;"ellen";26/09/09;"110927";"";"";?;?;no;no;0;0;0;0;no
78;2;6;6;999;"RE";23400;23460;0;0;1;"ellen";26/09/09;"110927";"";"";?;?;no;no;0;0;0;0;no
79;1;1;5;76;"NO";36000;36060;0;0;1;"ellen";01/10/09;"095954";"";"";?;?;no;no;0;0;0;0;no
79;2;6;6;999;"RE";36000;36060;0;0;1;"ellen";01/10/09;"095954";"";"";?;?;no;no;0;0;0;0;no
80;1;1;5;72;"NO";0;60;0;0;1;"ellen";05/10/09;"114637";"";"";?;?;no;no;0;0;0;0;no
80;2;6;6;999;"RE";0;60;0;0;1;"ellen";05/10/09;"114642";"";"";?;?;no;no;0;0;0;0;no
81;1;1;6;77;"NO";0;60;0;0;1;"ellen";06/10/09;"093815";"";"";?;?;no;no;0;0;0;0;no
81;2;7;7;999;"RE";0;60;0;0;1;"ellen";06/10/09;"093818";"";"";?;?;no;no;0;0;0;0;no
82;1;1;5;78;"NO";0;60;0;0;1;"ELLEN";20/10/09;"110250";"";"";?;?;no;no;0;0;0;0;no
82;2;6;6;998;"CO";0;60;0;0;1;"ELLEN";20/10/09;"110253";"";"";?;?;no;no;0;0;0;0;no
82;3;7;7;999;"RE";0;60;0;0;1;"ELLEN";20/10/09;"110255";"";"";?;?;no;no;0;0;0;0;no
83;1;1;5;3;"NO";0;60;0;0;1;"ellen";03/11/09;"165935";"";"";?;?;no;no;0;0;0;0;no
83;2;6;6;41;"NO";0;60;0;0;1;"ellen";03/11/09;"165938";"";"";?;?;no;no;0;0;0;0;no
83;3;7;7;999;"RE";0;60;0;0;1;"ellen";03/11/09;"165945";"";"";?;?;no;no;0;0;0;0;no
84;1;1;5;79;"NO";0;60;0;0;1;"ellen";03/11/09;"200812";"";"";?;?;no;no;0;0;0;0;no
84;2;6;6;999;"RE";0;60;0;0;1;"ellen";03/11/09;"200816";"";"";?;?;no;no;0;0;0;0;no
85;1;1;5;80;"NO";0;60;0;0;1;"ellen";05/11/09;"075540";"";"";?;?;no;no;0;0;0;0;no
85;2;6;6;999;"RE";0;60;0;0;1;"ellen";05/11/09;"075545";"";"";?;?;no;no;0;0;0;0;no
86;1;1;5;81;"NO";0;60;0;0;1;"ELLEN";05/11/09;"090807";"";"";?;?;no;no;0;0;0;0;no
86;2;6;6;999;"RE";0;60;0;0;1;"ELLEN";05/11/09;"090811";"";"";?;?;no;no;0;0;0;0;no
87;1;1;6;82;"NO";0;60;0;0;1;"ellen";11/11/09;"165716";"";"";?;?;no;no;0;0;0;0;no
87;2;7;7;999;"RE";0;60;0;0;1;"ellen";11/11/09;"165720";"";"";?;?;no;no;0;0;0;0;no
88;1;1;6;16;"NO";79200;79260;0;0;1;"ellen";12/11/09;"100820";"";"";?;?;no;no;0;0;0;0;no
88;2;7;7;999;"RE";79200;79260;0;0;1;"ellen";12/11/09;"100820";"";"";?;?;no;no;0;0;0;0;no
89;1;1;6;15;"NO";36000;36060;0;0;1;"ellen";12/11/09;"104459";"";"";?;?;no;no;0;0;0;0;no
89;2;7;7;999;"RE";36000;36060;0;0;1;"ellen";12/11/09;"104459";"";"";?;?;no;no;0;0;0;0;no
90;1;1;5;83;"NO";0;60;0;0;1;"ellen";16/11/09;"112011";"";"";?;?;no;no;0;0;0;0;no
90;2;6;6;999;"RE";0;60;0;0;1;"ellen";16/11/09;"112017";"";"";?;?;no;no;0;0;0;0;no
91;1;1;5;57;"NO";0;60;0;0;1;"lucimar";18/11/09;"105132";"";"";?;?;no;no;0;0;0;0;no
91;2;6;6;999;"RE";0;60;0;0;1;"lucimar";18/11/09;"105135";"";"";?;?;no;no;0;0;0;0;no
92;1;1;5;84;"NO";0;60;0;0;1;"ellen";12/01/10;"162346";"";"";?;?;no;no;0;0;0;0;no
92;2;6;6;998;"CO";0;60;0;0;1;"ellen";12/01/10;"162348";"";"";?;?;no;no;0;0;0;0;no
92;3;7;7;999;"RE";0;60;0;0;1;"ellen";12/01/10;"162354";"";"";?;?;no;no;0;0;0;0;no
93;1;1;6;4;"NO";27600;27660;0;0;1;"ellen";30/01/10;"200412";"";"";?;?;no;no;0;0;0;0;no
93;2;7;7;999;"RE";27600;27660;0;0;1;"ellen";30/01/10;"200412";"";"";?;?;no;no;0;0;0;0;no
94;1;1;5;85;"NO";0;60;0;0;1;"ellen";30/01/10;"174334";"";"";?;?;no;no;0;0;0;0;no
94;2;6;6;999;"RE";0;60;0;0;1;"ellen";30/01/10;"174338";"";"";?;?;no;no;0;0;0;0;no
95;1;1;5;86;"NO";0;60;0;0;1;"ellen";30/01/10;"190325";"";"";?;?;no;no;0;0;0;0;no
95;2;6;6;999;"RE";0;60;0;0;1;"ellen";30/01/10;"190329";"";"";?;?;no;no;0;0;0;0;no
96;1;1;5;87;"NO";0;60;0;0;1;"ellen";19/02/10;"151959";"";"";?;?;no;no;0;0;0;0;no
96;2;6;6;999;"RE";0;60;0;0;1;"ellen";19/02/10;"152003";"";"";?;?;no;no;0;0;0;0;no
97;1;1;5;88;"NO";0;60;0;0;1;"ellen";19/02/10;"185232";"";"";?;?;no;no;0;0;0;0;no
97;2;6;6;999;"RE";0;60;0;0;1;"ellen";19/02/10;"185239";"";"";?;?;no;no;0;0;0;0;no
98;1;1;5;89;"NO";0;60;0;0;1;"ellen";27/02/10;"143640";"";"";?;?;no;no;0;0;0;0;no
98;2;6;6;999;"RE";0;60;0;0;1;"ellen";27/02/10;"143644";"";"";?;?;no;no;0;0;0;0;no
99;1;1;5;90;"NO";0;60;0;0;1;"ellen";27/02/10;"182040";"";"";?;?;no;no;0;0;0;0;no
99;2;6;6;999;"RE";0;60;0;0;1;"ellen";27/02/10;"182043";"";"";?;?;no;no;0;0;0;0;no
100;1;1;5;91;"NO";0;60;0;0;1;"ellen";19/03/10;"142621";"";"";?;?;no;no;0;0;0;0;no
100;2;6;6;998;"CO";0;60;0;0;1;"ellen";19/03/10;"142626";"";"";?;?;no;no;0;0;0;0;no
100;3;7;7;999;"RE";0;60;0;0;1;"ellen";19/03/10;"142633";"";"";?;?;no;no;0;0;0;0;no
101;1;1;5;6;"NO";0;60;0;0;1;"ellen";20/03/10;"150659";"";"";?;?;no;no;0;0;0;0;no
101;2;6;6;41;"NO";0;60;0;0;1;"ellen";20/03/10;"150705";"";"";?;?;no;no;0;0;0;0;no
101;3;7;7;999;"RE";0;60;0;0;1;"ellen";20/03/10;"150710";"";"";?;?;no;no;0;0;0;0;no
102;1;1;5;92;"NO";0;60;0;0;1;"ellen";13/04/10;"131745";"";"";?;?;no;no;0;0;0;0;no
102;2;6;6;999;"RE";0;60;0;0;1;"ellen";13/04/10;"131748";"";"";?;?;no;no;0;0;0;0;no
103;1;1;4;93;"NO";0;60;0;0;1;"ellen";15/04/10;"141320";"";"";?;?;no;no;0;0;0;0;no
103;2;5;5;72;"NO";0;60;0;0;1;"ellen";15/04/10;"141324";"";"";?;?;no;no;0;0;0;0;no
103;3;6;6;998;"CO";0;60;0;0;1;"ellen";15/04/10;"141342";"";"";?;?;no;no;0;0;0;0;no
103;4;7;7;999;"RE";0;60;0;0;1;"ellen";15/04/10;"141346";"";"";?;?;no;no;0;0;0;0;no
104;1;1;6;81;"NO";0;60;0;0;1;"ellen";26/04/10;"130835";"";"";?;?;no;no;0;0;0;0;no
104;2;7;7;999;"RE";0;60;0;0;1;"ellen";26/04/10;"130839";"";"";?;?;no;no;0;0;0;0;no
105;1;1;6;83;"NO";0;60;0;0;1;"ellen";21/05/10;"125859";"";"";?;?;no;no;0;0;0;0;no
105;2;7;7;999;"RE";0;60;0;0;1;"ellen";21/05/10;"125903";"";"";?;?;no;no;0;0;0;0;no
106;1;1;6;94;"NO";0;60;0;0;1;"ellen";27/05/10;"161850";"";"";?;?;no;no;0;0;0;0;no
106;2;7;7;999;"RE";0;60;0;0;1;"ellen";27/05/10;"161855";"";"";?;?;no;no;0;0;0;0;no
107;1;1;4;95;"NO";0;60;0;0;1;"ELLEN";02/06/10;"111320";"";"";?;?;no;no;0;0;0;0;no
107;2;5;5;72;"NO";0;60;0;0;1;"ELLEN";02/06/10;"111328";"";"";?;?;no;no;0;0;0;0;no
107;3;6;6;998;"CO";0;60;0;0;1;"ELLEN";02/06/10;"111332";"";"";?;?;no;no;0;0;0;0;no
107;4;7;7;999;"RE";0;60;0;0;1;"ELLEN";02/06/10;"111335";"";"";?;?;no;no;0;0;0;0;no
108;1;1;5;96;"NO";0;60;0;0;1;"Val";22/07/10;"151455";"";"";?;?;no;no;0;0;0;0;no
108;2;6;6;41;"NO";0;60;0;0;1;"Val";22/07/10;"151505";"";"";?;?;no;no;0;0;0;0;no
108;3;7;7;999;"RE";0;60;0;0;1;"Val";22/07/10;"151513";"";"";?;?;no;no;0;0;0;0;no
109;1;1;4;97;"NO";0;60;0;0;1;"Val";22/07/10;"160955";"";"";?;?;no;no;0;0;0;0;no
109;2;5;5;98;"NO";0;60;0;0;1;"Val";22/07/10;"161002";"";"";?;?;no;no;0;0;0;0;no
109;3;6;6;998;"CO";0;60;0;0;1;"Val";22/07/10;"161009";"";"";?;?;no;no;0;0;0;0;no
109;4;7;7;999;"RE";0;60;0;0;1;"Val";22/07/10;"161015";"";"";?;?;no;no;0;0;0;0;no
110;1;1;4;97;"NO";0;60;0;0;1;"Val";22/07/10;"162936";"";"";?;?;no;no;0;0;0;0;no
110;2;5;5;99;"NO";0;60;0;0;1;"Val";22/07/10;"162943";"";"";?;?;no;no;0;0;0;0;no
110;3;6;6;998;"CO";0;60;0;0;1;"Val";22/07/10;"162950";"";"";?;?;no;no;0;0;0;0;no
110;4;7;7;999;"RE";0;60;0;0;1;"Val";22/07/10;"162957";"";"";?;?;no;no;0;0;0;0;no
111;1;1;6;100;"NO";0;60;0;0;1;"ellen";30/07/10;"145046";"";"";?;?;no;no;0;0;0;0;no
111;2;7;7;999;"RE";0;60;0;0;1;"ellen";30/07/10;"145051";"";"";?;?;no;no;0;0;0;0;no
112;1;1;5;53;"NO";0;60;0;0;1;"ellen";30/08/10;"131816";"";"";?;?;no;no;0;0;0;0;no
112;2;6;6;100;"NO";0;60;0;0;1;"ellen";30/08/10;"131820";"";"";?;?;no;no;0;0;0;0;no
112;3;7;7;999;"RE";0;60;0;0;1;"ellen";30/08/10;"131822";"";"";?;?;no;no;0;0;0;0;no
113;1;1;5;101;"NO";0;60;0;0;1;"ELLEN";27/08/10;"103328";"";"";?;?;no;no;0;0;0;0;no
113;2;6;6;102;"NO";0;60;0;0;1;"ELLEN";27/08/10;"103333";"";"";?;?;no;no;0;0;0;0;no
113;3;7;7;999;"RE";0;60;0;0;1;"ELLEN";27/08/10;"103336";"";"";?;?;no;no;0;0;0;0;no
114;1;1;6;103;"NO";0;60;0;0;1;"ELLEN";01/10/10;"201725";"";"";?;?;no;no;0;0;0;0;no
114;2;7;7;999;"RE";0;60;0;0;1;"ELLEN";01/10/10;"201728";"";"";?;?;no;no;0;0;0;0;no
115;1;1;6;105;"NO";0;60;0;0;1;"fabiano";02/02/11;"153028";"";"";?;?;no;no;0;0;0;0;no
115;5;7;7;999;"RE";0;60;0;0;1;"fabiano";02/02/11;"153028";"";"";?;?;no;no;0;0;0;0;no
116;1;1;6;106;"NO";0;60;0;0;1;"fabiano";25/02/11;"154348";"";"";?;?;no;no;0;0;0;0;no
116;2;7;7;999;"RE";0;60;0;0;1;"fabiano";25/02/11;"154359";"";"";?;?;no;no;0;0;0;0;no
117;1;1;6;107;"NO";0;60;0;0;1;"FABIANO";25/05/11;"141814";"";"";?;?;no;no;0;0;0;0;no
117;2;7;7;999;"RE";0;60;0;0;1;"FABIANO";25/05/11;"141823";"";"";?;?;no;no;0;0;0;0;no
118;1;1;5;50;"NO";0;60;0;0;1;"FABIANO";02/06/11;"094624";"";"";?;?;no;no;0;0;0;0;no
118;2;6;6;999;"RE";0;60;0;0;1;"FABIANO";02/06/11;"094637";"";"";?;?;no;no;0;0;0;0;no
119;1;1;6;108;"NO";0;60;0;0;1;"FABIANO";05/07/11;"084241";"";"";?;?;no;no;0;0;0;0;no
119;2;7;7;999;"RE";0;60;0;0;1;"FABIANO";05/07/11;"084310";"";"";?;?;no;no;0;0;0;0;no
120;1;1;6;109;"NO";0;60;0;0;1;"FABIANO";21/07/11;"121148";"";"";?;?;no;no;0;0;0;0;no
120;2;7;7;999;"RE";0;60;0;0;1;"FABIANO";21/07/11;"121158";"";"";?;?;no;no;0;0;0;0;no
121;1;1;6;110;"NO";0;60;0;0;1;"FABIANO";26/07/11;"142143";"";"";?;?;no;no;0;0;0;0;no
121;2;7;7;999;"RE";0;60;0;0;1;"FABIANO";26/07/11;"142152";"";"";?;?;no;no;0;0;0;0;no
122;1;1;5;1;"NO";0;60;0;0;1;"FABIANO";05/09/11;"094246";"";"";?;?;no;no;0;0;0;0;no
122;2;6;6;114;"NO";0;60;0;0;1;"FABIANO";05/09/11;"094258";"";"";?;?;no;no;0;0;0;0;no
122;3;7;7;999;"RE";0;60;0;0;1;"FABIANO";05/09/11;"094308";"";"";?;?;no;no;0;0;0;0;no
123;1;1;5;115;"NO";0;60;0;0;1;"FABIANO";29/09/11;"071859";"";"";?;?;no;no;0;0;0;0;no
123;2;6;6;114;"NO";0;60;0;0;1;"FABIANO";29/09/11;"071910";"";"";?;?;no;no;0;0;0;0;no
123;3;7;7;999;"RE";0;60;0;0;1;"FABIANO";29/09/11;"072013";"";"";?;?;no;no;0;0;0;0;no
124;1;1;6;138;"NO";0;60;0;0;1;"ELLEN";03/12/13;"175328";"";"";?;?;no;no;0;0;0;0;no
124;2;7;7;999;"RE";0;60;0;0;1;"ELLEN";03/12/13;"175333";"";"";?;?;no;no;0;0;0;0;no
125;1;1;5;301;"NO";35400;35460;0;0;1;"ellen";01/08/19;"100006";"";"";?;?;no;no;0;0;0;0;no
125;2;6;6;999;"RE";35400;35460;0;0;1;"ellen";01/08/19;"100006";"";"";?;?;no;no;0;0;0;0;no
126;1;1;6;116;"NO";0;60;0;0;1;"FABIANO";01/12/11;"161812";"";"";?;?;no;no;0;0;0;0;no
126;2;7;7;999;"RE";0;60;0;0;1;"FABIANO";01/12/11;"161826";"";"";?;?;no;no;0;0;0;0;no
127;1;1;5;117;"NO";0;60;0;0;1;"FABIANO";26/03/12;"142658";"";"";?;?;no;no;0;0;0;0;no
127;2;6;6;999;"RE";0;60;0;0;1;"FABIANO";26/03/12;"142710";"";"";?;?;no;no;0;0;0;0;no
128;1;1;5;118;"NO";0;60;0;0;1;"FABIANO";20/06/12;"080413";"";"";?;?;no;no;0;0;0;0;no
128;2;6;6;999;"RE";0;60;0;0;1;"FABIANO";20/06/12;"080430";"";"";?;?;no;no;0;0;0;0;no
129;1;1;5;119;"NO";0;60;0;0;1;"FABIANO";22/06/12;"125648";"";"";?;?;no;no;0;0;0;0;no
129;2;6;6;115;"NO";0;60;0;0;1;"FABIANO";22/06/12;"125658";"";"";?;?;no;no;0;0;0;0;no
129;3;7;7;999;"RE";0;60;0;0;1;"FABIANO";22/06/12;"125704";"";"";?;?;no;no;0;0;0;0;no
130;1;1;6;122;"NO";0;60;0;0;1;"super";13/04/17;"101158";"";"";?;?;yes;no;0;0;0;0;no
130;2;7;7;999;"RE";0;60;0;0;1;"super";13/04/17;"101207";"";"";?;?;no;no;0;0;0;0;no
131;1;1;6;122;"NO";0;60;0;0;1;"FABIANO";26/07/12;"082202";"";"";?;?;no;no;0;0;0;0;no
131;2;7;7;999;"RE";0;60;0;0;1;"FABIANO";26/07/12;"082227";"";"";?;?;no;no;0;0;0;0;no
132;1;1;1;123;"NO";0;60;0;0;1;"FABIANO";13/09/12;"122030";"";"";?;?;no;no;0;0;0;0;no
132;2;2;2;999;"RE";0;60;0;0;1;"FABIANO";13/09/12;"122053";"";"";?;?;no;no;0;0;0;0;no
132;3;3;3;123;"NO";0;60;0;0;1;"FABIANO";13/09/12;"122111";"";"";?;?;no;no;0;0;0;0;no
132;4;4;4;999;"RE";0;60;0;0;1;"FABIANO";13/09/12;"122124";"";"";?;?;no;no;0;0;0;0;no
132;5;5;5;123;"NO";0;60;0;0;1;"FABIANO";13/09/12;"122131";"";"";?;?;no;no;0;0;0;0;no
132;6;6;6;999;"RE";0;60;0;0;1;"FABIANO";13/09/12;"122208";"";"";?;?;no;no;0;0;0;0;no
133;1;1;6;118;"NO";0;60;0;0;1;"FABIANO";27/12/12;"130705";"";"";?;?;no;no;0;0;0;0;no
133;2;7;7;999;"RE";0;60;0;0;1;"FABIANO";27/12/12;"130716";"";"";?;?;no;no;0;0;0;0;no
134;1;1;6;124;"NO";0;60;0;0;1;"DANI";04/02/13;"163613";"";"";?;?;no;no;0;0;0;0;no
134;2;7;7;999;"RE";0;60;0;0;1;"DANI";04/02/13;"163617";"";"";?;?;no;no;0;0;0;0;no
135;1;1;5;125;"NO";0;60;0;0;1;"ELLEN";04/03/13;"084000";"";"";?;?;no;no;0;0;0;0;no
135;2;6;6;999;"RE";0;60;0;0;1;"ELLEN";04/03/13;"084003";"";"";?;?;no;no;0;0;0;0;no
136;1;1;6;126;"NO";0;60;0;0;1;"ELLEN";04/03/13;"115653";"";"";?;?;no;no;0;0;0;0;no
136;2;7;7;999;"RE";0;60;0;0;1;"ELLEN";04/03/13;"115700";"";"";?;?;no;no;0;0;0;0;no
137;1;1;6;127;"NO";0;60;0;0;1;"ELLEN";01/04/13;"130608";"";"";?;?;no;no;0;0;0;0;no
137;2;7;7;999;"RE";0;60;0;0;1;"ELLEN";01/04/13;"130613";"";"";?;?;no;no;0;0;0;0;no
138;1;1;6;128;"NO";0;60;0;0;1;"ELLEN";01/04/13;"184821";"";"";?;?;no;no;0;0;0;0;no
138;2;7;7;999;"RE";0;60;0;0;1;"ELLEN";01/04/13;"184824";"";"";?;?;no;no;0;0;0;0;no
139;1;1;6;129;"NO";0;60;0;0;1;"ELLEN";02/04/13;"151130";"";"";?;?;no;no;0;0;0;0;no
139;2;7;7;999;"RE";0;60;0;0;1;"ELLEN";02/04/13;"151133";"";"";?;?;no;no;0;0;0;0;no
140;1;1;6;130;"NO";21600;21660;0;0;1;"ELLEN";14/05/13;"165046";"";"";?;?;no;no;0;0;0;0;no
140;2;7;7;999;"RE";21600;21660;0;0;1;"ELLEN";14/05/13;"165046";"";"";?;?;no;no;0;0;0;0;no
141;1;1;5;61;"NO";0;60;0;0;1;"ELLEN";26/06/13;"155950";"";"";?;?;no;no;0;0;0;0;no
141;2;6;6;999;"RE";0;60;0;0;1;"ELLEN";26/06/13;"155955";"";"";?;?;no;no;0;0;0;0;no
142;1;1;6;131;"NO";0;60;0;0;1;"LUCIMAR";03/07/13;"075550";"";"";?;?;no;no;0;0;0;0;no
142;2;7;7;999;"RE";0;60;0;0;1;"LUCIMAR";03/07/13;"075605";"";"";?;?;no;no;0;0;0;0;no
143;1;1;6;132;"NO";0;60;0;0;1;"LUCIMAR";03/07/13;"083916";"";"";?;?;no;no;0;0;0;0;no
143;2;7;7;999;"RE";0;60;0;0;1;"LUCIMAR";03/07/13;"083926";"";"";?;?;no;no;0;0;0;0;no
144;1;1;5;132;"NO";0;60;0;0;1;"LUCIMAR";03/08/13;"104155";"";"";?;?;no;no;0;0;0;0;no
144;2;6;6;999;"RE";0;60;0;0;1;"LUCIMAR";03/08/13;"104237";"";"";?;?;no;no;0;0;0;0;no
145;1;1;6;133;"no";0;60;0;0;1;"LUCIMAR";03/08/13;"105732";"";"";?;?;no;no;0;0;0;0;no
145;2;7;7;999;"RE";0;60;0;0;1;"LUCIMAR";03/08/13;"105743";"";"";?;?;no;no;0;0;0;0;no
146;1;1;5;134;"NO";0;60;0;0;1;"LUCIMAR";03/08/13;"110258";"";"";?;?;no;no;0;0;0;0;no
146;2;6;6;998;"CO";0;60;0;0;1;"LUCIMAR";03/08/13;"110311";"";"";?;?;no;no;0;0;0;0;no
146;3;7;7;999;"RE";0;60;0;0;1;"LUCIMAR";03/08/13;"110319";"";"";?;?;no;no;0;0;0;0;no
147;1;1;5;135;"no";43200;43260;0;0;1;"LUCIMAR";02/10/13;"173518";"";"";?;?;no;no;0;0;0;0;no
147;2;6;6;999;"RE";43200;43260;0;0;1;"LUCIMAR";02/10/13;"173518";"";"";?;?;no;no;0;0;0;0;no
148;1;1;5;137;"NO";0;60;0;0;1;"LUCIMAR";03/12/13;"193211";"";"";?;?;no;no;0;0;0;0;no
148;2;6;6;102;"NO";0;60;0;0;1;"LUCIMAR";03/12/13;"193222";"";"";?;?;no;no;0;0;0;0;no
148;3;7;7;999;"RE";0;60;0;0;1;"LUCIMAR";03/12/13;"193228";"";"";?;?;no;no;0;0;0;0;no
149;1;1;6;139;"NO";0;60;0;0;1;"ELLEN";03/12/13;"180555";"";"";?;?;no;no;0;0;0;0;no
149;2;7;7;999;"RE";0;60;0;0;1;"ELLEN";03/12/13;"180557";"";"";?;?;no;no;0;0;0;0;no
150;1;1;5;140;"NO";0;60;0;0;1;"ELLEN";03/12/13;"191707";"";"";?;?;no;no;0;0;0;0;no
150;2;6;6;999;"RE";0;60;0;0;1;"ELLEN";03/12/13;"191712";"";"";?;?;no;no;0;0;0;0;no
151;1;1;5;141;"NO";0;60;0;0;1;"ELLEN";04/01/14;"090620";"";"";?;?;no;no;0;0;0;0;no
151;2;6;6;999;"RE";0;60;0;0;1;"ELLEN";04/01/14;"090623";"";"";?;?;no;no;0;0;0;0;no
152;1;1;5;142;"NO";0;60;0;0;1;"DANI";06/03/14;"063007";"";"";?;?;no;no;0;0;0;0;no
152;2;6;6;999;"RE";0;60;0;0;1;"DANI";06/03/14;"063021";"";"";?;?;no;no;0;0;0;0;no
153;1;1;5;143;"NO";0;60;0;0;1;"DANI";03/07/14;"181913";"";"";?;?;no;no;0;0;0;0;no
153;2;6;6;998;"CO";0;60;0;0;1;"DANI";03/07/14;"182054";"";"";?;?;no;no;0;0;0;0;no
153;3;7;7;999;"RE";0;60;0;0;1;"DANI";03/07/14;"182100";"";"";?;?;no;no;0;0;0;0;no
154;1;1;5;144;"NO";43200;43260;0;0;1;"dani";02/10/14;"090526";"";"";?;?;no;no;0;0;0;0;no
154;2;6;6;998;"CO";43200;43260;0;0;1;"dani";02/10/14;"090511";"";"";?;?;no;no;0;0;0;0;no
154;3;7;7;999;"RE";43200;43260;0;0;1;"dani";02/10/14;"090526";"";"";?;?;no;no;0;0;0;0;no
155;1;1;5;145;"NO";0;60;0;0;1;"dani";02/10/14;"094109";"";"";?;?;no;no;0;0;0;0;no
155;2;6;6;999;"RE";0;60;0;0;1;"dani";02/10/14;"094119";"";"";?;?;no;no;0;0;0;0;no
156;1;1;5;146;"NO";0;60;0;0;1;"dani";02/10/14;"134836";"";"";?;?;no;no;0;0;0;0;no
156;2;6;6;998;"CO";0;60;0;0;1;"dani";02/10/14;"134845";"";"";?;?;no;no;0;0;0;0;no
156;3;7;7;999;"RE";0;60;0;0;1;"dani";02/10/14;"134852";"";"";?;?;no;no;0;0;0;0;no
157;1;1;5;147;"NO";79200;79260;0;0;1;"ellen";06/01/15;"183659";"";"";?;?;no;no;0;0;0;0;no
157;2;6;6;998;"CO";79200;79260;0;0;1;"dani";03/11/14;"213210";"";"";?;?;no;no;0;0;0;0;no
157;3;7;7;999;"RE";79200;79260;0;0;1;"dani";03/11/14;"213217";"";"";?;?;no;no;0;0;0;0;no
158;1;1;6;148;"NO";0;60;0;0;1;"dani";27/11/14;"162014";"";"";?;?;no;no;0;0;0;0;no
158;2;7;7;999;"RE";0;60;0;0;1;"dani";27/11/14;"162211";"";"";?;?;no;no;0;0;0;0;no
159;1;1;5;149;"NO";75600;75660;0;0;1;"dani";02/12/14;"202926";"";"";?;?;no;no;0;0;0;0;no
159;2;6;6;999;"RE";75600;75660;0;0;1;"dani";02/12/14;"202926";"";"";?;?;no;no;0;0;0;0;no
160;1;1;5;150;"NO";0;60;0;0;1;"dani";06/01/15;"164439";"";"";?;?;no;no;0;0;0;0;no
160;2;6;6;998;"CO";0;60;0;0;1;"dani";06/01/15;"164453";"";"";?;?;no;no;0;0;0;0;no
160;3;7;7;999;"RE";0;60;0;0;1;"dani";06/01/15;"164459";"";"";?;?;no;no;0;0;0;0;no
161;1;1;6;151;"NO";0;60;0;0;1;"dani";13/01/15;"101022";"";"";?;?;no;no;0;0;0;0;no
161;3;7;7;999;"RE";0;60;0;0;1;"dani";13/01/15;"101022";"";"";?;?;no;no;0;0;0;0;no
162;1;1;4;152;"NO";75600;75660;0;0;1;"ellen";16/01/15;"110453";"";"";?;?;no;no;0;0;0;0;no
162;2;5;5;63;"NO";75600;75660;0;0;1;"ellen";16/01/15;"110439";"";"";?;?;no;no;0;0;0;0;no
162;3;6;6;998;"CO";75600;75660;0;0;1;"ellen";16/01/15;"110447";"";"";?;?;no;no;0;0;0;0;no
162;4;7;7;999;"RE";75600;75660;0;0;1;"ellen";16/01/15;"110453";"";"";?;?;no;no;0;0;0;0;no
163;1;1;5;153;"NO";0;60;0;0;1;"dani";02/02/15;"180418";"";"";?;?;no;no;0;0;0;0;no
163;2;6;6;999;"RE";0;60;0;0;1;"dani";02/02/15;"180428";"";"";?;?;no;no;0;0;0;0;no
164;1;1;6;154;"NO";0;60;0;0;1;"dani";02/02/15;"182858";"";"";?;?;no;no;0;0;0;0;no
164;2;7;7;999;"RE";0;60;0;0;1;"dani";02/02/15;"182906";"";"";?;?;no;no;0;0;0;0;no
165;1;1;5;155;"NO";0;60;0;0;1;"dani";03/03/15;"151135";"";"";?;?;no;no;0;0;0;0;no
165;2;6;6;998;"CO";0;60;0;0;1;"dani";03/03/15;"151146";"";"";?;?;no;no;0;0;0;0;no
165;3;7;7;999;"RE";0;60;0;0;1;"dani";03/03/15;"151152";"";"";?;?;no;no;0;0;0;0;no
166;1;1;1;156;"NO";0;60;0;0;1;"dani";03/03/15;"161801";"";"";?;?;no;no;0;0;0;0;no
166;2;2;5;157;"NO";0;60;0;0;1;"dani";03/03/15;"161829";"";"";?;?;no;no;0;0;0;0;no
166;3;6;6;998;"CO";0;60;0;0;1;"dani";03/03/15;"161900";"";"";?;?;no;no;0;0;0;0;no
166;4;7;7;999;"RE";0;60;0;0;1;"dani";03/03/15;"161913";"";"";?;?;no;no;0;0;0;0;no
167;1;1;4;156;"NO";0;60;0;0;1;"dani";03/03/15;"162059";"";"";?;?;no;no;0;0;0;0;no
167;2;5;5;157;"NO";0;60;0;0;1;"dani";03/03/15;"162111";"";"";?;?;no;no;0;0;0;0;no
167;3;6;6;998;"CO";0;60;0;0;1;"dani";03/03/15;"162123";"";"";?;?;no;no;0;0;0;0;no
167;4;7;7;999;"RE";0;60;0;0;1;"dani";03/03/15;"162126";"";"";?;?;no;no;0;0;0;0;no
168;1;1;5;158;"NO";0;60;0;0;1;"dani";23/03/15;"150252";"";"";?;?;yes;no;0;0;0;0;no
168;2;6;6;999;"RE";0;60;0;0;1;"dani";23/03/15;"150256";"";"";?;?;yes;no;0;0;0;0;no
169;1;1;6;159;"NO";0;60;0;0;1;"dani";03/03/15;"212023";"";"";?;?;no;no;0;0;0;0;no
169;2;7;7;999;"RE";0;60;0;0;1;"dani";03/03/15;"212029";"";"";?;?;no;no;0;0;0;0;no
170;1;1;5;160;"NO";14400;14460;0;0;1;"dani";23/03/15;"135619";"";"";?;?;no;no;0;0;0;0;no
170;2;6;6;999;"RE";14400;14460;0;0;1;"dani";23/03/15;"135619";"";"";?;?;no;no;0;0;0;0;no
171;1;1;5;161;"NO";0;60;0;0;1;"dani";23/03/15;"092930";"";"";?;?;no;no;0;0;0;0;no
171;2;6;6;999;"RE";0;60;0;0;1;"dani";23/03/15;"092945";"";"";?;?;no;no;0;0;0;0;no
172;1;1;6;162;"NO";0;60;0;0;1;"dani";27/04/15;"105718";"";"";?;?;no;no;0;0;0;0;no
172;2;7;7;999;"RE";0;60;0;0;1;"dani";27/04/15;"105725";"";"";?;?;no;no;0;0;0;0;no
173;1;1;6;163;"NO";18000;60;0;0;1;"dani";27/04/15;"110936";"";"";?;?;no;no;0;0;0;0;no
173;2;7;7;999;"RE";0;18060;0;0;1;"dani";27/04/15;"111052";"";"";?;?;no;no;0;0;0;0;no
174;1;1;4;164;"NO";0;60;0;0;1;"dani";27/04/15;"134642";"";"";?;?;no;no;0;0;0;0;no
174;2;5;5;165;"NO";0;60;0;0;1;"dani";27/04/15;"134654";"";"";?;?;no;no;0;0;0;0;no
174;3;6;6;998;"CO";0;60;0;0;1;"dani";27/04/15;"134702";"";"";?;?;no;no;0;0;0;0;no
174;4;7;7;999;"RE";0;60;0;0;1;"dani";27/04/15;"134706";"";"";?;?;no;no;0;0;0;0;no
175;1;1;6;166;"NO";79200;79260;0;0;1;"fabiano";20/05/15;"172510";"";"";?;?;no;no;0;0;0;0;no
175;2;7;7;999;"RE";79200;79260;0;0;1;"fabiano";20/05/15;"172510";"";"";?;?;no;no;0;0;0;0;no
176;1;1;6;3;"NO";25140;25200;0;0;1;"ellen";01/02/19;"153255";"";"";?;?;no;no;0;0;0;0;no
176;2;7;7;999;"RE";25140;25200;0;0;1;"ellen";01/02/19;"153255";"";"";?;?;no;no;0;0;0;0;no
177;1;1;5;3;"NO";0;60;0;0;1;"fabiano";24/08/15;"164528";"";"";?;?;no;no;0;0;0;0;no
177;2;6;6;999;"RE";0;60;0;0;1;"fabiano";24/08/15;"164535";"";"";?;?;no;no;0;0;0;0;no
178;1;1;5;18;"NO";33600;33660;0;0;1;"fabiano";24/08/15;"165209";"";"";?;?;no;no;0;0;0;0;no
178;2;6;6;999;"RE";33600;33660;0;0;1;"fabiano";24/08/15;"165209";"";"";?;?;no;no;0;0;0;0;no
179;1;1;6;18;"NO";33600;33660;0;0;1;"fabiano";24/08/15;"165641";"";"";?;?;no;no;0;0;0;0;no
179;2;7;7;999;"RE";33600;33660;0;0;1;"fabiano";24/08/15;"165641";"";"";?;?;no;no;0;0;0;0;no
180;1;1;5;29;"NO";0;60;0;0;1;"fabiano";24/08/15;"170330";"";"";?;?;no;no;0;0;0;0;no
180;2;6;6;998;"CO";0;60;0;0;1;"fabiano";24/08/15;"170336";"";"";?;?;no;no;0;0;0;0;no
180;3;7;7;999;"RE";0;60;0;0;1;"fabiano";24/08/15;"170340";"";"";?;?;no;no;0;0;0;0;no
181;1;1;5;15;"NO";36000;36060;0;0;1;"fabiano";24/08/15;"170844";"";"";?;?;no;no;0;0;0;0;no
181;2;6;6;999;"RE";36000;36060;0;0;1;"fabiano";24/08/15;"170844";"";"";?;?;no;no;0;0;0;0;no
182;1;1;5;16;"NO";79200;79260;0;0;1;"fabiano";24/08/15;"171227";"";"";?;?;no;no;0;0;0;0;no
182;2;6;6;999;"RE";79200;79260;0;0;1;"fabiano";24/08/15;"171227";"";"";?;?;no;no;0;0;0;0;no
183;1;1;6;16;"NO";79200;79260;0;0;1;"fabiano";24/08/15;"171724";"";"";?;?;no;no;0;0;0;0;no
183;2;7;7;999;"RE";79200;79260;0;0;1;"fabiano";24/08/15;"171724";"";"";?;?;no;no;0;0;0;0;no
184;1;1;6;15;"NO";36000;36060;0;0;1;"fabiano";24/08/15;"172049";"";"";?;?;no;no;0;0;0;0;no
184;2;7;7;999;"RE";36000;36060;0;0;1;"fabiano";24/08/15;"172049";"";"";?;?;no;no;0;0;0;0;no
185;1;1;5;103;"NO";33600;33660;0;0;1;"fabiano";01/09/15;"102322";"";"";?;?;no;no;0;0;0;0;no
185;2;6;6;999;"RE";33600;33660;0;0;1;"fabiano";01/09/15;"102322";"";"";?;?;no;no;0;0;0;0;no
186;1;1;5;167;"NO";0;60;0;0;1;"fabiano";25/09/15;"115721";"";"";?;?;no;no;0;0;0;0;no
186;2;6;6;168;"NO";0;60;0;0;1;"fabiano";25/09/15;"115742";"";"";?;?;no;no;0;0;0;0;no
186;3;7;7;999;"RE";0;60;0;0;1;"fabiano";25/09/15;"115749";"";"";?;?;no;no;0;0;0;0;no
187;1;1;5;169;"NO";0;60;0;0;1;"dani";01/10/15;"150023";"";"";?;?;no;no;0;0;0;0;no
187;2;6;6;999;"RE";0;60;0;0;1;"dani";01/10/15;"150034";"";"";?;?;no;no;0;0;0;0;no
188;1;1;5;170;"NO";0;60;0;0;1;"dani";01/10/15;"151702";"";"";?;?;no;no;0;0;0;0;no
188;2;6;6;999;"RE";0;60;0;0;1;"dani";01/10/15;"151707";"";"";?;?;no;no;0;0;0;0;no
189;1;1;6;171;"NO";0;60;0;0;1;"dani";22/10/15;"172858";"";"";?;?;no;no;0;0;0;0;no
189;2;7;7;999;"RE";0;60;0;0;1;"dani";22/10/15;"172906";"";"";?;?;no;no;0;0;0;0;no
190;1;1;5;172;"NO";36000;36060;0;0;1;"dani";20/11/15;"091710";"";"";?;?;no;no;0;0;0;0;no
190;2;6;6;999;"RE";36000;36060;0;0;1;"dani";20/11/15;"091710";"";"";?;?;no;no;0;0;0;0;no
191;1;1;5;173;"NO";22800;22860;0;0;1;"dani";30/11/15;"161236";"";"";?;?;no;no;0;0;0;0;no
191;2;6;6;999;"RE";22800;22860;0;0;1;"dani";30/11/15;"161236";"";"";?;?;no;no;0;0;0;0;no
192;1;1;5;38;"NO";0;60;0;0;1;"fabiano";20/01/16;"152931";"";"";?;?;no;no;0;0;0;0;no
192;2;6;6;999;"RE";0;60;0;0;1;"fabiano";20/01/16;"152944";"";"";?;?;no;no;0;0;0;0;no
193;1;1;5;179;"NO";0;60;0;0;1;"fabiano";01/03/16;"182252";"";"";?;?;no;no;0;0;0;0;no
193;2;6;6;999;"RE";0;60;0;0;1;"fabiano";20/01/16;"153717";"";"";?;?;no;no;0;0;0;0;no
194;1;1;5;108;"NO";0;60;0;0;1;"fabiano";20/01/16;"154446";"";"";?;?;no;no;0;0;0;0;no
194;2;6;6;999;"RE";0;60;0;0;1;"fabiano";20/01/16;"154455";"";"";?;?;no;no;0;0;0;0;no
195;1;1;5;190;"NO";0;60;0;0;1;"fabiano";22/06/16;"155429";"";"";?;?;no;no;0;0;0;0;no
195;2;6;6;999;"RE";0;60;0;0;1;"fabiano";20/01/16;"155145";"";"";?;?;no;no;0;0;0;0;no
196;1;1;5;103;"NO";0;60;0;0;1;"fabiano";20/01/16;"155750";"";"";?;?;no;no;0;0;0;0;no
196;2;6;6;999;"RE";0;60;0;0;1;"fabiano";20/01/16;"155754";"";"";?;?;no;no;0;0;0;0;no
197;1;1;5;17;"NO";0;60;0;0;1;"fabiano";20/01/16;"160255";"";"";?;?;yes;no;0;0;0;0;no
197;2;6;6;999;"RE";0;60;0;0;1;"fabiano";20/01/16;"160248";"";"";?;?;no;no;0;0;0;0;no
198;1;1;5;18;"NO";33600;33660;0;0;1;"fabiano";20/01/16;"162909";"";"";?;?;no;no;0;0;0;0;no
198;2;6;6;999;"RE";33600;33660;0;0;1;"fabiano";20/01/16;"162909";"";"";?;?;no;no;0;0;0;0;no
199;1;1;5;177;"NO";33600;33660;0;0;1;"fabiano";01/03/16;"172050";"";"";?;?;yes;no;0;0;0;0;no
199;2;6;6;999;"RE";33600;33660;0;0;1;"fabiano";20/01/16;"163257";"";"";?;?;no;no;0;0;0;0;no
200;1;1;5;175;"NO";33600;33660;0;0;1;"fabiano";20/01/16;"163844";"";"";?;?;yes;no;0;0;0;0;no
200;2;6;6;999;"RE";33600;33660;0;0;1;"fabiano";20/01/16;"163844";"";"";?;?;no;no;0;0;0;0;no
201;1;1;5;176;"NO";33600;33660;0;0;1;"fabiano";20/01/16;"164539";"";"";?;?;no;no;0;0;0;0;no
201;2;6;6;999;"RE";33600;33660;0;0;1;"fabiano";20/01/16;"164539";"";"";?;?;no;no;0;0;0;0;no
202;1;1;5;38;"NO";33600;33660;0;0;1;"fabiano";22/02/16;"170529";"";"";?;?;no;no;0;0;0;0;no
202;2;6;6;999;"RE";33600;33660;0;0;1;"fabiano";22/02/16;"170529";"";"";?;?;no;no;0;0;0;0;no
203;1;1;5;179;"NO";33600;33660;0;0;1;"fabiano";02/03/16;"184025";"";"";?;?;no;no;0;0;0;0;no
203;2;6;6;999;"RE";33600;33660;0;0;1;"fabiano";22/02/16;"171546";"";"";?;?;no;no;0;0;0;0;no
204;1;1;5;108;"NO";33600;60;0;0;1;"fabiano";22/02/16;"171855";"";"";?;?;no;no;0;0;0;0;no
204;2;6;6;999;"RE";33600;33660;0;0;1;"fabiano";22/02/16;"171902";"";"";?;?;no;no;0;0;0;0;no
205;1;1;5;190;"NO";33600;60;0;0;1;"fabiano";22/06/16;"155509";"";"";?;?;no;no;0;0;0;0;no
205;2;6;6;999;"RE";33600;33660;0;0;1;"fabiano";22/02/16;"172317";"";"";?;?;no;no;0;0;0;0;no
206;1;1;5;103;"NO";33600;33660;0;0;1;"fabiano";22/02/16;"172634";"";"";?;?;no;no;0;0;0;0;no
206;2;6;6;999;"RE";33600;33660;0;0;1;"fabiano";22/02/16;"172634";"";"";?;?;no;no;0;0;0;0;no
207;1;1;5;58;"NO";22800;22860;0;0;1;"fabiano";22/02/16;"172951";"";"";?;?;no;no;0;0;0;0;no
207;2;6;6;999;"RE";22800;22860;0;0;1;"fabiano";22/02/16;"172951";"";"";?;?;no;no;0;0;0;0;no
208;1;1;5;17;"NO";33600;33660;0;0;1;"fabiano";22/02/16;"173843";"";"";?;?;no;no;0;0;0;0;no
208;2;6;6;999;"RE";33600;33660;0;0;1;"fabiano";22/02/16;"173843";"";"";?;?;no;no;0;0;0;0;no
209;1;1;5;18;"NO";33600;33660;0;0;1;"fabiano";22/02/16;"174142";"";"";?;?;no;no;0;0;0;0;no
209;2;6;6;999;"RE";33600;33660;0;0;1;"fabiano";22/02/16;"174142";"";"";?;?;no;no;0;0;0;0;no
210;1;1;5;177;"NO";33600;33660;0;0;1;"fabiano";22/02/16;"175014";"";"";?;?;yes;no;0;0;0;0;no
210;2;6;6;999;"RE";33600;33660;0;0;1;"fabiano";22/02/16;"175014";"";"";?;?;no;no;0;0;0;0;no
211;1;1;5;175;"NO";33600;33660;0;0;1;"fabiano";22/02/16;"175343";"";"";?;?;yes;no;0;0;0;0;no
211;2;6;6;999;"RE";33600;33660;0;0;1;"fabiano";22/02/16;"175343";"";"";?;?;no;no;0;0;0;0;no
212;1;1;5;176;"NO";33600;33660;0;0;1;"fabiano";22/02/16;"175629";"";"";?;?;no;no;0;0;0;0;no
212;2;6;6;999;"RE";33600;33660;0;0;1;"fabiano";22/02/16;"175629";"";"";?;?;no;no;0;0;0;0;no
213;1;1;5;9;"NO";0;60;0;0;1;"fabiano";22/02/16;"175858";"";"";?;?;no;no;0;0;0;0;no
213;2;6;6;999;"RE";0;60;0;0;1;"fabiano";22/02/16;"175902";"";"";?;?;no;no;0;0;0;0;no
214;1;1;5;7;"NO";0;60;0;0;1;"val";07/04/16;"094446";"";"";?;?;no;no;0;0;0;0;no
214;2;6;6;999;"RE";0;60;0;0;1;"val";07/04/16;"094459";"";"";?;?;no;no;0;0;0;0;no
215;1;1;5;7;"NO";0;60;0;0;1;"val";07/04/16;"094958";"";"";?;?;no;no;0;0;0;0;no
215;2;6;6;999;"RE";0;60;0;0;1;"val";07/04/16;"095016";"";"";?;?;no;no;0;0;0;0;no
216;1;1;5;10;"NO";0;60;0;0;1;"fabiano";02/03/16;"091903";"";"";?;?;no;no;0;0;0;0;no
216;2;6;6;999;"RE";0;60;0;0;1;"fabiano";02/03/16;"091909";"";"";?;?;no;no;0;0;0;0;no
217;1;1;5;35;"NO";0;60;0;0;1;"fabiano";02/03/16;"092231";"";"";?;?;no;no;0;0;0;0;no
217;2;6;6;999;"RE";0;60;0;0;1;"fabiano";02/03/16;"092236";"";"";?;?;no;no;0;0;0;0;no
218;1;1;5;198;"NO";75600;75660;0;0;1;"fabiano";03/09/16;"092203";"";"";?;?;no;no;0;0;0;0;no
218;2;6;6;999;"RE";75600;75660;0;0;1;"fabiano";02/03/16;"145253";"";"";?;?;no;no;0;0;0;0;no
219;1;1;5;199;"NO";54000;54060;0;0;1;"fabiano";03/09/16;"092408";"";"";?;?;no;no;0;0;0;0;no
219;2;6;6;999;"RE";54000;54060;0;0;1;"fabiano";02/03/16;"145550";"";"";?;?;no;no;0;0;0;0;no
220;1;1;5;200;"NO";82800;82860;0;0;1;"fabiano";03/09/16;"092504";"";"";?;?;yes;no;0;0;0;0;no
220;2;6;6;999;"RE";82800;82860;0;0;1;"fabiano";02/03/16;"150027";"";"";?;?;no;no;0;0;0;0;no
221;1;1;6;3;"NO";0;60;0;0;1;"lucimar";03/03/16;"162745";"";"";?;?;no;no;0;0;0;0;no
221;2;7;7;999;"RE";0;60;0;0;1;"lucimar";03/03/16;"162751";"";"";?;?;no;no;0;0;0;0;no
222;1;1;5;180;"NO";0;60;0;0;1;"val";09/03/16;"132940";"";"";?;?;no;no;0;0;0;0;no
222;2;6;6;998;"CO";0;60;0;0;1;"val";09/03/16;"132948";"";"";?;?;no;no;0;0;0;0;no
222;3;7;7;999;"RE";0;60;0;0;1;"val";09/03/16;"132952";"";"";?;?;no;no;0;0;0;0;no
223;1;1;5;102;"NO";0;60;0;0;1;"val";16/03/16;"173428";"";"";?;?;no;no;0;0;0;0;no
223;2;6;6;998;"CO";0;60;0;0;1;"val";16/03/16;"173441";"";"";?;?;no;no;0;0;0;0;no
223;3;7;7;999;"RE";0;60;0;0;1;"val";16/03/16;"173446";"";"";?;?;no;no;0;0;0;0;no
224;1;1;5;181;"NO";75600;75660;0;0;1;"fabiano";16/03/16;"161728";"";"";?;?;no;no;0;0;0;0;no
224;2;6;6;999;"RE";75600;75660;0;0;1;"fabiano";16/03/16;"161728";"";"";?;?;no;no;0;0;0;0;no
225;1;1;5;182;"NO";54000;54060;0;0;1;"fabiano";16/03/16;"163218";"";"";?;?;yes;no;0;0;0;0;no
225;2;6;6;999;"RE";54000;54060;0;0;1;"fabiano";16/03/16;"163218";"";"";?;?;yes;no;0;0;0;0;no
226;1;1;5;183;"NO";82800;82860;0;0;1;"fabiano";16/03/16;"164356";"";"";?;?;no;no;0;0;0;0;no
226;2;6;6;999;"RE";82800;82860;0;0;1;"fabiano";16/03/16;"164356";"";"";?;?;no;no;0;0;0;0;no
227;1;1;5;184;"NO";75600;75660;0;0;1;"fabiano";16/03/16;"164717";"";"";?;?;no;no;0;0;0;0;no
227;2;6;6;999;"RE";75600;75660;0;0;1;"fabiano";16/03/16;"164717";"";"";?;?;no;no;0;0;0;0;no
228;1;1;5;185;"NO";54000;54060;0;0;1;"fabiano";16/03/16;"165027";"";"";?;?;no;no;0;0;0;0;no
228;2;6;6;999;"RE";54000;54060;0;0;1;"fabiano";16/03/16;"165027";"";"";?;?;no;no;0;0;0;0;no
229;1;1;5;186;"NO";82800;82860;0;0;1;"fabiano";16/03/16;"165415";"";"";?;?;yes;no;0;0;0;0;no
229;2;6;6;999;"RE";82800;82860;0;0;1;"fabiano";16/03/16;"165415";"";"";?;?;no;no;0;0;0;0;no
230;1;1;6;22;"NO";58800;58860;0;0;1;"val";17/03/16;"133233";"";"";?;?;no;no;0;0;0;0;no
230;2;7;7;999;"RE";58800;58860;0;0;1;"val";17/03/16;"133233";"";"";?;?;no;no;0;0;0;0;no
231;1;1;6;4;"NO";27600;27660;0;0;1;"fabiano";22/03/16;"094307";"";"";?;?;yes;no;0;0;0;0;no
231;2;7;7;999;"RE";27600;27660;0;0;1;"fabiano";22/03/16;"094307";"";"";?;?;no;no;0;0;0;0;no
232;1;1;5;96;"NO";36000;36060;0;0;1;"fabiano";04/04/16;"082250";"";"";?;?;no;no;0;0;0;0;no
232;2;6;6;41;"NO";36000;36060;0;0;1;"fabiano";04/04/16;"082241";"";"";?;?;no;no;0;0;0;0;no
232;3;7;7;999;"RE";36000;36060;0;0;1;"fabiano";04/04/16;"082250";"";"";?;?;no;no;0;0;0;0;no
233;1;1;6;22;"NO";58800;58860;0;0;1;"fabiano";04/04/16;"094050";"";"";?;?;yes;no;0;0;0;0;no
233;2;7;7;999;"RE";58800;58860;0;0;1;"fabiano";04/04/16;"094050";"";"";?;?;no;no;0;0;0;0;no
234;1;1;5;187;"NO";82800;82860;0;0;1;"val";13/04/16;"105149";"";"";?;?;yes;no;0;0;0;0;no
234;2;6;6;999;"RE";82800;82860;0;0;1;"val";13/04/16;"105149";"";"";?;?;yes;no;0;0;0;0;no
235;1;1;6;7;"NO";54000;54060;0;0;1;"fabiano";02/05/16;"172412";"";"";?;?;no;no;0;0;0;0;no
235;2;7;7;999;"RE";54000;54060;0;0;1;"fabiano";02/05/16;"172412";"";"";?;?;no;no;0;0;0;0;no
236;1;1;6;6;"NO";54000;54060;0;0;1;"fabiano";02/05/16;"181554";"";"";?;?;no;no;0;0;0;0;no
236;2;7;7;999;"RE";54000;54060;0;0;1;"fabiano";02/05/16;"181554";"";"";?;?;no;no;0;0;0;0;no
237;1;1;6;8;"NO";33600;33660;0;0;1;"fabiano";03/05/16;"143316";"";"";?;?;no;no;0;0;0;0;no
237;2;7;7;999;"RE";33600;33660;0;0;1;"fabiano";03/05/16;"143316";"";"";?;?;no;no;0;0;0;0;no
238;1;1;6;53;"NO";61200;61260;0;0;1;"fabiano";03/05/16;"164128";"";"";?;?;no;no;0;0;0;0;no
238;2;7;7;999;"RE";61200;61260;0;0;1;"fabiano";03/05/16;"164128";"";"";?;?;no;no;0;0;0;0;no
239;1;1;5;188;"NO";0;60;0;0;1;"fabiano";23/05/16;"113334";"";"";?;?;no;no;0;0;0;0;no
239;2;6;6;999;"RE";0;60;0;0;1;"fabiano";23/05/16;"113340";"";"";?;?;no;no;0;0;0;0;no
240;1;1;5;189;"NO";0;60;0;0;1;"fabiano";23/05/16;"115254";"";"";?;?;no;no;0;0;0;0;no
240;2;6;6;999;"RE";0;60;0;0;1;"fabiano";23/05/16;"115300";"";"";?;?;no;no;0;0;0;0;no
241;1;1;6;172;"NO";0;60;0;0;1;"fabiano";23/05/16;"115812";"";"";?;?;no;no;0;0;0;0;no
241;2;7;7;999;"RE";0;60;0;0;1;"fabiano";23/05/16;"115818";"";"";?;?;no;no;0;0;0;0;no
242;1;1;6;160;"NO";1200;1260;0;0;1;"fabiano";20/06/16;"155726";"";"";?;?;no;no;0;0;0;0;no
242;2;7;7;999;"RE";1200;1260;0;0;1;"fabiano";20/06/16;"155726";"";"";?;?;no;no;0;0;0;0;no
243;1;1;6;177;"NO";36000;36060;0;0;1;"fabiano";20/06/16;"160204";"";"";?;?;no;no;0;0;0;0;no
243;2;7;7;999;"RE";36000;36060;0;0;1;"fabiano";20/06/16;"160204";"";"";?;?;no;no;0;0;0;0;no
244;1;1;6;177;"NO";36000;36060;0;0;1;"ellen";28/07/16;"090252";"";"";?;?;no;no;0;0;0;0;no
244;2;7;7;999;"RE";36000;36060;0;0;1;"ellen";28/07/16;"090252";"";"";?;?;no;no;0;0;0;0;no
245;1;1;6;8;"NO";82800;82860;0;0;1;"ellen";28/07/16;"090952";"";"";?;?;no;no;0;0;0;0;no
245;2;7;7;999;"RE";82800;82860;0;0;1;"ellen";28/07/16;"090952";"";"";?;?;no;no;0;0;0;0;no
246;1;1;6;190;"NO";69600;69660;0;0;1;"ellen";28/07/16;"091724";"";"";?;?;no;no;0;0;0;0;no
246;2;7;7;999;"RE";69600;69660;0;0;1;"ellen";28/07/16;"091724";"";"";?;?;no;no;0;0;0;0;no
247;1;1;6;193;"NO";48000;48060;0;0;1;"fabiano";05/08/16;"160325";"";"";?;?;no;no;0;0;0;0;no
247;2;7;7;999;"RE";48000;48060;0;0;1;"ellen";28/07/16;"092111";"";"";?;?;no;no;0;0;0;0;no
248;1;1;4;192;"NO";0;60;0;0;1;"fabiano";04/08/16;"162435";"";"";?;?;no;no;0;0;0;0;no
248;2;5;5;101;"NO";0;60;0;0;1;"fabiano";04/08/16;"171308";"";"";?;?;no;no;0;0;0;0;no
248;3;6;6;998;"CO";0;60;0;0;1;"fabiano";04/08/16;"162502";"";"";?;?;no;no;0;0;0;0;no
248;4;7;7;999;"RE";0;60;0;0;1;"fabiano";04/08/16;"162541";"";"";?;?;no;no;0;0;0;0;no
249;1;1;6;190;"NO";33600;33660;0;0;1;"fabiano";19/08/16;"164828";"";"";?;?;no;no;0;0;0;0;no
249;2;7;7;999;"RE";33600;33660;0;0;1;"fabiano";19/08/16;"164828";"";"";?;?;no;no;0;0;0;0;no
250;1;1;6;194;"NO";0;60;0;0;1;"ellen";19/08/16;"180143";"";"";?;?;no;no;0;0;0;0;no
250;2;7;7;999;"RE";0;60;0;0;1;"ellen";19/08/16;"180206";"";"";?;?;no;no;0;0;0;0;no
251;1;1;5;195;"NO";0;60;0;0;1;"fabiano";25/08/16;"104833";"";"";?;?;no;no;0;0;0;0;no
251;2;6;6;999;"RE";0;60;0;0;1;"fabiano";25/08/16;"104838";"";"";?;?;no;no;0;0;0;0;no
252;1;1;5;196;"no";0;60;0;0;1;"ellen";31/08/16;"083007";"";"";?;?;no;no;0;0;0;0;no
252;2;6;6;998;"CO";0;60;0;0;1;"ellen";31/08/16;"083016";"";"";?;?;no;no;0;0;0;0;no
252;3;7;7;999;"RE";0;60;0;0;1;"ellen";31/08/16;"083021";"";"";?;?;no;no;0;0;0;0;no
253;1;1;5;197;"NO";0;60;0;0;1;"fabiano";02/09/16;"143350";"";"";?;?;no;no;0;0;0;0;no
253;2;6;6;998;"CO";0;60;0;0;1;"fabiano";02/09/16;"143355";"";"";?;?;no;no;0;0;0;0;no
253;3;7;7;999;"RE";0;60;0;0;1;"fabiano";02/09/16;"143401";"";"";?;?;no;no;0;0;0;0;no
254;1;1;5;200;"NO";0;60;0;0;1;"fabiano";03/09/16;"120126";"";"";?;?;no;no;0;0;0;0;no
254;2;6;6;999;"RE";0;60;0;0;1;"fabiano";03/09/16;"120135";"";"";?;?;no;no;0;0;0;0;no
255;1;1;5;199;"NO";54000;54060;0;0;1;"fabiano";03/09/16;"130150";"";"";?;?;no;no;0;0;0;0;no
255;2;6;6;999;"RE";54000;54060;0;0;1;"fabiano";03/09/16;"130150";"";"";?;?;no;no;0;0;0;0;no
256;1;1;5;198;"NO";0;75660;0;0;1;"fabiano";03/09/16;"125431";"";"";?;?;no;no;0;0;0;0;no
256;2;6;6;999;"RE";75600;60;0;0;1;"fabiano";03/09/16;"125431";"";"";?;?;no;no;0;0;0;0;no
257;1;1;5;201;"NO";0;60;0;0;1;"fabiano";05/09/16;"093930";"";"";?;?;no;no;0;0;0;0;no
257;2;6;6;998;"CO";0;60;0;0;1;"fabiano";05/09/16;"093940";"";"";?;?;no;no;0;0;0;0;no
257;3;7;7;999;"RE";0;60;0;0;1;"fabiano";05/09/16;"093953";"";"";?;?;no;no;0;0;0;0;no
258;1;1;5;202;"NO";26400;26460;0;0;1;"ellen";22/09/16;"150247";"";"";?;?;no;no;0;0;0;0;no
258;2;6;6;999;"RE";26400;26460;0;0;1;"ellen";22/09/16;"150247";"";"";?;?;no;no;0;0;0;0;no
259;1;1;5;203;"NO";84000;84060;0;0;1;"ellen";22/09/16;"160753";"";"";?;?;no;no;0;0;0;0;no
259;2;6;6;999;"RE";84000;84060;0;0;1;"ellen";22/09/16;"160810";"";"";?;?;no;no;0;0;0;0;no
260;1;1;5;204;"NO";55200;55260;0;0;1;"ellen";22/09/16;"161645";"";"";?;?;no;no;0;0;0;0;no
260;2;6;6;999;"RE";55200;55260;0;0;1;"ellen";22/09/16;"161645";"";"";?;?;no;no;0;0;0;0;no
261;1;1;5;3;"NO";55200;55260;0;0;1;"ellen";11/01/19;"094647";"";"";?;?;no;no;0;0;0;0;no
261;2;6;6;999;"RE";55200;55260;0;0;1;"ellen";11/01/19;"094647";"";"";?;?;no;no;0;0;0;0;no
262;1;1;5;206;"NO";84000;84060;0;0;1;"ellen";22/09/16;"163306";"";"";?;?;no;no;0;0;0;0;no
262;2;6;6;999;"RE";84000;84060;0;0;1;"ellen";22/09/16;"163306";"";"";?;?;no;no;0;0;0;0;no
263;1;1;5;207;"NO";82740;82800;0;0;1;"ellen";01/02/19;"152615";"";"";?;?;no;no;0;0;0;0;no
263;2;6;6;999;"RE";82740;82800;0;0;1;"ellen";01/02/19;"152615";"";"";?;?;no;no;0;0;0;0;no
264;1;1;1;998;"CO";50400;50460;0;0;1;"ellen";05/10/16;"114100";"";"";?;?;no;no;0;0;0;0;no
264;2;2;2;998;"CO";50400;50460;0;0;1;"ellen";05/10/16;"114025";"";"";?;?;no;no;0;0;0;0;no
264;3;3;3;208;"NO";50400;50460;0;0;1;"ellen";05/10/16;"114035";"";"";?;?;no;no;0;0;0;0;no
264;4;4;4;998;"CO";50400;50460;0;0;1;"ellen";05/10/16;"114043";"";"";?;?;no;no;0;0;0;0;no
264;5;5;5;208;"NO";50400;50460;0;0;1;"ellen";05/10/16;"114048";"";"";?;?;no;no;0;0;0;0;no
264;6;6;6;998;"CO";50400;50460;0;0;1;"ellen";05/10/16;"114054";"";"";?;?;no;no;0;0;0;0;no
264;7;7;7;999;"RE";50400;50460;0;0;1;"ellen";05/10/16;"114100";"";"";?;?;no;no;0;0;0;0;no
265;1;1;5;209;"NO";0;60;0;0;1;"ellen";24/10/18;"124907";"";"";?;?;yes;no;0;0;0;0;no
265;2;6;6;999;"RE";0;60;0;0;1;"ellen";24/10/18;"124907";"";"";?;?;yes;no;0;0;0;0;no
266;1;1;6;202;"NO";46800;46860;0;0;1;"ellen";13/05/19;"122546";"";"";?;?;no;no;0;0;0;0;no
266;2;7;7;999;"RE";46800;46860;0;0;1;"ellen";13/05/19;"122546";"";"";?;?;no;no;0;0;0;0;no
267;1;1;5;193;"NO";33600;33660;0;0;1;"fabiano";02/12/16;"160528";"";"";?;?;no;no;0;0;0;0;no
267;2;6;6;999;"RE";33600;33660;0;0;1;"fabiano";02/12/16;"160528";"";"";?;?;no;no;0;0;0;0;no
268;1;1;5;211;"no";0;60;0;0;1;"ellen";09/01/17;"085038";"";"";?;?;no;no;0;0;0;0;no
268;2;6;6;998;"CO";0;60;0;0;1;"ellen";09/01/17;"085056";"";"";?;?;no;no;0;0;0;0;no
268;3;7;7;999;"RE";0;60;0;0;1;"ellen";09/01/17;"085104";"";"";?;?;no;no;0;0;0;0;no
269;1;1;5;212;"no";0;60;0;0;1;"ellen";11/01/17;"173750";"";"";?;?;no;no;0;0;0;0;no
269;2;6;6;998;"CO";0;60;0;0;1;"ellen";11/01/17;"173802";"";"";?;?;no;no;0;0;0;0;no
269;3;7;7;999;"RE";0;60;0;0;1;"ellen";11/01/17;"173809";"";"";?;?;no;no;0;0;0;0;no
270;1;1;6;205;"NO";0;60;0;0;1;"fabiano";03/02/17;"144445";"";"";?;?;no;no;0;0;0;0;no
270;2;7;7;999;"RE";0;60;0;0;1;"fabiano";03/02/17;"144451";"";"";?;?;no;no;0;0;0;0;no
271;1;1;5;213;"NO";0;60;0;0;1;"super";23/03/17;"101630";"";"";?;?;no;no;0;0;0;0;no
271;2;6;6;999;"RE";0;60;0;0;1;"super";23/03/17;"101639";"";"";?;?;no;no;0;0;0;0;no
272;1;1;6;214;"NO";0;60;0;0;1;"super";27/03/17;"094527";"";"";?;?;no;no;0;0;0;0;no
272;2;7;7;999;"RE";0;60;0;0;1;"super";27/03/17;"094542";"";"";?;?;no;no;0;0;0;0;no
273;1;1;5;215;"NO";36000;36060;0;0;1;"fabiano";12/04/17;"172945";"";"";?;?;no;no;0;0;0;0;no
273;2;6;6;41;"NO";36000;36060;0;0;1;"fabiano";12/04/17;"172932";"";"";?;?;no;no;0;0;0;0;no
273;3;7;7;999;"RE";36000;36060;0;0;1;"fabiano";12/04/17;"172945";"";"";?;?;no;no;0;0;0;0;no
274;1;1;6;216;"no";0;60;0;0;1;"super";24/04/17;"133242";"";"";?;?;no;no;0;0;0;0;no
274;2;7;7;999;"RE";0;60;0;0;1;"super";24/04/17;"133250";"";"";?;?;no;no;0;0;0;0;no
275;1;1;6;207;"NO";0;60;0;0;1;"fabiano";25/04/17;"144748";"";"";?;?;no;no;0;0;0;0;no
275;2;7;7;999;"RE";0;60;0;0;1;"fabiano";25/04/17;"144758";"";"";?;?;no;no;0;0;0;0;no
276;1;1;6;207;"NO";26400;26460;0;0;1;"super";26/04/17;"171819";"";"";?;?;no;no;0;0;0;0;no
276;2;7;7;999;"RE";26400;26460;0;0;1;"super";26/04/17;"171819";"";"";?;?;no;no;0;0;0;0;no
277;1;1;6;216;"no";0;60;0;0;1;"super";26/04/17;"173205";"";"";?;?;no;no;0;0;0;0;no
277;2;7;7;999;"RE";0;60;0;0;1;"super";26/04/17;"173212";"";"";?;?;no;no;0;0;0;0;no
278;1;1;5;214;"NO";0;60;0;0;1;"fabiano";03/05/17;"100044";"";"";?;?;no;no;0;0;0;0;no
278;2;6;6;999;"RE";0;60;0;0;1;"fabiano";03/05/17;"100049";"";"";?;?;no;no;0;0;0;0;no
279;1;1;5;217;"NO";33600;33660;0;0;1;"fabiano";04/09/17;"110027";"";"";?;?;no;no;0;0;0;0;no
279;2;6;6;999;"RE";33600;33660;0;0;1;"fabiano";04/09/17;"110027";"";"";?;?;no;no;0;0;0;0;no
280;1;1;5;218;"NO";0;60;0;0;1;"camila";09/01/18;"085444";"";"";?;?;no;no;0;0;0;0;no
280;2;6;6;998;"CO";0;60;0;0;1;"camila";09/01/18;"085451";"";"";?;?;no;no;0;0;0;0;no
280;3;7;7;999;"RE";0;60;0;0;1;"camila";09/01/18;"085459";"";"";?;?;no;no;0;0;0;0;no
281;1;1;5;219;"NO";43200;43260;0;0;1;"camila";05/02/18;"101819";"";"";?;?;no;no;0;0;0;0;no
281;2;6;6;998;"CO";43200;43260;0;0;1;"camila";05/02/18;"101809";"";"";?;?;no;no;0;0;0;0;no
281;3;7;7;999;"RE";43200;43260;0;0;1;"camila";05/02/18;"101819";"";"";?;?;no;no;0;0;0;0;no
282;1;1;5;220;"no";61200;61260;0;0;1;"super";26/03/18;"092850";"";"";?;?;no;no;0;0;0;0;no
282;2;6;6;41;"NO";61200;61260;0;0;1;"super";26/03/18;"092842";"";"";?;?;no;no;0;0;0;0;no
282;3;7;7;999;"RE";61200;61260;0;0;1;"super";26/03/18;"092850";"";"";?;?;no;no;0;0;0;0;no
283;1;1;5;205;"NO";55200;55260;0;0;1;"camila";04/04/18;"144704";"";"";?;?;no;no;0;0;0;0;no
283;2;6;6;999;"RE";55200;55260;0;0;1;"camila";04/04/18;"144704";"";"";?;?;no;no;0;0;0;0;no
284;1;1;5;33;"NO";55200;55260;0;0;1;"camila";04/04/18;"145843";"";"";?;?;no;no;0;0;0;0;no
284;2;6;6;999;"RE";55200;55260;0;0;1;"camila";04/04/18;"145843";"";"";?;?;no;no;0;0;0;0;no
285;1;1;5;216;"no";55200;55260;0;0;1;"camila";04/04/18;"150440";"";"";?;?;no;no;0;0;0;0;no
285;2;6;6;999;"RE";55200;55260;0;0;1;"camila";04/04/18;"150440";"";"";?;?;no;no;0;0;0;0;no
286;1;1;5;221;"NO";55200;55260;0;0;1;"camila";04/04/18;"171926";"";"";?;?;no;no;0;0;0;0;no
286;2;6;6;999;"RE";55200;55260;0;0;1;"camila";04/04/18;"171926";"";"";?;?;no;no;0;0;0;0;no
287;1;1;5;216;"no";84000;84060;0;0;1;"camila";04/05/18;"153807";"";"";?;?;yes;no;0;0;0;0;no
287;2;6;6;999;"RE";84000;84060;0;0;1;"camila";04/05/18;"153807";"";"";?;?;yes;no;0;0;0;0;no
288;1;1;5;222;"NO";84000;84060;0;0;1;"camila";22/05/18;"091957";"";"";?;?;yes;no;0;0;0;0;no
288;2;6;6;999;"RE";84000;84060;0;0;1;"camila";22/05/18;"091957";"";"";?;?;yes;no;0;0;0;0;no
289;1;1;5;223;"no";25140;25200;0;0;1;"ellen";01/02/19;"151444";"";"";?;?;no;no;0;0;0;0;no
289;2;6;6;998;"CO";25140;25200;0;0;1;"ellen";01/02/19;"151440";"";"";?;?;no;no;0;0;0;0;no
289;3;7;7;999;"RE";25140;25200;0;0;1;"ellen";01/02/19;"151444";"";"";?;?;no;no;0;0;0;0;no
290;1;1;5;224;"NO";82200;82260;0;0;1;"camila";01/09/18;"163112";"";"";?;?;no;no;0;0;0;0;no
290;2;6;6;999;"RE";82200;82260;0;0;1;"camila";01/09/18;"163112";"";"";?;?;no;no;0;0;0;0;no
291;1;1;6;224;"NO";0;60;0;0;1;"msantos";03/11/18;"145426";"";"";?;?;no;no;0;0;0;0;no
291;2;7;7;999;"RE";0;60;0;0;1;"msantos";03/11/18;"145433";"";"";?;?;no;no;0;0;0;0;no
292;1;1;6;287;"NO";13140;13200;0;0;1;"ellen";01/02/19;"212117";"";"";?;?;no;no;0;0;0;0;no
292;2;7;7;999;"RE";13140;13200;0;0;1;"ellen";01/02/19;"212117";"";"";?;?;no;no;0;0;0;0;no
293;1;1;6;183;"NO";3600;3660;0;0;1;"ellen";01/04/19;"214244";"";"";?;?;no;no;0;0;0;0;no
293;2;7;7;999;"RE";3600;3660;0;0;1;"ellen";01/04/19;"214244";"";"";?;?;no;no;0;0;0;0;no
294;1;1;6;176;"NO";62400;62460;0;0;1;"ellen";13/05/19;"122623";"";"";?;?;no;no;0;0;0;0;no
294;2;7;7;999;"RE";62400;62460;0;0;1;"ellen";13/05/19;"122623";"";"";?;?;no;no;0;0;0;0;no
295;1;1;2;300;"NO";75600;75660;0;0;1;"ellen";27/06/19;"115942";"";"";?;?;no;no;0;0;0;0;no
295;2;3;3;998;"CO";75600;75660;0;0;1;"ellen";27/06/19;"115926";"";"";?;?;no;no;0;0;0;0;no
295;3;4;4;300;"NO";75600;75660;0;0;1;"ellen";27/06/19;"115933";"";"";?;?;no;no;0;0;0;0;no
295;4;5;6;998;"CO";75600;75660;0;0;1;"ellen";27/06/19;"115936";"";"";?;?;no;no;0;0;0;0;no
295;5;7;7;999;"RE";75600;75660;0;0;1;"ellen";27/06/19;"115942";"";"";?;?;no;no;0;0;0;0;no
296;1;1;3;300;"NO";75600;75660;0;0;1;"ellen";27/06/19;"121954";"";"";?;?;no;no;0;0;0;0;no
296;2;4;6;998;"CO";75600;75660;0;0;1;"ellen";27/06/19;"121951";"";"";?;?;no;no;0;0;0;0;no
296;3;7;7;999;"RE";75600;75660;0;0;1;"ellen";27/06/19;"121954";"";"";?;?;no;no;0;0;0;0;no
297;1;1;5;226;"NO";55200;55260;0;0;1;"camila";03/09/18;"140111";"";"";?;?;no;no;0;0;0;0;no
297;2;6;6;999;"RE";55200;55260;0;0;1;"camila";03/09/18;"140111";"";"";?;?;no;no;0;0;0;0;no
298;1;1;5;227;"NO";71940;72000;0;0;1;"ellen";01/02/19;"195811";"";"";?;?;no;no;0;0;0;0;no
298;2;6;6;999;"RE";71940;72000;0;0;1;"ellen";01/02/19;"195811";"";"";?;?;no;no;0;0;0;0;no
299;1;1;5;106;"NO";53400;53460;0;0;1;"msantos";31/05/19;"095416";"";"";?;?;no;no;0;0;0;0;no
299;2;6;6;999;"RE";53400;53460;0;0;1;"msantos";31/05/19;"095416";"";"";?;?;no;no;0;0;0;0;no
300;1;1;5;298;"NO";82200;82260;0;0;1;"msantos";31/05/19;"100022";"";"";?;?;no;no;0;0;0;0;no
300;2;6;6;999;"RE";82200;82260;0;0;1;"msantos";31/05/19;"100022";"";"";?;?;no;no;0;0;0;0;no
301;1;1;5;299;"NO";82200;82260;0;0;1;"msantos";31/05/19;"100451";"";"";?;?;no;no;0;0;0;0;no
301;2;6;6;999;"RE";82200;82260;0;0;1;"msantos";31/05/19;"100451";"";"";?;?;no;no;0;0;0;0;no
302;1;1;4;223;"no";25200;25260;0;0;1;"ellen";22/07/19;"085741";"";"";?;?;no;no;0;0;0;0;no
302;2;5;5;998;"CO";25200;25260;0;0;1;"ellen";22/07/19;"085733";"";"";?;?;no;no;0;0;0;0;no
302;3;6;6;999;"RE";25200;25260;0;0;1;"ellen";22/07/19;"085741";"";"";?;?;no;no;0;0;0;0;no
303;1;1;4;228;"NO";43200;43260;0;0;1;"ellen";23/07/19;"161826";"";"";?;?;no;no;0;0;0;0;no
303;2;5;5;998;"CO";43200;43260;0;0;1;"ellen";23/07/19;"161821";"";"";?;?;no;no;0;0;0;0;no
303;3;6;6;999;"RE";43200;43260;0;0;1;"ellen";23/07/19;"161826";"";"";?;?;no;no;0;0;0;0;no
304;1;1;1;300;"NO";75600;75660;0;0;1;"gmoreno";29/07/19;"160546";"";"";?;?;no;no;0;0;0;0;no
304;2;2;2;998;"CO";75600;75660;0;0;1;"gmoreno";29/07/19;"160433";"";"";?;?;no;no;0;0;0;0;no
304;3;3;4;300;"NO";75600;75660;0;0;1;"gmoreno";29/07/19;"160444";"";"";?;?;no;no;0;0;0;0;no
304;4;5;6;998;"CO";75600;75660;0;0;1;"gmoreno";29/07/19;"160542";"";"";?;?;no;no;0;0;0;0;no
304;5;7;7;999;"RE";75600;75660;0;0;1;"gmoreno";29/07/19;"160546";"";"";?;?;no;no;0;0;0;0;no
305;1;1;2;998;"CO";75600;75660;0;0;1;"gmoreno";29/07/19;"160803";"";"";?;?;no;no;0;0;0;0;no
305;2;3;3;300;"NO";75600;75660;0;0;1;"gmoreno";29/07/19;"160740";"";"";?;?;no;no;0;0;0;0;no
305;3;4;4;998;"CO";75600;75660;0;0;1;"gmoreno";29/07/19;"160747";"";"";?;?;no;no;0;0;0;0;no
305;4;5;5;300;"NO";75600;75660;0;0;1;"gmoreno";29/07/19;"160752";"";"";?;?;no;no;0;0;0;0;no
305;5;6;6;998;"CO";75600;75660;0;0;1;"gmoreno";29/07/19;"160759";"";"";?;?;no;no;0;0;0;0;no
305;6;7;7;999;"RE";75600;75660;0;0;1;"gmoreno";29/07/19;"160803";"";"";?;?;no;no;0;0;0;0;no
306;1;1;4;302;"NO";77400;77460;0;0;1;"ellen";01/08/19;"110204";"";"";?;?;no;no;0;0;0;0;no
306;2;5;5;998;"CO";77400;77460;0;0;1;"ellen";01/08/19;"110201";"";"";?;?;no;no;0;0;0;0;no
306;3;6;6;999;"RE";77400;77460;0;0;1;"ellen";01/08/19;"110204";"";"";?;?;no;no;0;0;0;0;no
307;1;1;4;303;"NO";34200;34260;0;0;1;"ellen";01/08/19;"114336";"";"";?;?;no;no;0;0;0;0;no
307;2;5;5;998;"CO";34200;34260;0;0;1;"ellen";01/08/19;"114333";"";"";?;?;no;no;0;0;0;0;no
307;3;6;6;999;"RE";34200;34260;0;0;1;"ellen";01/08/19;"114336";"";"";?;?;no;no;0;0;0;0;no
308;1;1;5;223;"no";0;60;0;0;1;"super";10/12/20;"161336";"";"";?;?;no;no;0;0;0;0;no
308;2;6;6;998;"CO";0;60;0;0;1;"super";10/12/20;"161330";"";"";?;?;no;no;0;0;0;0;no
308;3;7;7;999;"RE";0;60;0;0;1;"super";10/12/20;"161336";"";"";?;?;no;no;0;0;0;0;no
309;1;1;5;228;"NO";43200;43260;0;0;1;"gmoreno";13/08/19;"092618";"";"";?;?;no;no;0;0;0;0;no
309;2;6;6;998;"CO";43200;43260;0;0;1;"gmoreno";13/08/19;"092612";"";"";?;?;no;no;0;0;0;0;no
309;3;7;7;999;"RE";43200;43260;0;0;1;"gmoreno";13/08/19;"092618";"";"";?;?;no;no;0;0;0;0;no
310;1;1;6;304;"NO";57600;57660;0;0;1;"ellen";23/08/19;"123700";"";"";?;?;no;no;0;0;0;0;no
310;2;7;7;999;"RE";57600;57660;0;0;1;"ellen";23/08/19;"123700";"";"";?;?;no;no;0;0;0;0;no
311;1;1;6;305;"NO";28800;28860;0;0;1;"gmoreno";20/09/19;"100033";"";"";?;?;no;no;0;0;0;0;no
311;2;7;7;999;"RE";28800;28860;0;0;1;"gmoreno";20/09/19;"100033";"";"";?;?;no;no;0;0;0;0;no
312;1;1;5;223;"no";28800;28860;0;0;1;"gmoreno";08/10/19;"111640";"";"";?;?;no;no;0;0;0;0;no
312;2;6;6;998;"CO";28800;28860;0;0;1;"gmoreno";08/10/19;"111636";"";"";?;?;no;no;0;0;0;0;no
312;3;7;7;999;"RE";28800;28860;0;0;1;"gmoreno";08/10/19;"111640";"";"";?;?;no;no;0;0;0;0;no
313;1;1;5;228;"NO";43200;43260;0;0;1;"gmoreno";08/10/19;"111923";"";"";?;?;no;no;0;0;0;0;no
313;2;6;6;998;"CO";43200;43260;0;0;1;"gmoreno";08/10/19;"111918";"";"";?;?;no;no;0;0;0;0;no
313;3;7;7;999;"RE";43200;43260;0;0;1;"gmoreno";08/10/19;"111923";"";"";?;?;no;no;0;0;0;0;no
314;1;1;5;307;"NO";0;60;0;0;1;"gmoreno";16/10/19;"092559";"";"";?;?;no;no;0;0;0;0;no
314;2;6;6;998;"CO";0;60;0;0;1;"gmoreno";16/10/19;"092603";"";"";?;?;no;no;0;0;0;0;no
314;3;7;7;999;"RE";0;60;0;0;1;"gmoreno";16/10/19;"092606";"";"";?;?;no;no;0;0;0;0;no
315;1;1;5;308;"NO";0;60;0;0;1;"gmoreno";16/10/19;"094405";"";"";?;?;no;no;0;0;0;0;no
315;2;6;6;999;"RE";0;60;0;0;1;"gmoreno";16/10/19;"094418";"";"";?;?;no;no;0;0;0;0;no
316;1;1;5;309;"NO";0;60;0;0;1;"gmoreno";16/10/19;"094736";"";"";?;?;no;no;0;0;0;0;no
316;2;6;6;999;"RE";0;60;0;0;1;"gmoreno";16/10/19;"094745";"";"";?;?;no;no;0;0;0;0;no
317;1;1;5;310;"NO";43140;43200;0;0;1;"gmoreno";22/10/19;"165011";"";"";?;?;no;no;0;0;0;0;no
317;2;6;6;999;"RE";43140;43200;0;0;1;"gmoreno";22/10/19;"165011";"";"";?;?;no;no;0;0;0;0;no
318;1;1;1;311;"NO";0;60;0;0;1;"gmoreno";01/11/19;"162928";"";"";?;?;no;no;0;0;0;0;no
318;2;2;5;180;"NO";0;60;0;0;1;"gmoreno";01/11/19;"162938";"";"";?;?;no;no;0;0;0;0;no
318;3;6;6;998;"CO";0;60;0;0;1;"gmoreno";01/11/19;"162944";"";"";?;?;no;no;0;0;0;0;no
318;4;7;7;999;"RE";0;60;0;0;1;"gmoreno";01/11/19;"162949";"";"";?;?;no;no;0;0;0;0;no
319;1;1;5;318;"NO";0;60;0;0;1;"gmoreno";27/11/19;"105450";"";"";?;?;no;no;0;0;0;0;no
319;2;6;6;998;"CO";0;60;0;0;1;"gmoreno";27/11/19;"105453";"";"";?;?;no;no;0;0;0;0;no
319;3;7;7;999;"RE";0;60;0;0;1;"gmoreno";27/11/19;"105456";"";"";?;?;no;no;0;0;0;0;no
320;1;1;4;320;"NO";28800;28860;0;0;1;"gmoreno";22/01/20;"084502";"";"";?;?;no;no;0;0;0;0;no
320;2;5;5;998;"CO";28800;28860;0;0;1;"gmoreno";22/01/20;"084459";"";"";?;?;no;no;0;0;0;0;no
320;3;6;6;999;"RE";28800;28860;0;0;1;"gmoreno";22/01/20;"084502";"";"";?;?;no;no;0;0;0;0;no
321;1;1;4;319;"NO";43200;43260;0;0;1;"gmoreno";22/01/20;"084933";"";"";?;?;no;no;0;0;0;0;no
321;2;5;5;998;"CO";43200;43260;0;0;1;"gmoreno";22/01/20;"084931";"";"";?;?;no;no;0;0;0;0;no
321;3;6;6;999;"RE";43200;43260;0;0;1;"gmoreno";22/01/20;"084933";"";"";?;?;no;no;0;0;0;0;no
322;1;1;4;322;"NO";0;60;0;0;1;"gmoreno";28/01/20;"143002";"";"";?;?;no;no;0;0;0;0;no
322;2;5;6;998;"CO";0;60;0;0;1;"gmoreno";22/01/20;"090730";"";"";?;?;no;no;0;0;0;0;no
322;3;7;7;999;"RE";0;60;0;0;1;"gmoreno";22/01/20;"090734";"";"";?;?;no;no;0;0;0;0;no
323;1;1;4;323;"no";28800;28860;0;0;1;"gmoreno";26/03/20;"090020";"";"";?;?;no;no;0;0;0;0;no
323;2;5;5;998;"CO";28800;28860;0;0;1;"gmoreno";26/03/20;"090012";"";"";?;?;no;no;0;0;0;0;no
323;3;6;6;999;"RE";28800;28860;0;0;1;"gmoreno";26/03/20;"090020";"";"";?;?;no;no;0;0;0;0;no
324;1;1;4;324;"NO";43200;43260;0;0;1;"gmoreno";26/03/20;"090441";"";"";?;?;no;no;0;0;0;0;no
324;2;5;5;998;"CO";43200;43260;0;0;1;"gmoreno";26/03/20;"090438";"";"";?;?;no;no;0;0;0;0;no
324;3;6;6;999;"RE";43200;43260;0;0;1;"gmoreno";26/03/20;"090441";"";"";?;?;no;no;0;0;0;0;no
325;1;1;1;325;"NO";0;60;0;0;1;"gmoreno";26/03/20;"095004";"";"";?;?;no;no;0;0;0;0;no
325;2;2;5;219;"NO";0;60;0;0;1;"gmoreno";26/03/20;"095043";"";"";?;?;no;no;0;0;0;0;no
325;3;6;6;998;"CO";0;60;0;0;1;"gmoreno";26/03/20;"095050";"";"";?;?;no;no;0;0;0;0;no
325;4;7;7;999;"RE";0;60;0;0;1;"gmoreno";26/03/20;"095054";"";"";?;?;no;no;0;0;0;0;no
326;1;1;4;326;"no";28800;28860;0;0;1;"gmoreno";27/03/20;"095915";"";"";?;?;no;no;0;0;0;0;no
326;2;5;5;998;"CO";28800;28860;0;0;1;"gmoreno";27/03/20;"095910";"";"";?;?;no;no;0;0;0;0;no
326;3;6;6;999;"RE";28800;28860;0;0;1;"gmoreno";27/03/20;"095915";"";"";?;?;no;no;0;0;0;0;no
327;1;1;4;327;"NO";43200;43260;0;0;1;"gmoreno";27/03/20;"100217";"";"";?;?;no;no;0;0;0;0;no
327;2;5;5;998;"CO";43200;43260;0;0;1;"gmoreno";27/03/20;"100214";"";"";?;?;no;no;0;0;0;0;no
327;3;6;6;999;"RE";43200;43260;0;0;1;"gmoreno";27/03/20;"100217";"";"";?;?;no;no;0;0;0;0;no
328;1;1;4;328;"no";28800;28860;0;0;1;"gmoreno";14/04/20;"154230";"";"";?;?;no;no;0;0;0;0;no
328;2;5;5;998;"CO";28800;28860;0;0;1;"gmoreno";14/04/20;"154225";"";"";?;?;no;no;0;0;0;0;no
328;3;6;6;999;"RE";28800;28860;0;0;1;"gmoreno";14/04/20;"154230";"";"";?;?;no;no;0;0;0;0;no
329;1;1;4;329;"NO";43200;43260;0;0;1;"gmoreno";14/04/20;"154659";"";"";?;?;no;no;0;0;0;0;no
329;2;5;5;998;"CO";43200;43260;0;0;1;"gmoreno";14/04/20;"154656";"";"";?;?;no;no;0;0;0;0;no
329;3;6;6;999;"RE";43200;43260;0;0;1;"gmoreno";14/04/20;"154659";"";"";?;?;no;no;0;0;0;0;no
330;1;1;4;330;"no";28800;28860;0;0;1;"gmoreno";14/04/20;"154958";"";"";?;?;no;no;0;0;0;0;no
330;2;5;5;998;"CO";28800;28860;0;0;1;"gmoreno";14/04/20;"154953";"";"";?;?;no;no;0;0;0;0;no
330;3;6;6;999;"RE";28800;28860;0;0;1;"gmoreno";14/04/20;"154958";"";"";?;?;no;no;0;0;0;0;no
331;1;1;4;331;"NO";43200;43260;0;0;1;"gmoreno";14/04/20;"155229";"";"";?;?;no;no;0;0;0;0;no
331;2;5;5;998;"CO";43200;43260;0;0;1;"gmoreno";14/04/20;"155225";"";"";?;?;no;no;0;0;0;0;no
331;3;6;6;999;"RE";43200;43260;0;0;1;"gmoreno";14/04/20;"155229";"";"";?;?;no;no;0;0;0;0;no
332;1;1;5;332;"NO";33600;33660;0;0;1;"gmoreno";17/04/20;"101714";"";"";?;?;no;no;0;0;0;0;no
332;2;6;6;999;"RE";33600;33660;0;0;1;"gmoreno";17/04/20;"101714";"";"";?;?;no;no;0;0;0;0;no
333;1;1;5;333;"NO";33600;33660;0;0;1;"gmoreno";17/04/20;"102126";"";"";?;?;no;no;0;0;0;0;no
333;2;6;6;999;"RE";33600;33660;0;0;1;"gmoreno";17/04/20;"102126";"";"";?;?;no;no;0;0;0;0;no
334;1;1;6;334;"no";53940;54000;0;0;1;"gmoreno";20/04/20;"105059";"";"";?;?;no;no;0;0;0;0;no
334;2;7;7;999;"RE";53940;54000;0;0;1;"gmoreno";20/04/20;"105059";"";"";?;?;no;no;0;0;0;0;no
335;1;1;5;219;"NO";0;60;0;0;1;"gmoreno";15/05/20;"101122";"";"";?;?;no;no;0;0;0;0;no
335;2;6;6;998;"CO";0;60;0;0;1;"gmoreno";15/05/20;"101130";"";"";?;?;no;no;0;0;0;0;no
335;3;7;7;999;"RE";0;60;0;0;1;"gmoreno";15/05/20;"101133";"";"";?;?;no;no;0;0;0;0;no
336;1;1;6;113;"NO";0;60;0;0;1;"gmoreno";09/06/20;"163513";"";"";?;?;no;no;0;0;0;0;no
336;2;7;7;999;"RE";0;60;0;0;1;"gmoreno";09/06/20;"163522";"";"";?;?;no;no;0;0;0;0;no
342;1;1;4;342;"NO";43200;43260;0;0;1;"gmoreno";19/02/21;"151953";"";"";?;?;yes;no;0;0;0;0;no
342;2;5;5;998;"CO";43200;43260;0;0;1;"gmoreno";19/02/21;"151947";"";"";?;?;no;no;0;0;0;0;no
342;3;6;6;999;"RE";43200;43260;0;0;1;"gmoreno";19/02/21;"151953";"";"";?;?;no;no;0;0;0;0;no
354;1;1;4;354;"NO";43200;43260;0;0;1;"gmoreno";11/02/22;"145141";"";"";?;?;no;no;0;0;0;0;no
354;2;5;5;998;"CO";43200;43260;0;0;1;"gmoreno";11/02/22;"145137";"";"";?;?;no;no;0;0;0;0;no
354;3;6;6;999;"RE";43200;43260;0;0;1;"gmoreno";11/02/22;"145141";"";"";?;?;no;no;0;0;0;0;no
355;1;1;4;335;"NO";0;60;0;0;1;"gmoreno";28/08/20;"183000";"";"";?;?;no;no;0;0;0;0;no
355;2;5;6;998;"CO";0;60;0;0;1;"gmoreno";28/08/20;"183028";"";"";?;?;no;no;0;0;0;0;no
355;3;7;7;999;"RE";0;60;0;0;1;"gmoreno";28/08/20;"183033";"";"";?;?;no;no;0;0;0;0;no
356;1;1;6;336;"NO";43200;43260;0;0;1;"gmoreno";19/10/20;"100606";"";"";?;?;no;no;0;0;0;0;no
356;2;7;7;999;"RE";43200;43260;0;0;1;"gmoreno";19/10/20;"100606";"";"";?;?;no;no;0;0;0;0;no
357;1;1;6;337;"NO";33600;33660;0;0;1;"gmoreno";06/11/20;"113632";"";"";?;?;no;no;0;0;0;0;no
357;2;7;7;999;"RE";33600;33660;0;0;1;"gmoreno";06/11/20;"113632";"";"";?;?;no;no;0;0;0;0;no
358;1;1;5;338;"NO";33600;33660;0;0;1;"gmoreno";13/11/20;"100839";"";"";?;?;no;no;0;0;0;0;no
358;2;6;6;999;"RE";33600;33660;0;0;1;"gmoreno";13/11/20;"100839";"";"";?;?;no;no;0;0;0;0;no
359;1;1;5;339;"NO";0;60;0;0;1;"gmoreno";18/12/20;"111226";"";"";?;?;no;no;0;0;0;0;no
359;2;6;6;102;"NO";0;60;0;0;1;"gmoreno";18/12/20;"111231";"";"";?;?;no;no;0;0;0;0;no
359;3;7;7;999;"RE";0;60;0;0;1;"gmoreno";18/12/20;"111236";"";"";?;?;no;no;0;0;0;0;no
360;1;1;6;340;"NO";33600;33660;0;0;1;"gmoreno";08/01/21;"180051";"";"";?;?;no;no;0;0;0;0;no
360;2;7;7;999;"RE";33600;33660;0;0;1;"gmoreno";08/01/21;"180051";"";"";?;?;no;no;0;0;0;0;no
361;1;1;4;341;"no";28800;28860;0;0;1;"gmoreno";19/02/21;"151429";"";"";?;?;no;no;0;0;0;0;no
361;2;5;5;998;"CO";28800;28860;0;0;1;"gmoreno";19/02/21;"151425";"";"";?;?;no;no;0;0;0;0;no
361;3;6;6;999;"RE";28800;28860;0;0;1;"gmoreno";19/02/21;"151429";"";"";?;?;no;no;0;0;0;0;no
362;1;1;4;342;"NO";43200;43260;0;0;1;"gmoreno";19/02/21;"154124";"";"";?;?;yes;no;0;0;0;0;no
362;2;5;5;998;"CO";43200;43260;0;0;1;"gmoreno";19/02/21;"154113";"";"";?;?;yes;no;0;0;0;0;no
362;3;6;6;999;"RE";43200;43260;0;0;1;"gmoreno";19/02/21;"154124";"";"";?;?;yes;no;0;0;0;0;no
363;1;1;6;343;"NO";33600;33660;0;0;1;"gmoreno";16/03/21;"142959";"";"";?;?;no;no;0;0;0;0;no
363;2;7;7;999;"RE";33600;33660;0;0;1;"gmoreno";16/03/21;"142959";"";"";?;?;no;no;0;0;0;0;no
364;1;1;5;344;"NO";0;60;0;0;1;"gmoreno";22/03/21;"173432";"";"";?;?;no;no;0;0;0;0;no
364;2;6;6;998;"CO";0;60;0;0;1;"gmoreno";22/03/21;"173436";"";"";?;?;no;no;0;0;0;0;no
364;3;7;7;999;"RE";0;60;0;0;1;"gmoreno";22/03/21;"173439";"";"";?;?;no;no;0;0;0;0;no
365;1;1;5;346;"NO";33600;33660;0;0;1;"gmoreno";22/04/21;"103030";"";"";?;?;no;no;0;0;0;0;no
365;2;6;6;999;"RE";33600;33660;0;0;1;"gmoreno";22/04/21;"103030";"";"";?;?;no;no;0;0;0;0;no
366;1;1;5;347;"NO";33600;33660;0;0;1;"gmoreno";22/04/21;"103521";"";"";?;?;no;no;0;0;0;0;no
366;2;6;6;999;"RE";33600;33660;0;0;1;"gmoreno";22/04/21;"103521";"";"";?;?;no;no;0;0;0;0;no
367;1;1;5;348;"NO";33600;33660;0;0;1;"gmoreno";22/04/21;"104426";"";"";?;?;no;no;0;0;0;0;no
367;2;6;6;999;"RE";33600;33660;0;0;1;"gmoreno";22/04/21;"104426";"";"";?;?;no;no;0;0;0;0;no
368;1;1;5;349;"NO";33600;33660;0;0;1;"gmoreno";22/04/21;"104924";"";"";?;?;no;no;0;0;0;0;no
368;2;6;6;999;"RE";33600;33660;0;0;1;"gmoreno";22/04/21;"104924";"";"";?;?;no;no;0;0;0;0;no
369;1;1;6;348;"NO";0;60;0;0;1;"gmoreno";23/04/21;"113427";"";"";?;?;no;no;0;0;0;0;no
369;2;7;7;999;"RE";0;60;0;0;1;"gmoreno";23/04/21;"113433";"";"";?;?;no;no;0;0;0;0;no
370;1;1;6;349;"NO";61140;61200;0;0;1;"gmoreno";23/04/21;"113711";"";"";?;?;no;no;0;0;0;0;no
370;2;7;7;999;"RE";61140;61200;0;0;1;"gmoreno";23/04/21;"113711";"";"";?;?;no;no;0;0;0;0;no
371;1;1;6;350;"NO";0;60;0;0;1;"gmoreno";02/06/21;"143756";"";"";?;?;no;no;0;0;0;0;no
371;2;7;7;999;"RE";0;60;0;0;1;"gmoreno";02/06/21;"143759";"";"";?;?;no;no;0;0;0;0;no
372;1;1;5;351;"NO";43200;43260;0;0;1;"gmoreno";26/07/21;"104349";"";"";?;?;no;no;0;0;0;0;no
372;2;6;6;999;"RE";43200;43260;0;0;1;"gmoreno";26/07/21;"104349";"";"";?;?;no;no;0;0;0;0;no
373;1;1;4;366;"NO";0;60;0;0;1;"val";27/07/23;"082645";"";"";?;?;no;no;0;0;0;0;no
373;2;5;5;367;"NO";0;60;0;0;1;"val";27/07/23;"082749";"";"";?;?;no;no;0;0;0;0;no
373;3;6;6;998;"CO";0;60;0;0;1;"val";27/07/23;"082811";"";"";?;?;no;no;0;0;0;0;no
373;4;7;7;999;"RE";0;60;0;0;1;"val";27/07/23;"082820";"";"";?;?;no;no;0;0;0;0;no
374;1;1;5;368;"NO";0;60;0;0;1;"val";27/07/23;"092749";"";"";?;?;no;no;0;0;0;0;no
374;2;6;6;369;"NO";0;60;0;0;1;"val";27/07/23;"092758";"";"";?;?;no;no;0;0;0;0;no
374;3;7;7;999;"RE";0;60;0;0;1;"val";27/07/23;"092810";"";"";?;?;no;no;0;0;0;0;no
383;1;1;5;352;"NO";43200;60;0;0;1;"gmoreno";26/08/21;"135237";"";"";?;?;no;no;0;0;0;0;no
383;3;6;6;998;"CO";43200;43260;0;0;1;"gmoreno";26/08/21;"135237";"";"";?;?;no;no;0;0;0;0;no
383;4;7;7;999;"RE";43200;43260;0;0;1;"gmoreno";26/08/21;"135237";"";"";?;?;no;no;0;0;0;0;no
384;1;1;4;355;"NO";28800;28860;0;0;1;"gmoreno";11/02/22;"145710";"";"";?;?;no;no;0;0;0;0;no
384;2;5;5;998;"CO";28800;28860;0;0;1;"gmoreno";11/02/22;"145707";"";"";?;?;no;no;0;0;0;0;no
384;3;6;6;999;"RE";28800;28860;0;0;1;"gmoreno";11/02/22;"145710";"";"";?;?;no;no;0;0;0;0;no
385;1;1;5;356;"NO";28800;28860;0;0;1;"gmoreno";14/02/22;"111744";"";"";?;?;no;no;0;0;0;0;no
385;2;6;6;998;"CO";28800;28860;0;0;1;"gmoreno";14/02/22;"111741";"";"";?;?;no;no;0;0;0;0;no
385;3;7;7;999;"RE";28800;28860;0;0;1;"gmoreno";14/02/22;"111744";"";"";?;?;no;no;0;0;0;0;no
386;1;1;4;357;"NO";43200;43260;0;0;1;"gmoreno";25/04/22;"114738";"";"";?;?;no;no;0;0;0;0;no
386;2;5;5;358;"NO";43200;43260;0;0;1;"gmoreno";25/04/22;"114731";"";"";?;?;no;no;0;0;0;0;no
386;3;6;6;999;"RE";43200;43260;0;0;1;"gmoreno";25/04/22;"114735";"";"";?;?;no;no;0;0;0;0;no
386;4;7;7;999;"RE";43200;43260;0;0;1;"gmoreno";25/04/22;"114738";"";"";?;?;no;no;0;0;0;0;no
389;1;1;5;359;"NO";0;60;0;0;1;"gmoreno";26/07/22;"170553";"";"";?;?;no;no;0;0;0;0;no
389;2;6;6;998;"CO";0;60;0;0;1;"gmoreno";26/07/22;"170558";"";"";?;?;no;no;0;0;0;0;no
389;3;7;7;999;"RE";0;60;0;0;1;"gmoreno";26/07/22;"170601";"";"";?;?;no;no;0;0;0;0;no
390;1;1;6;360;"NO";25140;25200;0;0;1;"gmoreno";29/08/22;"163512";"";"";?;?;no;no;0;0;0;0;no
390;2;7;7;999;"RE";25140;25200;0;0;1;"gmoreno";29/08/22;"163512";"";"";?;?;no;no;0;0;0;0;no
391;1;1;5;361;"NO";33600;33660;0;0;1;"gmoreno";08/09/22;"111748";"";"";?;?;no;no;0;0;0;0;no
391;2;6;6;999;"RE";33600;33660;0;0;1;"gmoreno";08/09/22;"111748";"";"";?;?;no;no;0;0;0;0;no
392;1;1;6;361;"NO";25140;25200;0;0;1;"gmoreno";08/09/22;"112400";"";"";?;?;no;no;0;0;0;0;no
392;2;7;7;999;"RE";25140;25200;0;0;1;"gmoreno";08/09/22;"112400";"";"";?;?;no;no;0;0;0;0;no
393;1;1;6;293;"NO";61200;61260;0;0;1;"gmoreno";27/09/22;"083149";"";"";?;?;no;no;0;0;0;0;no
393;2;7;7;999;"RE";61200;61260;0;0;1;"gmoreno";27/09/22;"083149";"";"";?;?;no;no;0;0;0;0;no
394;1;1;5;143;"NO";0;60;0;0;1;"amagro";30/09/22;"142329";"";"";?;?;no;no;0;0;0;0;no
394;2;6;7;999;"RE";0;60;0;0;1;"amagro";30/09/22;"142338";"";"";?;?;no;no;0;0;0;0;no
395;1;1;6;362;"NO";0;60;0;0;1;"gmoreno";24/10/22;"155708";"";"";?;?;no;no;0;0;0;0;no
395;2;7;7;999;"RE";0;60;0;0;1;"gmoreno";24/10/22;"155712";"";"";?;?;no;no;0;0;0;0;no
396;1;1;5;134;"NO";64800;64860;0;0;1;"amagro";02/01/23;"163627";"";"";?;?;no;no;0;0;0;0;no
396;2;6;7;999;"RE";64800;64860;0;0;1;"amagro";02/01/23;"163627";"";"";?;?;no;no;0;0;0;0;no
397;1;1;4;363;"no";28800;28860;0;0;1;"gmoreno";26/04/23;"150428";"";"";?;?;no;no;0;0;0;0;no
397;2;5;5;998;"CO";28800;28860;0;0;1;"gmoreno";26/04/23;"150425";"";"";?;?;no;no;0;0;0;0;no
397;3;6;6;999;"RE";28800;28860;0;0;1;"gmoreno";26/04/23;"150428";"";"";?;?;no;no;0;0;0;0;no
398;1;1;6;364;"NO";0;60;0;0;1;"gmoreno";12/05/23;"124121";"";"";?;?;no;no;0;0;0;0;no
398;2;7;7;999;"RE";0;60;0;0;1;"gmoreno";12/05/23;"124131";"";"";?;?;no;no;0;0;0;0;no
399;1;1;4;365;"NO";28800;28860;0;0;1;"gmoreno";20/06/23;"155844";"";"";?;?;no;no;0;0;0;0;no
399;2;5;5;998;"CO";28800;28860;0;0;1;"gmoreno";20/06/23;"155839";"";"";?;?;no;no;0;0;0;0;no
399;3;6;6;999;"RE";28800;28860;0;0;1;"gmoreno";20/06/23;"155844";"";"";?;?;no;no;0;0;0;0;no
2027;1;1;5;74;"NO";0;60;0;0;1;"ellen";23/11/18;"170128";"";"";?;?;no;no;0;0;0;0;no
2027;2;6;6;998;"CO";0;60;0;0;1;"ellen";23/11/18;"170132";"";"";?;?;no;no;0;0;0;0;no
2027;3;7;7;999;"RE";0;60;0;0;1;"ellen";23/11/18;"170135";"";"";?;?;no;no;0;0;0;0;no
2028;1;1;6;38;"NO";61200;61260;0;0;1;"ellen";24/10/18;"114557";"";"";?;?;no;no;0;0;0;0;no
2028;2;7;7;999;"RE";61200;61260;0;0;1;"ellen";24/10/18;"114557";"";"";?;?;no;no;0;0;0;0;no
2029;1;1;6;290;"NO";64800;64860;0;0;1;"ellen";27/11/18;"152922";"";"";?;?;no;no;0;0;0;0;no
2029;2;7;7;999;"RE";64800;64860;0;0;1;"ellen";27/11/18;"152922";"";"";?;?;no;no;0;0;0;0;no
2030;1;1;6;291;"NO";28800;28860;0;0;1;"ellen";04/12/18;"151924";"";"";?;?;no;no;0;0;0;0;no
2030;2;7;7;999;"RE";28800;28860;0;0;1;"ellen";04/12/18;"151924";"";"";?;?;no;no;0;0;0;0;no
2031;1;1;5;292;"NO";10800;10860;0;0;1;"ellen";26/12/18;"175732";"";"";?;?;no;no;0;0;0;0;no
2031;2;6;6;999;"RE";10800;10860;0;0;1;"ellen";26/12/18;"175732";"";"";?;?;no;no;0;0;0;0;no
2032;1;1;5;293;"NO";46800;46860;0;0;1;"ellen";02/01/19;"094215";"";"";?;?;no;no;0;0;0;0;no
2032;2;6;6;999;"RE";46800;46860;0;0;1;"ellen";02/01/19;"094215";"";"";?;?;no;no;0;0;0;0;no
2033;1;1;5;294;"NO";79200;79260;0;0;1;"ellen";02/01/19;"095142";"";"";?;?;no;no;0;0;0;0;no
2033;2;6;6;999;"RE";79200;79260;0;0;1;"ellen";02/01/19;"095142";"";"";?;?;no;no;0;0;0;0;no
2034;1;1;5;295;"NO";72000;72060;0;0;1;"ellen";26/01/19;"111027";"";"";?;?;no;no;0;0;0;0;no
2034;2;6;6;998;"CO";72000;72060;0;0;1;"ellen";26/01/19;"111023";"";"";?;?;no;no;0;0;0;0;no
2034;3;7;7;999;"RE";72000;72060;0;0;1;"ellen";26/01/19;"111027";"";"";?;?;no;no;0;0;0;0;no
2035;1;1;5;296;"NO";72000;72060;0;0;1;"msantos";29/01/19;"111912";"";"";?;?;no;no;0;0;0;0;no
2035;2;6;6;998;"CO";72000;72060;0;0;1;"msantos";29/01/19;"111905";"";"";?;?;no;no;0;0;0;0;no
2035;3;7;7;999;"RE";72000;72060;0;0;1;"msantos";29/01/19;"111912";"";"";?;?;no;no;0;0;0;0;no
2036;1;1;5;287;"NO";14340;14400;0;0;1;"ellen";01/02/19;"175919";"";"";?;?;no;no;0;0;0;0;no
2036;2;6;6;999;"RE";14340;14400;0;0;1;"ellen";01/02/19;"175919";"";"";?;?;no;no;0;0;0;0;no
2037;1;1;5;225;"NO";39540;39600;0;0;1;"ellen";01/02/19;"191433";"";"";?;?;no;no;0;0;0;0;no
2037;2;6;6;999;"RE";39540;39600;0;0;1;"ellen";01/02/19;"191433";"";"";?;?;no;no;0;0;0;0;no
2038;1;1;6;226;"NO";55200;55260;0;0;1;"ellen";15/02/19;"195552";"";"";?;?;no;no;0;0;0;0;no
2038;2;7;7;999;"RE";55200;55260;0;0;1;"ellen";15/02/19;"195552";"";"";?;?;no;no;0;0;0;0;no
2039;1;1;5;297;"NO";30000;30060;0;0;1;"ellen";27/02/19;"163648";"";"";?;?;no;no;0;0;0;0;no
2039;2;6;6;999;"RE";30000;30060;0;0;1;"ellen";27/02/19;"163648";"";"";?;?;no;no;0;0;0;0;no
2040;1;1;5;353;"NO";0;60;0;0;1;"amagro";22/10/21;"093502";"";"";?;?;no;no;0;0;0;0;no
2040;2;6;6;998;"CO";0;60;0;0;1;"amagro";22/10/21;"093512";"";"";?;?;no;no;0;0;0;0;no
2040;3;7;7;999;"RE";0;60;0;0;1;"amagro";22/10/21;"093519";"";"";?;?;no;no;0;0;0;0;no
