1;15;"9";"MG";"";"";"";"";"";"";"";"BRA";"00000000000000";"BANCO DO BRASIL UBERABA";175;0;"fabiano";08/03/16;"100952";"";"";?;?;no;no;0;0;0;0
1;56;"6";"SP";"";"";"";"";"";"";"";"BRA";"00000000000000";"BRADESCO ADAMANTINA";327;0;"super";02/05/18;"183918";"";"";?;?;no;no;0;0;0;0
1;58;"";"SP";"";"";"";"";"";"";"";"BRA";"00000000000000";"SANTANDER penapolis";278;0;"camila";17/02/18;"110815";"";"";?;?;no;no;0;0;0;0
1;97;"3";"SP";"";"";"";"";"";"";"";"BRA";"00000000000000";"BANCO DO BRASIL (AG 97-3/PRES PRUDENTE)";20;0;"datasul";04/07/08;"142321";"";"";?;?;no;no;0;0;0;0
1;105;"8";"SP";"";"";"";"";"";"";"";"BRA";"00000000000000";"BB PARAGUACU PTA";338;0;"msantos";04/07/18;"192840";"";"";?;?;no;no;0;0;0;0
1;110;"0";"SP";"";"";"";"";"";"";"";"BRA";"00000000000000";"AGENCIA VALPARAISO";618;0;"rangeloti";14/07/23;"152516";"";"";?;?;no;no;0;0;0;0
1;113;"9";"SP";"";"";"";"";"";"";"";"BRA";"00000000000000";"BANCO DO BRASIL / SANTO ANASTACIO";54;0;"lucimar";24/08/10;"121725";"";"";?;?;no;no;0;0;0;0
1;117;"1";"SP";"";"";"";"";"";"";"";"BRA";"00000000000000";"CAIXA MORRO AGUDO";416;0;"cristina";28/08/19;"154413";"";"";?;?;no;no;0;0;0;0
1;122;"";"BA";"";"";"";"";"";"";"";"BRA";"90400888062849";"SANTANDER AGENCIA 0122";548;0;"amagro";04/10/21;"105237";"";"";?;?;no;no;0;0;0;0
1;123;"6";"MS";"";"";"";"";"";"";"";"BRA";"00000000000000";"BB AQUIDAUANA MS";229;0;"super";19/06/17;"150327";"";"";?;?;no;no;0;0;0;0
1;134;"1";"SP";"";"";"";"";"";"";"";"BRA";"00000000000000";"BANCO DO BRASIL MATÃO";143;0;"lucimar";29/09/14;"161841";"";"";?;?;no;no;0;0;0;0
1;182;"1";"PR";"";"";"";"";"";"";"";"BRA";"00000000000000";"BRASIL S/A(TERRA RICA)";35;0;"ellen";06/05/10;"164011";"";"";?;?;no;no;0;0;0;0
1;208;"3";"MS";"";"";"";"";"";"";"";"BRA";"00000000000000";"BANCO DO BRASIL - TRES LAGOAS";233;0;"fabiano";02/09/17;"170258";"";"";?;?;no;no;0;0;0;0
1;211;"9";"MS";"";"";"";"";"";"";"";"BRA";"00000000000000";"BANCO DO BRASIL - MARACAJU";186;0;"fabiano";13/06/16;"155820";"";"";?;?;no;no;0;0;0;0
1;235;"";"SP";"";"";"";"";"";"";"";"BRA";"00000000000000";"AGENCIA PRESIDENTE PRUDENTE";235;0;"mcoimbra";19/10/17;"080614";"";"";?;?;no;no;0;0;0;0
1;320;"4";"SP";"";"";"";"";"";"";"";"BRA";"00000000000000";"BANCO DO BRASIL VENCESLAU";73;0;"LUCIMAR";20/12/12;"121248";"";"";?;?;no;no;0;0;0;0
1;347;"6";"SP";"";"";"";"";"";"";"";"BRA";"00000000000000";"BANCO DO BRASIL PENAPOLIS";65;0;"LUCIMAR";16/04/12;"081828";"";"";?;?;no;no;0;0;0;0
1;381;"6";"SP";"";"";"";"";"";"";"";"BRA";"00000000000000";"BANCO DO BRASIL PARANAVAI";66;0;"LUCIMAR";16/04/12;"082020";"";"";?;?;no;no;0;0;0;0
1;391;"3";"MS";"";"";"";"";"";"";"";"BRA";"00000000000000";"BANCO DO BRASIL - DOURADOS/MS";173;0;"fabiano";27/02/16;"135628";"";"";?;?;no;no;0;0;0;0
1;526;"6";"GO";"";"";"";"";"";"";"";"BRA";"00000000000000";"BANCO DO BRASIL QUIRINOPOLIS - GO";196;0;"lucimar";14/07/16;"113016";"";"";?;?;no;no;0;0;0;0
1;603;"";"SP";"";"";"";"";"";"";"";"BRA";"00000000000000";"BRADESCO (GUARULHOS)";47;0;"lucimar";26/11/09;"114448";"";"";?;?;no;no;0;0;0;0
1;644;"0";"GO";"";"";"";"";"";"";"";"BRA";"00000000000000";"ACREUNA";346;0;"bazevedo";28/08/18;"155708";"";"";?;?;no;no;0;0;0;0
1;676;"9";"PR";"";"";"";"";"";"";"";"BRA";"00000000000000";"BANCO DO BRASIL PARANACITY";51;0;"lucimar";23/02/16;"135252";"";"";?;?;no;no;0;0;0;0
1;723;"";"MA";"";"";"";"";"";"";"";"BRA";"00000000000000";"BANCO BRADESCO AG 723";549;0;"amagro";21/10/21;"172249";"";"";?;?;no;no;0;0;0;0
1;728;"5";"MS";"";"";"";"";"";"";"";"BRA";"00000000000000";"BANCO DO BRASIL NOVA ANDRADINA";88;0;"DANI";23/04/13;"141128";"";"";?;?;no;no;0;0;0;0
1;740;"4";"MS";"";"";"";"";"";"";"";"BRA";"00000000000000";"BANCO DO BRASIL RIO BRILHANTE MS";150;0;"lucimar";29/05/15;"155445";"";"";?;?;no;no;0;0;0;0
1;854;"0";"MT";"";"";"";"";"";"";"";"BRA";"00000000000000";"AG 0854-0 (BB JACIARA)";362;0;"ellen";05/02/19;"193225";"";"";?;?;no;no;0;0;0;0
1;897;"4";"MS";"";"";"";"";"";"";"";"BRA";"00000000000000";"BANCO DO BRASIL BATAGUASSU";76;0;"LUCIMAR";24/01/13;"070940";"";"";?;?;no;no;0;0;0;0
1;903;"";"MS";"";"";"";"";"";"";"";"BRA";"00000000000000";"AG 0903";525;0;"cristina";18/05/21;"132101";"";"";?;?;no;no;0;0;0;0
1;912;"1";"PR";"";"";"";"";"";"";"";"BRA";"00000000000000";"BANCO DO BRASIL/COLORADO";87;0;"LUCIMAR";19/04/13;"100225";"";"";?;?;no;no;0;0;0;0
1;938;"5";"SP";"";"";"";"";"";"";"";"BRA";"00000000000000";"B BRASIL JUNQUEIROPOLOS";331;0;"camila";31/05/18;"115231";"";"";?;?;no;no;0;0;0;0
1;971;"7";"SP";"";"";"";"";"";"";"";"BRA";"00000000000000";"BANCO DO BRASIL EPITACIO";137;0;"LUCIMAR";06/02/14;"074211";"";"";?;?;no;no;0;0;0;0
1;992;"X";"PR";"";"";"";"";"";"";"";"BRA";"00000000000000";"BRASIL S/A(TERRA RICA)";35;0;"cleo";08/10/08;"162010";"";"";?;?;no;no;0;0;0;0
1;1018;"9";"AL";"";"";"";"";"";"";"";"BRA";"00000000000000";"BANCO DO BRASIL ANADIA (AL)";156;0;"lucimar";24/08/15;"115946";"";"";?;?;no;no;0;0;0;0
1;1046;"4";"MG";"";"";"";"";"";"";"";"BRA";"00000000000000";"BANCO DO BRASIL";91;0;"ELLEN";03/06/13;"120921";"";"";?;?;no;no;0;0;0;0
1;1144;"";"MS";"";"";"";"";"";"";"";"BRA";"00000000000000";"JARDIM CAIXA";344;0;"cristina";27/08/18;"093636";"";"";?;?;no;no;0;0;0;0
1;1155;"X";"CE";"";"";"";"";"";"";"";"BRA";"00000000000000";"BANCO DO BRASIL - Tauá/CE";253;0;"fabiano";12/02/18;"175037";"";"";?;?;no;no;0;0;0;0
1;1187;"8";"SP";"";"";"";"";"";"";"";"BRA";"00000000000000";"BANCO DO BRASIL AG MARINGÁ VELHO";83;0;"LUCIMAR";13/03/13;"103247";"";"";?;?;no;no;0;0;0;0
1;1308;"";"GO";"";"";"";"";"";"";"";"BRA";"00000000000000";"BANCO DO BRASIL - Edeia/GO";244;0;"fabiano";17/01/18;"110449";"";"";?;?;no;no;0;0;0;0
1;1313;"";"SP";"";"";"";"";"";"";"";"BRA";"00000000000000";"SANTANDER BANESPA (AG 309)";30;0;"rangeloti";31/07/23;"091110";"";"";?;?;no;no;0;0;0;0
1;1323;"4";"MS";"";"";"";"";"";"";"";"BRA";"00000000000000";"BANCO DO BRASIL ANGELICA MS";194;0;"lucimar";06/07/16;"093401";"";"";?;?;no;no;0;0;0;0
1;1648;"9";"AL";"";"";"";"";"";"";"";"BRA";"00000000000000";"BANCO DO BRASIL BOCA DA MATA /AL";164;0;"lucimar";26/10/15;"102400";"";"";?;?;no;no;0;0;0;0
1;1685;"3";"MG";"";"";"";"";"";"";"";"BRA";"00000000000000";"BANCO DO BRASIL";91;0;"ellen";07/03/19;"170101";"";"";?;?;no;no;0;0;0;0
1;1707;"8";"SC";"";"";"";"";"";"";"";"BRA";"00000000000000";"BANCO DO BRASIL CAMBORIU";64;0;"LUCIMAR";16/04/12;"081552";"";"";?;?;no;no;0;0;0;0
1;2004;"4";"MA";"";"";"";"";"";"";"";"BRA";"00000000000000";"BANCO DO BRASIL - COROATA MA";282;0;"super";02/03/18;"093820";"";"";?;?;no;no;0;0;0;0
1;2024;"9";"MS";"";"";"";"";"";"";"";"BRA";"00000000000000";"BANCO DO BRASIL DEODAPOLIS";168;0;"lucimar";27/01/16;"112351";"";"";?;?;no;no;0;0;0;0
1;2045;"";"MS";"";"";"";"";"";"";"";"BRA";"00000000000000";"CAIXA ECONOMICA FEDERAL";195;0;"ellen";11/07/16;"142522";"";"";?;?;no;no;0;0;0;0
1;2078;"8";"sp";"";"";"";"";"";"";"";"BRA";"00000000000000";"AG. BB GENERAL SALGADO";86;0;"LUCIMAR";17/04/13;"102543";"";"";?;?;no;no;0;0;0;0
1;2188;"1";"MS";"";"";"";"";"";"";"";"BRA";"00000000000000";"BB IVIEMA MS";315;0;"super";09/04/18;"114158";"";"";?;?;no;no;0;0;0;0
1;2238;"1";"PE";"";"";"";"";"";"";"";"BRA";"00000000000000";"BANCO DO BRASIL LAGOA DOS GATOS";165;0;"lucimar";13/11/15;"145023";"";"";?;?;no;no;0;0;0;0
1;2306;"X";"SP";"";"";"";"";"";"";"";"BRA";"00000000000000";"BB MIRANTE DO PARANAPANEMA";81;0;"LUCIMAR";18/02/13;"133844";"";"";?;?;no;no;0;0;0;0
1;2349;"3";"PR";"";"";"";"";"";"";"";"BRA";"00000000000000";"BANCO DO BRASIL NOVA CANTU";139;0;"LUCIMAR";15/08/14;"151038";"";"";?;?;no;no;0;0;0;0
1;2425;"2";"PB";"";"";"";"";"";"";"";"BRA";"00000000000000";"BANCO DO BRASIL PEDRAS DE FOGO, PB";145;0;"lucimar";13/11/14;"140556";"";"";?;?;no;no;0;0;0;0
1;2455;"4";"SP";"";"";"";"";"";"";"";"BRA";"00000000000000";"BANCO DO BRASIL (AG 2455-4/MIRANTE)";19;0;"datasul";04/07/08;"142307";"";"";?;?;no;no;0;0;0;0
1;2519;"4";"SP";"";"";"";"";"";"";"";"BRA";"00000000000000";"BANCO DO BRASIL/REGENTE FEIJO";89;0;"LUCIMAR";24/05/13;"121930";"";"";?;?;no;no;0;0;0;0
1;2718;"9";"SP";"";"";"";"";"";"";"";"BRA";"00000000000000";"BANCO DO BRASIL (AG 2718-9/TS)";7;0;"datasul";04/07/08;"142535";"";"";?;?;no;no;0;0;0;0
1;2848;"7";"MS";"";"";"";"";"";"";"";"BRA";"00000000000000";"BANCO DO BRASIL BATAYPORA";140;0;"lucimar";18/09/14;"084954";"";"";?;?;no;no;0;0;0;0
1;3047;"3";"AL";"";"";"";"";"";"";"";"BRA";"00000000000000";"BRADESCO MACEIÓ";179;0;"fabiano";30/04/16;"150545";"";"";?;?;no;no;0;0;0;0
1;3078;"3";"SC";"";"";"";"";"";"";"";"bra";"00000000000000";"BANCO DO BRASIL LAGES";60;0;"LUCIMAR";24/05/11;"085706";"";"";?;?;no;no;0;0;0;0
1;3123;"2";"TO";"";"";"";"";"";"";"";"BRA";"00000000000000";"BB FORMOSO DO ARAGUAIA";375;0;"msantos";05/06/19;"180012";"";"";?;?;no;no;0;0;0;0
1;3290;"5";"MT";"";"";"";"";"";"";"";"BRA";"00000000000000";"BANCO DO BRASIL - PRIMAVERA DO LESTE";224;0;"fabiano";01/05/17;"135058";"";"";?;?;no;no;0;0;0;0
1;3291;"3";"SP";"";"";"";"";"";"";"";"BRA";"00000000000000";"BANCO DO BRASIL (AG 3291-3/PRIMAVERA)";28;0;"datasul";04/07/08;"142020";"";"";?;?;no;no;0;0;0;0
1;3351;"0";"MG";"";"";"";"";"";"";"";"BRA";"00000000000000";"BB UBERABA";376;0;"gsilva";11/06/19;"094827";"";"";?;?;no;no;0;0;0;0
1;3416;"9";"GO";"";"";"";"";"";"";"";"BRA";"00000000000000";"BB VICENTINOPOLIS - GO";316;0;"super";10/04/18;"100906";"";"";?;?;no;no;0;0;0;0
1;3501;"";"SP";"";"";"";"";"";"";"";"BRA";"00000000000000";"CAIXA monte aprazivel";255;0;"camila";14/02/18;"093216";"";"";?;?;no;no;0;0;0;0
1;3573;"4";"PR";"";"";"";"";"";"";"";"BRA";"60701190110031";"ITAÚ UNIBANCO S.A.";499;0;"mmoraes";23/11/20;"103117";"";"";?;?;no;no;0;0;0;0
1;3644;"7";"MT";"";"";"";"";"";"";"";"BRA";"00000000000000";"BANCO DO BRASIL NOVA OLIMPIA";158;0;"lucimar";24/08/15;"143653";"";"";?;?;no;no;0;0;0;0
1;3743;"5";"GO";"";"";"";"";"";"";"";"BRA";"00000000000000";"BANCO DO BRASIL MAURILANDIA-GO";187;0;"fabiano";15/06/16;"162008";"";"";?;?;no;no;0;0;0;0
1;3950;"0";"MS";"";"";"";"";"";"";"";"BRA";"00000000000000";"BANCO DO BRASIL NOVA ALVORADA DO SUL";154;0;"lucimar";24/08/15;"094817";"";"";?;?;no;no;0;0;0;0
1;4028;"2";"SP";"";"";"";"";"";"";"";"BRA";"00000000000000";"BANCO DO BRASIL RIBEIRAO";378;0;"gsilva";11/06/19;"160912";"";"";?;?;no;no;0;0;0;0
1;4079;"";"SP";"";"";"";"";"";"";"";"BRA";"00000000000000";"GUARULHOS";337;0;"cristina";03/07/18;"181634";"";"";?;?;no;no;0;0;0;0
1;4183;"";"SP";"";"";"";"";"";"";"";"BRA";"00000000000000";"CAIXA Tanabi";267;0;"camila";14/02/18;"174041";"";"";?;?;no;no;0;0;0;0
1;4245;"5";"SP";"";"";"";"";"";"";"";"BRA";"00000000000000";"BANCO DO BRASIL / CATANDUVA";68;0;"LUCIMAR";24/04/12;"113359";"";"";?;?;no;no;0;0;0;0
1;4351;"6";"MS";"";"";"";"";"";"";"";"BRA";"00000000535036";"BANCO DO BRASIL (TRES LAGOAS - MS)";149;0;"fabiano";13/05/15;"144510";"";"";?;?;no;no;0;0;0;0
1;4474;"1";"SP";"";"";"";"";"";"";"";"BRA";"00000000000000";"BANCO DO BRASIL (AG 4474-1/EUCLIDES)";18;0;"datasul";04/07/08;"142255";"";"";?;?;no;no;0;0;0;0
1;4515;"2";"MT";"";"";"";"";"";"";"";"BRA";"00000000000000";"BANCO DO BRASIL ALTO TAQUARI MT";180;0;"fabiano";06/06/16;"164308";"";"";?;?;no;no;0;0;0;0
1;4551;"9";"CE";"";"";"";"";"";"";"";"BRA";"00000000000000";"BANCO DO BRASIL - Pedra Branca/CE";250;0;"fabiano";12/02/18;"153155";"";"";?;?;no;no;0;0;0;0
1;4644;"2";"PR";"";"";"";"";"";"";"";"BRA";"00000000000000";"BANCO DO BRASIL/SANTO INACIO";70;0;"LUCIMAR";21/05/12;"112218";"";"";?;?;no;no;0;0;0;0
1;4774;"1";"PR";"";"";"";"";"";"";"";"BRA";"00000000000000";"BB SANTA TEREZA OESTE";309;0;"super";06/04/18;"095656";"";"";?;?;no;no;0;0;0;0
1;5658;"8";"SP";"";"";"";"";"";"";"";"BRA";"00000000000000";"BANCO DO BRASIL / CARAPICUIBA";63;0;"LUCIMAR";28/02/12;"120047";"";"";?;?;no;no;0;0;0;0
1;6277;"";"SP";"";"";"";"";"";"";"";"BRA";"00000000000000";"AGENCIA PRESIDENTE PRUDENTE";235;0;"mcoimbra";19/10/17;"080849";"";"";?;?;no;no;0;0;0;0
1;6628;"1";"SP";"";"";"";"";"";"";"";"BRA";"00000000000000";"BANCO DO BRASIL (AG 6628-1/PV)";56;0;"fabiano";30/11/10;"161752";"";"";?;?;no;no;0;0;0;0
1;6703;"2";"SP";"";"";"";"";"";"";"";"BRA";"00000000000000";"BB PRESIDENTE EPITÁCIO";84;0;"LUCIMAR";03/04/13;"195654";"";"";?;?;no;no;0;0;0;0
1;6749;"0";"SP";"";"";"";"";"";"";"";"BRA";"00000000000000";"BANCO DO BRASIL DRACENA";74;0;"LUCIMAR";20/12/12;"121819";"";"";?;?;no;no;0;0;0;0
1;6891;"8";"SP";"";"";"";"";"";"";"";"BRA";"00000000000000";"BANCO DO BRASIL / MARABA PAULISTA";53;0;"LUCIMAR";06/08/10;"102457";"";"";?;?;no;no;0;0;0;0
1;6921;"3";"SP";"";"";"";"";"";"";"";"BRA";"00000000000000";"BANCO DO BRASIL - Sud Menucci/SP";245;0;"fabiano";02/02/18;"135307";"";"";?;?;no;no;0;0;0;0
5;1006;"5";"SP";"";"";"";"";"";"";"";"BRA";"00000000000000";"NOSSA CAIXA (AG 1006-5)";29;0;"datasul";04/07/08;"142849";"";"";?;?;no;no;0;0;0;0
22;58;"";"SP";"";"";"";"";"";"";"";"BRA";"00000000000000";"SANTANDER penapolis";278;0;"camila";17/02/18;"110844";"";"";?;?;no;no;0;0;0;0
22;169;"";"SP";"";"";"";"";"";"";"";"BRA";"00000000000000";"AGENCIA SANTANDER 0169";486;0;"gmoreno";15/09/20;"113717";"";"";?;?;no;no;0;0;0;0
22;309;"";"SP";"";"";"";"";"";"";"";"BRA";"00000000000000";"SANTANDER BANESPA (AG 309)";30;0;"datasul";04/07/08;"142825";"";"";?;?;no;no;0;0;0;0
22;794;"3";"SP";"";"";"";"";"";"";"";"BRA";"00000000000000";"PRESIDENTE PRUDENTE";516;0;"aribeiro";24/02/21;"161441";"";"";?;?;no;no;0;0;0;0
33;0;"";"SP";"";"";"";"";"";"";"";"BRA";"90400888231543";"AGENCIA SANTANDER 3253";568;0;"amagro";08/07/22;"155710";"";"";?;?;no;no;0;0;0;0
33;18;"";"SP";"";"";"";"";"";"";"";"BRA";"00000000000000";"AGENCIA SANTANDER 0018";597;0;"amagro";16/01/23;"175442";"";"";?;?;no;no;0;0;0;0
33;19;"";"SP";"";"";"";"";"";"";"";"BRA";"00000000000000";"BANCO SANTANDER AG 0019";420;0;"glisboa";17/09/19;"085302";"";"";?;?;no;no;0;0;0;0
33;20;"";"SP";"";"";"";"";"";"";"";"BRA";"00000000000000";"BANCO SANTANDER AG 0020";437;0;"glisboa";11/11/19;"115407";"";"";?;?;no;no;0;0;0;0
33;27;"";"SP";"";"";"";"";"";"";"";"BRA";"00000000000000";"AGENCIA 0027";619;0;"toliveira";02/08/23;"132725";"";"";?;?;no;no;0;0;0;0
33;32;"";"SP";"";"";"";"";"";"";"";"BRA";"00000000000000";"BANCO SANTANDER-AG 0032";456;0;"glisboa";01/04/20;"165502";"";"";?;?;no;no;0;0;0;0
33;33;"";"SP";"";"";"";"";"";"";"";"BRA";"00000000000000";"SANTANDER AGENCIA 033";599;0;"amagro";07/02/23;"160444";"";"";?;?;no;no;0;0;0;0
33;34;"";"SP";"";"";"";"";"";"";"";"BRA";"90400888091865";"SANTANDER TANABI";508;0;"mmoraes";05/01/21;"160321";"";"";?;?;no;no;0;0;0;0
33;44;"";"SP";"";"";"";"";"";"";"";"BRA";"00000000000000";"AGENCIA 044 ARARAQUARA";613;0;"toliveira";24/04/23;"151734";"";"";?;?;no;no;0;0;0;0
33;46;"";"SP";"";"";"";"";"";"";"";"BRA";"00000000000000";"SANTANDER AGENCIA 0046";602;0;"amagro";06/03/23;"080714";"";"";?;?;no;no;0;0;0;0
33;48;"";"SP";"";"";"";"";"";"";"";"BRA";"00000000000000";"AGENCIA SANTANDER -0048";608;0;"toliveira";06/04/23;"102107";"";"";?;?;no;no;0;0;0;0
33;55;"";"SP";"";"";"";"";"";"";"";"BRA";"90400888101500";"AG LENCOIS PAULISTA";533;0;"aribeiro";21/07/21;"111039";"";"";?;?;no;no;0;0;0;0
33;58;"2";"SP";"";"";"";"";"";"";"";"BRA";"00000000000000";"SANTANDER PENAPOLIS";330;0;"super";07/05/18;"101227";"";"";?;?;no;no;0;0;0;0
33;70;"";"SP";"";"";"";"";"";"";"";"BRA";"00000000000000";"BANCO SANTANDER-AG 0070";457;0;"glisboa";28/04/20;"092114";"";"";?;?;no;no;0;0;0;0
33;73;"";"SP";"";"";"";"";"";"";"";"BRA";"00000000000000";"SANTANDER 0073";624;0;"toliveira";02/08/23;"142001";"";"";?;?;no;no;0;0;0;0
33;122;"";"BA";"";"";"";"";"";"";"";"BRA";"90400888062849";"SANTANDER AGENCIA 0122";548;0;"amagro";04/10/21;"105343";"";"";?;?;no;no;0;0;0;0
33;132;"";"SP";"";"";"";"";"";"";"";"BRA";"00000000000000";"BANCO SANTANDER-AG 0132";470;0;"glisboa";24/07/20;"102552";"";"";?;?;no;no;0;0;0;0
33;161;"";"SP";"";"";"";"";"";"";"";"BRA";"00000000000000";"BANCO SANTANDER AG 161";435;0;"glisboa";07/11/19;"115447";"";"";?;?;no;no;0;0;0;0
33;169;"";"SP";"";"";"";"";"";"";"";"BRA";"00000000000000";"AGENCIA SANTANDER 0169";486;0;"gmoreno";15/09/20;"113811";"";"";?;?;no;no;0;0;0;0
33;182;"";"SP";"";"";"";"";"";"";"";"BRA";"90400888073450";"AGENCIA SANTANDER 0182";581;0;"amagro";11/10/22;"080940";"";"";?;?;no;no;0;0;0;0
33;183;"";"SP";"";"";"";"";"";"";"";"BRA";"00000000000000";"AGENCIA SANTANDER 0183";594;0;"amagro";30/12/22;"103903";"";"";?;?;no;no;0;0;0;0
33;185;"";"SP";"";"";"";"";"";"";"";"BRA";"00000000000000";"AGENCIA 185 SANTANDER";564;0;"gmoreno";22/06/22;"114443";"";"";?;?;no;no;0;0;0;0
33;207;"";"SP";"";"";"";"";"";"";"";"BRA";"00000000000000";"SANTANDER 0207";621;0;"toliveira";02/08/23;"140012";"";"";?;?;no;no;0;0;0;0
33;257;"";"SP";"";"";"";"";"";"";"";"BRA";"00000000000000";"BANCO SANTANDER-AG 0257";463;0;"glisboa";17/06/20;"085528";"";"";?;?;no;no;0;0;0;0
33;272;"";"SP";"";"";"";"";"";"";"";"BRA";"90400888011004";"AGENCIA SANTANDER 0272";580;0;"amagro";10/10/22;"090854";"";"";?;?;no;no;0;0;0;0
33;288;"";"SP";"";"";"";"";"";"";"";"BRA";"00000000000000";"BANCO SANTANDER-AG 0288";471;0;"glisboa";28/07/20;"114332";"";"";?;?;no;no;0;0;0;0
33;289;"";"SP";"";"";"";"";"";"";"";"BRA";"90400888024912";"AGENCIA SANTANDER 0289";579;0;"amagro";10/10/22;"090604";"";"";?;?;no;no;0;0;0;0
33;291;"";"SP";"";"";"";"";"";"";"";"BRA";"00000000000000";"BANCO SANTANDER-AG 0291";504;0;"glisboa";08/12/20;"123749";"";"";?;?;no;no;0;0;0;0
33;293;"";"SP";"";"";"";"";"";"";"";"BRA";"00000000000000";"SANTANDER 0293";620;0;"toliveira";02/08/23;"135244";"";"";?;?;no;no;0;0;0;0
33;309;"";"SP";"";"";"";"";"";"";"";"BRA";"00000000000000";"BANCO SANTANDER AG 0309";434;0;"glisboa";28/10/19;"143641";"";"";?;?;no;no;0;0;0;0
33;345;"";"SP";"";"";"";"";"";"";"";"BRA";"00000000000000";"AGENCIA 0345 ITANHEM SP";612;0;"toliveira";24/04/23;"112632";"";"";?;?;no;no;0;0;0;0
33;435;"";"SP";"";"";"";"";"";"";"";"BRA";"00000000000000";"BANCO SANTANDER AG 0435";467;0;"gmoreno";05/08/20;"155725";"";"";?;?;no;no;0;0;0;0
33;442;"";"SP";"";"";"";"";"";"";"";"BRA";"00000000000000";"SANTANDER 0442";622;0;"toliveira";02/08/23;"140309";"";"";?;?;no;no;0;0;0;0
33;448;"";"SP";"";"";"";"";"";"";"";"BRA";"90400888066836";"0448 POTIRENDABA";527;0;"aribeiro";23/06/21;"104154";"";"";?;?;no;no;0;0;0;0
33;467;"";"SP";"";"";"";"";"";"";"";"BRA";"00000000000000";"BANCO SANTANDER AG 13 DE MAIO";424;0;"glisboa";01/10/19;"083628";"";"";?;?;no;no;0;0;0;0
33;493;"";"SP";"";"";"";"";"";"";"";"BRA";"00000000000000";"BANCO SANTANDER AG 0493";423;0;"glisboa";17/09/19;"085329";"";"";?;?;no;no;0;0;0;0
33;507;"";"SP";"";"";"";"";"";"";"";"BRA";"90400888028152";"SANTANDER PRIMAVERA-ROSANA";519;0;"mmoraes";05/04/21;"134017";"";"";?;?;no;no;0;0;0;0
33;536;"";"SP";"";"";"";"";"";"";"";"BRA";"00000000000000";"BANCO SANTANDER AG 0536";433;0;"glisboa";25/10/19;"082802";"";"";?;?;no;no;0;0;0;0
33;539;"";"SP";"";"";"";"";"";"";"";"BRA";"00000000000000";"BANCO SANTANDER-AG 0539";494;0;"glisboa";21/10/20;"114825";"";"";?;?;no;no;0;0;0;0
33;550;"";"SP";"";"";"";"";"";"";"";"BRA";"00000000000000";"AGENCIA 550 SANTANDER";566;0;"gmoreno";01/07/22;"105124";"";"";?;?;no;no;0;0;0;0
33;711;"";"SP";"";"";"";"";"";"";"";"BRA";"90400888000142";"AGENCIA PONTAL";543;0;"aribeiro";31/08/21;"162941";"";"";?;?;no;no;0;0;0;0
33;767;"";"SP";"";"";"";"";"";"";"";"BRA";"00000000000000";"BANCO SANTANDER-AG 0767";501;0;"glisboa";24/11/20;"121133";"";"";?;?;no;no;0;0;0;0
33;782;"";"SP";"";"";"";"";"";"";"";"BRA";"90400888122760";"AG JD INDEPENDENCIA";544;0;"aribeiro";01/09/21;"115146";"";"";?;?;no;no;0;0;0;0
33;794;"3";"SP";"";"";"";"";"";"";"";"BRA";"00000000000000";"PRESIDENTE PRUDENTE";516;0;"aribeiro";24/02/21;"161940";"";"";?;?;no;no;0;0;0;0
33;1186;"";"MS";"";"";"";"";"";"";"";"BRA";"90400888318746";"AGENCIA SANTANDER 1186";578;0;"amagro";06/10/22;"115537";"";"";?;?;no;no;0;0;0;0
33;1191;"";"SP";"";"";"";"";"";"";"";"BRA";"00000000000000";"BANCO SANTANDER-AG 1191";461;0;"glisboa";22/05/20;"175447";"";"";?;?;no;no;0;0;0;0
33;1313;"";"MS";"";"";"";"";"";"";"";"BRA";"00000000000000";"SANTANDER 1313";626;0;"toliveira";02/08/23;"161139";"";"";?;?;no;no;0;0;0;0
33;1317;"";"PR";"";"";"";"";"";"";"";"BRA";"00000000000000";"AGENCIA 1317 SANTANDER";610;0;"toliveira";18/04/23;"093636";"";"";?;?;no;no;0;0;0;0
33;1570;"";"SP";"";"";"";"";"";"";"";"BRA";"00000000000000";"BANCO SANTANDER-AG 1570";451;0;"glisboa";21/02/20;"091741";"";"";?;?;no;no;0;0;0;0
33;1581;"";"SP";"";"";"";"";"";"";"";"BRA";"00000000000000";"BANCO SANTANDER AG 1581";432;0;"glisboa";21/10/19;"150830";"";"";?;?;no;no;0;0;0;0
33;1687;"";"MS";"";"";"";"";"";"";"";"BRA";"00000000000000";"AGENCIA 1687 SANTANDER";565;0;"gmoreno";24/06/22;"115702";"";"";?;?;no;no;0;0;0;0
33;1749;"";"SP";"";"";"";"";"";"";"";"BRA";"90400888266681";"SANTANDER AGENCIA 1749";550;0;"amagro";17/11/21;"102931";"";"";?;?;no;no;0;0;0;0
33;1825;"";"SP";"";"";"";"";"";"";"";"BRA";"00000000000000";"BANCO SANTANDER AG 1825";421;0;"glisboa";17/09/19;"085310";"";"";?;?;no;no;0;0;0;0
33;1893;"";"SP";"";"";"";"";"";"";"";"BRA";"00000000000000";"BANCO SANTANDER-AG 1893";455;0;"glisboa";30/03/20;"104602";"";"";?;?;no;no;0;0;0;0
33;2019;"";"SP";"";"";"";"";"";"";"";"BRA";"90400888070272";"SANTANDER AGENCIA 2019";551;0;"amagro";18/11/21;"141655";"";"";?;?;no;no;0;0;0;0
33;2400;"";"SP";"";"";"";"";"";"";"";"BRA";"00000000000000";"AG PITANGUEIRAS";529;0;"aribeiro";02/07/21;"152523";"";"";?;?;no;no;0;0;0;0
33;2470;"";"MS";"";"";"";"";"";"";"";"BRA";"00000000000000";"AGENCIA 2470 SANTANDER";563;0;"gmoreno";15/06/22;"160002";"";"";?;?;no;no;0;0;0;0
33;2963;"";"SP";"";"";"";"";"";"";"";"BRA";"00000000000000";"AGENCIA SANTANDER 2963";586;0;"amagro";03/11/22;"135631";"";"";?;?;no;no;0;0;0;0
33;2969;"";"MS";"";"";"";"";"";"";"";"BRA";"00000000000000";"AGENCIA 2969 RIO BRILHANTE";611;0;"toliveira";20/04/23;"115239";"";"";?;?;no;no;0;0;0;0
33;2973;"";"SP";"";"";"";"";"";"";"";"BRA";"00000000000000";"AGENCIA SANTANDER 2973";585;0;"amagro";01/11/22;"090813";"";"";?;?;no;no;0;0;0;0
33;2976;"";"SP";"";"";"";"";"";"";"";"BRA";"00000000000000";"SANTANDER AGENCIA 2976";601;0;"amagro";17/02/23;"160919";"";"";?;?;no;no;0;0;0;0
33;2978;"";"SP";"";"";"";"";"";"";"";"BRA";"00000000000000";"AGENCIA SANTANDER 2978";574;0;"amagro";16/08/22;"102525";"";"";?;?;no;no;0;0;0;0
33;2979;"";"RJ";"";"";"";"";"";"";"";"BRA";"00000000000000";"AGENCIA SANTANDER RJ";607;0;"toliveira";05/04/23;"115056";"";"";?;?;no;no;0;0;0;0
33;2982;"";"MG";"";"";"";"";"";"";"";"BRA";"00000000000000";"AGENCIA SANTANDER 2982";587;0;"gmoreno";04/11/22;"094012";"";"";?;?;no;no;0;0;0;0
33;2986;"";"SP";"";"";"";"";"";"";"";"BRA";"00000000000000";"AGENCIA SANTANDER 2986";591;0;"amagro";22/11/22;"095046";"";"";?;?;no;no;0;0;0;0
33;2988;"";"SP";"";"";"";"";"";"";"";"BRA";"00000000000000";"AGENCIA 2988 SANTANDER";609;0;"gmoreno";06/04/23;"104703";"";"";?;?;no;no;0;0;0;0
33;3085;"";"MS";"";"";"";"";"";"";"";"BRA";"00000000000000";"AGENCIA SANTANDER CAMPO GRANDE";606;0;"toliveira";27/03/23;"154540";"";"";?;?;no;no;0;0;0;0
33;3121;"";"MS";"";"";"";"";"";"";"";"BRA";"00000000000000";"AGENCIA 3121-6 SANTANDER";487;0;"gmoreno";15/09/20;"135927";"";"";?;?;no;no;0;0;0;0
33;3133;"";"MG";"";"";"";"";"";"";"";"BRA";"00000000000000";"AGENCIA SANTANDER 3133";615;0;"gmoreno";02/05/23;"103120";"";"";?;?;no;no;0;0;0;0
33;3149;"";"SP";"";"";"";"";"";"";"";"BRA";"00000000000000";"BANCO SANTANDER AG 3149";422;0;"glisboa";17/09/19;"085321";"";"";?;?;no;no;0;0;0;0
33;3231;"";"SP";"";"";"";"";"";"";"";"BRA";"00000000000000";"BANCO SANTANDER-AG 3231";453;0;"glisboa";03/03/20;"134107";"";"";?;?;no;no;0;0;0;0
33;3253;"";"SP";"";"";"";"";"";"";"";"BRA";"90400888231543";"AGENCIA SANTANDER 3253";568;0;"amagro";08/07/22;"160124";"";"";?;?;no;no;0;0;0;0
33;3269;"";"SP";"";"";"";"";"";"";"";"BRA";"00000000000000";"BANCO SANTANDER-AG 3269";448;0;"glisboa";10/02/20;"084814";"";"";?;?;no;no;0;0;0;0
33;3321;"";"SP";"";"";"";"";"";"";"";"BRA";"00000000000000";"BANCO SANTANDER AG 3321";438;0;"glisboa";13/11/19;"100222";"";"";?;?;no;no;0;0;0;0
33;3337;"";"MS";"";"";"";"";"";"";"";"BRA";"00000000000000";"AGENCIA 3337";616;0;"toliveira";05/06/23;"180844";"";"";?;?;no;no;0;0;0;0
33;3432;"";"SP";"";"";"";"";"";"";"";"BRA";"90400888166032";"AG ARARAQUARA";546;0;"aribeiro";02/09/21;"153803";"";"";?;?;no;no;0;0;0;0
33;3465;"";"MS";"";"";"";"";"";"";"";"BRA";"00000000000000";"AGENCIA SANTANDER 3465";625;0;"toliveira";02/08/23;"161128";"";"";?;?;no;no;0;0;0;0
33;3622;"";"SP";"";"";"";"";"";"";"";"BRA";"90400888132561";"AGENCIA 528 JABOTICABAL";528;0;"aribeiro";23/06/21;"131027";"";"";?;?;no;no;0;0;0;0
33;3656;"";"SP";"";"";"";"";"";"";"";"BRA";"00000000000000";"SANTANDER 3656";623;0;"toliveira";02/08/23;"141627";"";"";?;?;no;no;0;0;0;0
33;3742;"";"SP";"";"";"";"";"";"";"";"BRA";"00000000000000";"BANCO SANTANDER AG 3742";387;0;"glisboa";12/08/19;"140956";"";"";?;?;no;no;0;0;0;0
33;3966;"";"SP";"";"";"";"";"";"";"";"BRA";"00000000000000";"BANCO SANTANDER-AG 3966";447;0;"glisboa";29/01/20;"152532";"";"";?;?;no;no;0;0;0;0
33;3998;"";"SP";"";"";"";"";"";"";"";"BRA";"90400888164250";"SANTANDER AGENCIA 3998";556;0;"amagro";19/01/22;"102154";"";"";?;?;no;no;0;0;0;0
33;4299;"";"SP";"";"";"";"";"";"";"";"BRA";"90400888162630";"Banco Santander  Ag 4299";561;0;"amagro";16/05/22;"092654";"";"";?;?;no;no;0;0;0;0
33;4355;"";"SP";"";"";"";"";"";"";"";"BRA";"00000000000000";"BANCO SANTANDER-AG 4355";491;0;"glisboa";23/09/20;"082959";"";"";?;?;no;no;0;0;0;0
33;4442;"";"SP";"";"";"";"";"";"";"";"BRA";"90400888164684";"AGENCIA SANTANDER 4442";592;0;"amagro";06/12/22;"154248";"";"";?;?;no;no;0;0;0;0
33;4521;"";"MS";"";"";"";"";"";"";"";"BRA";"00000000000000";"AGENCIA 4521 SANTANDER";488;0;"gmoreno";15/09/20;"140603";"";"";?;?;no;no;0;0;0;0
33;4651;"";"SP";"";"";"";"";"";"";"";"BRA";"00000000000000";"AGENCIA 4651 SANTANDER";605;0;"toliveira";13/03/23;"154821";"";"";?;?;no;no;0;0;0;0
104;13;"";"GO";"";"";"";"";"";"";"";"BRA";"00000000000000";"CEF GOIANIA";304;0;"tbauer";04/04/18;"215321";"";"";?;?;no;no;0;0;0;0
104;15;"";"GO";"";"";"";"";"";"";"";"BRA";"00000000000000";"CEF ITUMBIARA GO";288;0;"super";31/03/18;"083651";"";"";?;?;no;no;0;0;0;0
104;31;"";"CE";"";"";"";"";"";"";"";"BRA";"00000000000000";"CAIXA IRACEMA - CE";237;0;"mcoimbra";23/11/17;"100050";"";"";?;?;no;no;0;0;0;0
104;52;"";"PE";"";"";"";"";"";"";"";"BRA";"00000000000000";"CAIXA Garanhuns/PE";221;0;"fabiano";10/03/17;"104717";"";"";?;?;no;no;0;0;0;0
104;125;"";"MG";"";"";"";"";"";"";"";"BRA";"00000000000000";"AGENCIA CEF ITUIUTABA";291;0;"super";31/03/18;"100216";"";"";?;?;no;no;0;0;0;0
104;162;"7";"MG";"";"";"";"";"";"";"";"BRA";"00000000000000";"CEF UBERLANDIA";285;0;"super";02/03/18;"100353";"";"";?;?;no;no;0;0;0;0
104;225;"";"RJ";"";"";"";"";"";"";"";"BRA";"00000000000000";"CAIXA ECONOMICA FEDERAL - PILARES/RJ";188;0;"fabiano";15/06/16;"174803";"";"";?;?;no;no;0;0;0;0
104;279;"";"SP";"";"";"";"";"";"";"";"BRA";"00000000000000";"CAIXA - Amparo/SP";254;0;"fabiano";12/02/18;"180800";"";"";?;?;no;no;0;0;0;0
104;315;"";"SP";"";"";"";"";"";"";"";"BRA";"00000000000000";"CAIXA - Jaú";226;0;"fabiano";19/05/17;"114602";"";"";?;?;no;no;0;0;0;0
104;322;"";"SP";"";"";"";"";"";"";"";"BRA";"00000000000000";"CAIXA ECONOMICA FEDERAL - AG 0322";445;0;"glisboa";17/12/19;"163957";"";"";?;?;no;no;0;0;0;0
104;329;"";"SP";"";"";"";"";"";"";"";"BRA";"00000000000000";"CAIXA - Penapolis/SP";248;0;"fabiano";12/02/18;"145807";"";"";?;?;no;no;0;0;0;0
104;334;"";"SP";"";"";"";"";"";"";"";"BRA";"00000000000000";"CAIXA ECONOMICA FEDERAL - AG 0334";443;0;"glisboa";16/12/19;"164505";"";"";?;?;no;no;0;0;0;0
104;338;"7";"SP";"";"";"";"";"";"";"";"BRA";"00000000000000";"CAIXA ECONOMICA FEDERAL - PRES. VENCESLA";82;0;"ELLEN";06/03/13;"051805";"";"";?;?;no;no;0;0;0;0
104;339;"";"SP";"";"";"";"";"";"";"";"BRA";"00000000000000";"CAIXA - RANCHARIA";178;0;"fabiano";30/04/16;"144012";"";"";?;?;no;no;0;0;0;0
104;340;"9";"SP";"";"";"";"";"";"";"";"BRA";"00000000000000";"CAIXA - RIBEIRAO PRETO";377;0;"ellen";03/07/19;"175025";"";"";?;?;no;no;0;0;0;0
104;355;"7";"SP";"";"";"";"";"";"";"";"BRA";"00000000000000";"CAIXA - SERTAOZINHO";373;0;"gsilva";30/05/19;"084807";"";"";?;?;no;no;0;0;0;0
104;362;"0";"SP";"";"";"";"";"";"";"";"BRA";"00000000000000";"CAIXA ECONOMICA FEDERAL TUPA";206;0;"lucimar";08/11/16;"112906";"";"";?;?;no;no;0;0;0;0
104;395;"6";"PR";"";"";"";"";"";"";"";"BRA";"00000000000000";"CAIXA MARINGA";417;0;"gsilva";30/08/19;"110415";"";"";?;?;no;no;0;0;0;0
104;423;"";"SC";"";"";"";"";"";"";"";"BRA";"00000000000000";"CAIXA ECONOMICA FEDERAL RIO DO SUL";216;0;"lucimar";16/02/17;"165944";"";"";?;?;no;no;0;0;0;0
104;562;"";"MS";"";"";"";"";"";"";"";"BRA";"00000000000000";"CAIXA - Dourados";231;0;"fabiano";28/06/17;"105500";"";"";?;?;no;no;0;0;0;0
104;563;"0";"MS";"";"";"";"";"";"";"";"BRA";"00000000000000";"CAIXA - TRES LAGOAS";368;0;"gsilva";26/03/19;"143550";"";"";?;?;no;no;0;0;0;0
104;565;"";"GO";"";"";"";"";"";"";"";"BRA";"00000000000000";"CEF JATAI";305;0;"tbauer";04/04/18;"215607";"";"";?;?;no;no;0;0;0;0
104;566;"";"GO";"";"";"";"";"";"";"";"BRA";"00000000000000";"AGENCIA CEF RIO VERDE";293;0;"super";31/03/18;"110531";"";"";?;?;no;no;0;0;0;0
104;569;"";"PR";"";"";"";"";"";"";"";"BRA";"00000000000000";"CAIXA CIANORTE PR";232;0;"mcoimbra";13/07/17;"114018";"";"";?;?;no;no;0;0;0;0
104;574;"";"SP";"";"";"";"";"";"";"";"BRA";"00000000000000";"CAIXA - Birigui/SP";264;0;"fabiano";14/02/18;"114510";"";"";?;?;no;no;0;0;0;0
104;638;"";"PI";"";"";"";"";"";"";"";"BRA";"00000000000000";"CAIXA ECONOMICA FEDERAL AG 0638";425;0;"glisboa";01/10/19;"173616";"";"";?;?;no;no;0;0;0;0
104;712;"";"AL";"";"";"";"";"";"";"";"BRA";"00000000000000";"AGENCIA 0712 CEF";515;0;"gmoreno";22/02/21;"102103";"";"";?;?;no;no;0;0;0;0
104;714;"";"SP";"";"";"";"";"";"";"";"BRA";"00000000000000";"CEF ITACOATIARA";300;0;"tbauer";04/04/18;"205027";"";"";?;?;no;no;0;0;0;0
104;728;"";"PR";"";"";"";"";"";"";"";"BRA";"00000000000000";"SICREDI RIO PARANA PRSP";389;0;"glisboa";13/08/19;"115924";"";"";?;?;no;no;0;0;0;0
104;740;"";"SP";"";"";"";"";"";"";"";"BRA";"00000000000000";"CAIXA - Porto Ferrira/SP";261;0;"fabiano";14/02/18;"110033";"";"";?;?;no;no;0;0;0;0
104;754;"";"CE";"";"";"";"";"";"";"";"BRA";"00000000000000";"CAIXA - Senador Pompeu/CE";249;0;"fabiano";12/02/18;"151414";"";"";?;?;no;no;0;0;0;0
104;787;"";"MS";"";"";"";"";"";"";"";"BRA";"00000000000000";"CAIXA ECONOMICA DE NAVIRAI";223;0;"lucimar";11/04/17;"154025";"";"";?;?;no;no;0;0;0;0
104;788;"";"MS";"";"";"";"";"";"";"";"BRA";"00000000000000";"CAIXA - Nova Andradina";227;0;"fabiano";08/06/17;"111549";"";"";?;?;no;no;0;0;0;0
104;793;"5";"TO";"";"";"";"";"";"";"";"BRA";"00000000000000";"CAIXA - GURUPI TO";369;0;"gsilva";13/05/19;"092916";"";"";?;?;no;no;0;0;0;0
104;812;"";"PE";"";"";"";"";"";"";"";"BRA";"00000000000000";"CEF PETROLINA";298;0;"tbauer";04/04/18;"203540";"";"";?;?;no;no;0;0;0;0
104;849;"";"AL";"";"";"";"";"";"";"";"BRA";"00000000000000";"CAIXA São Miguel dos Campos";217;0;"fabiano";17/02/17;"085150";"";"";?;?;no;no;0;0;0;0
104;860;"";"SP";"";"";"";"";"";"";"";"BRA";"00000000000000";"CAIXA paulinia";271;0;"camila";15/02/18;"102823";"";"";?;?;no;no;0;0;0;0
104;861;"";"SP";"";"";"";"";"";"";"";"BRA";"00000000000000";" CAIXA ECONOMICA FEDERAL AG 0861";429;0;"glisboa";04/10/19;"082347";"";"";?;?;no;no;0;0;0;0
104;886;"";"MS";"";"";"";"";"";"";"";"BRA";"00000000000000";"AGENCIA 886 CEF";474;0;"gmoreno";04/08/20;"160615";"";"";?;?;no;no;0;0;0;0
104;899;"";"SP";"";"";"";"";"";"";"";"BRA";"00000000000000";"CAIXA leme";263;0;"camila";14/02/18;"114028";"";"";?;?;no;no;0;0;0;0
104;934;"";"MG";"";"";"";"";"";"";"";"BRA";"00000000000000";"CAIXA - FRUTAL/MG";181;0;"fabiano";03/05/16;"185044";"";"";?;?;no;no;0;0;0;0
104;938;"";"MG";"";"";"";"";"";"";"";"BRA";"00000000000000";"CAIXA Monte Santo De Minas";262;0;"camila";14/02/18;"113306";"";"";?;?;no;no;0;0;0;0
104;939;"";"MG";"";"";"";"";"";"";"";"BRA";"00000000000000";"CAIXA Nanuque/MG";218;0;"fabiano";23/02/17;"165142";"";"";?;?;no;no;0;0;0;0
104;953;"";"GO";"";"";"";"";"";"";"";"BRA";"00000000000000";"AGENCIA CEF GOIATUBA";294;0;"super";31/03/18;"113814";"";"";?;?;no;no;0;0;0;0
104;956;"";"PR";"";"";"";"";"";"";"";"BRA";"00000000000000";"CAIXA - Medianeira/PR";228;0;"fabiano";08/06/17;"135541";"";"";?;?;no;no;0;0;0;0
104;994;"";"PA";"";"";"";"";"";"";"";"BRA";"00360305099488";" CAIXA ECONOMICA FEDERAL AG 0994";577;0;"amagro";04/10/22;"142436";"";"";?;?;no;no;0;0;0;0
104;1009;"";"GO";"";"";"";"";"";"";"";"BRA";"00000000000000";"APARECIDA DE GOIANIA";306;0;"tbauer";04/04/18;"224010";"";"";?;?;no;no;0;0;0;0
104;1101;"";"RN";"";"";"";"";"";"";"";"BRA";"00000000000000";"GOIANINHA";335;0;"cristina";25/06/18;"142605";"";"";?;?;no;no;0;0;0;0
104;1108;"";"MS";"";"";"";"";"";"";"";"BRA";"00000000000000";"CAIXA EC FEDERAL AG 1108";514;0;"gmoreno";17/02/21;"173607";"";"";?;?;no;no;0;0;0;0
104;1124;"";"mg";"";"";"";"";"";"";"";"bra";"00000000000000";"STA VITORIA";334;0;"cristina";25/06/18;"141433";"";"";?;?;no;no;0;0;0;0
104;1141;"0";"TO";"";"";"";"";"";"";"";"BRA";"00000000000000";"CAIXA - PARAISO DO TOCANTIS";370;0;"gsilva";17/05/19;"163603";"";"";?;?;no;no;0;0;0;0
104;1144;"";"MS";"";"";"";"";"";"";"";"BRA";"00000000000000";"JARDIM CAIXA";344;0;"cristina";27/08/18;"094257";"";"";?;?;no;no;0;0;0;0
104;1146;"";"MS";"";"";"";"";"";"";"";"BRA";"00000000000000";"CEF FATIMA DO SUL - MS";281;0;"super";01/03/18;"115301";"";"";?;?;no;no;0;0;0;0
104;1171;"";"SP";"";"";"";"";"";"";"";"BRA";"00000000000000";"CAIXA MORRO AGUDO";416;0;"cristina";28/08/19;"163507";"";"";?;?;no;no;0;0;0;0
104;1188;"";"SP";"";"";"";"";"";"";"";"BRA";"00000000000000";"CAIXA - Bastos/SP";252;0;"fabiano";12/02/18;"170028";"";"";?;?;no;no;0;0;0;0
104;1198;"";"sp";"";"";"";"";"";"";"";"bra";"00000000000000";"CAIXA sta cruz das palmeiras";257;0;"camila";14/02/18;"095110";"";"";?;?;no;no;0;0;0;0
104;1201;"";"SP";"";"";"";"";"";"";"";"BRA";"00000000000000";"CAIXA Vargem Grande Do Sul";266;0;"camila";14/02/18;"120224";"";"";?;?;no;no;0;0;0;0
104;1205;"";"SP";"";"";"";"";"";"";"";"BRA";"00000000000000";"CAIXA ECONOMICA FEDERAL-POMPEIA";441;0;"glisboa";04/12/19;"094649";"";"";?;?;no;no;0;0;0;0
104;1209;"2";"SP";"";"";"";"";"";"";"";"BRA";"00000000000000";"CAIXA ECAONOMICA BARRA BONITA";215;0;"lucimar";16/02/17;"133718";"";"";?;?;no;no;0;0;0;0
104;1241;"";"GO";"";"";"";"";"";"";"";"BRA";"00000000000000";"AGENCIA TRINDADE GO";353;0;"msantos";05/11/18;"180808";"";"";?;?;no;no;0;0;0;0
104;1253;"";"GO";"";"";"";"";"";"";"";"BRA";"00000000000000";"CAIXA - Palmeira de Goias/GO";242;0;"fabiano";17/01/18;"105429";"";"";?;?;no;no;0;0;0;0
104;1254;"";"GO";"";"";"";"";"";"";"";"BRA";"00000000000000";"CAIXA Santa Helena de Goias";234;0;"mcoimbra";22/09/17;"162710";"";"";?;?;no;no;0;0;0;0
104;1311;"";"MS";"";"";"";"";"";"";"";"BRA";"00000000000000";"CAIXA - Ivinhema/MS";201;0;"fabiano";16/09/16;"144035";"";"";?;?;no;no;0;0;0;0
104;1312;"";"MS";"";"";"";"";"";"";"";"BRA";"00000000000000";"CAIXA ECONOMICA FEDERAL - MARACAJU";239;0;"super";15/12/17;"150855";"";"";?;?;no;no;0;0;0;0
104;1354;"";"SP";"";"";"";"";"";"";"";"BRA";"00000000000000";"CAIXA Mirandópolis";214;0;"fabiano";16/02/17;"114259";"";"";?;?;no;no;0;0;0;0
104;1546;"";"PR";"";"";"";"";"";"";"";"BRA";"00000000000000";"CAIXA MARINGA";183;0;"val";06/05/16;"133154";"";"";?;?;no;no;0;0;0;0
104;1557;"";"AL";"";"";"";"";"";"";"";"BRA";"00000000000000";"CAIXA ECONOMICA - MACEIO";202;0;"lucimar";21/09/16;"152438";"";"";?;?;no;no;0;0;0;0
104;1735;"";"GO";"";"";"";"";"";"";"";"BRA";"00000000000000";"CEF BOM JESUS DE GOIAS";301;0;"tbauer";04/04/18;"212215";"";"";?;?;no;no;0;0;0;0
104;1737;"";"TO";"";"";"";"";"";"";"";"BRA";"00000000000000";"CAIXA ECONOMICA FEDERAL AG 1737";427;0;"glisboa";01/10/19;"173642";"";"";?;?;no;no;0;0;0;0
104;1775;"";"SP";"";"";"";"";"";"";"";"BRA";"00000000000000";"CAIXA - REGENTE FEIJO";503;0;"mmoraes";03/12/20;"145236";"";"";?;?;no;no;0;0;0;0
104;2000;"2";"SP";"";"";"";"";"";"";"";"BRA";"00000000000000";"CAIXA ECONOMICA FEDERAL (AG 2000)";16;0;"datasul";04/07/08;"142559";"";"";?;?;no;no;0;0;0;0
104;2045;"";"MS";"";"";"";"";"";"";"";"BRA";"00000000000000";"CAIXA ECONOMICA FEDERAL";195;0;"ellen";11/07/16;"143022";"";"";?;?;no;no;0;0;0;0
104;2054;"";"MS";"";"";"";"";"";"";"";"BRA";"00000000000000";"CAIXA Dourados/MS";219;0;"fabiano";24/02/17;"142422";"";"";?;?;no;no;0;0;0;0
104;2086;"9";"MT";"";"";"";"";"";"";"";"BRA";"00000000000000";"CAIXA ECONOMICA TANGARA DA SERRA";213;0;"lucimar";16/02/17;"094332";"";"";?;?;no;no;0;0;0;0
104;2119;"";"BA";"";"";"";"";"";"";"";"BRA";"00000000000000";"CAIXA EC FEDERAL AG 2119";522;0;"gmoreno";06/05/21;"164800";"";"";?;?;no;no;0;0;0;0
104;2149;"";"SC";"";"";"";"";"";"";"";"BRA";"00000000000000";"CAIXA ECONOMICA FEDERAL AG 2149";439;0;"glisboa";25/11/19;"175701";"";"";?;?;no;no;0;0;0;0
104;2273;"";"MS";"";"";"";"";"";"";"";"BRA";"00000000000000";"CAIXA - DOURADOS - JARDIM AGUA BOA";366;0;"gsilva";07/03/19;"155122";"";"";?;?;no;no;0;0;0;0
104;2328;"";"SP";"";"";"";"";"";"";"";"BRA";"00000000000000";"CAIXA Morro Agudo SP";222;0;"fabiano";07/04/17;"173428";"";"";?;?;no;no;0;0;0;0
104;2756;"";"MT";"";"";"";"";"";"";"";"BRA";"00000000000000";"CAIXA - SORRISO/MS";225;0;"fabiano";15/05/17;"110150";"";"";?;?;no;no;0;0;0;0
104;2896;"";"SC";"";"";"";"";"";"";"";"BRA";"00000000000000";"AGENCIA CEF 2896";364;0;"msantos";26/02/19;"202839";"";"";?;?;no;no;0;0;0;0
104;2946;"";"SP";"";"";"";"";"";"";"";"BRA";"00000000000000";"CAIXA ECONOMICA NOVO SHOP RIBEIRAO";381;0;"gsilva";14/06/19;"090651";"";"";?;?;no;no;0;0;0;0
104;2947;"";"SP";"";"";"";"";"";"";"";"BRA";"00000000000000";"CEF 2947 RIBEIRAO PRETO";383;0;"gmoreno";24/07/19;"124231";"";"";?;?;no;no;0;0;0;0
104;2949;"1";"SP";"";"";"";"";"";"";"";"BRA";"00000000000000";"CAIXA ECONOMICA RIBEIRAO PRETO DOM PEDRO";380;0;"gsilva";11/06/19;"180109";"";"";?;?;no;no;0;0;0;0
104;2993;"9";"SP";"";"";"";"";"";"";"";"BRA";"00000000000000";"CAIXA SERTAOZINHO";379;0;"gsilva";11/06/19;"165655";"";"";?;?;no;no;0;0;0;0
104;3090;"2";"SP";"";"";"";"";"";"";"";"BRA";"00000000000000";"CEF AGENCIA 3090-2";500;0;"gmoreno";23/11/20;"164340";"";"";?;?;no;no;0;0;0;0
104;3252;"";"MS";"";"";"";"";"";"";"";"BRA";"00000000000000";"CAIXA ECONOMICA CAMPO GRANDE MS";211;0;"lucimar";30/01/17;"154004";"";"";?;?;no;no;0;0;0;0
104;3290;"5";"GO";"";"";"";"";"";"";"";"BRA";"00000000000000";"CEF CACERES MT";308;0;"tbauer";05/04/18;"142522";"";"";?;?;no;no;0;0;0;0
104;3295;"";"SP";"";"";"";"";"";"";"";"BRA";"00000000000000";"GUARULHOS";336;0;"cristina";03/07/18;"181450";"";"";?;?;no;no;0;0;0;0
104;3427;"";"SP";"";"";"";"";"";"";"";"BRA";"00000000000000";"CAIXA Aguai";269;0;"camila";15/02/18;"090830";"";"";?;?;no;no;0;0;0;0
104;3440;"";"MS";"";"";"";"";"";"";"";"BRA";"00000000000000";"CAIXA - Chapadão do Sul/MS";276;0;"fabiano";16/02/18;"090159";"";"";?;?;no;no;0;0;0;0
104;3442;"";"MT";"";"";"";"";"";"";"";"BRA";"00000000000000";"CAIXA EC FEDERAL AG 3442";493;0;"gmoreno";07/10/20;"161721";"";"";?;?;no;no;0;0;0;0
104;3443;"";"CE";"";"";"";"";"";"";"";"BRA";"00000000000000";"CAIXA taua";258;0;"camila";14/02/18;"101329";"";"";?;?;no;no;0;0;0;0
104;3472;"";"SP";"";"";"";"";"";"";"";"BRA";"00000000000000";"CAIXA Pontal";274;0;"camila";15/02/18;"145217";"";"";?;?;no;no;0;0;0;0
104;3501;"";"SP";"";"";"";"";"";"";"";"BRA";"00000000000000";"CAIXA monte aprazivel";255;0;"camila";14/02/18;"093255";"";"";?;?;no;no;0;0;0;0
104;3538;"";"MG";"";"";"";"";"";"";"";"BRA";"00000000000000";"CAIXA - CONC. DAS ALAGOAS/MG";177;0;"fabiano";01/04/16;"175317";"";"";?;?;no;no;0;0;0;0
104;3581;"";"SP";"";"";"";"";"";"";"";"bra";"00000000000000";"CAIXA - Diadema/SP";275;0;"fabiano";15/02/18;"175404";"";"";?;?;no;no;0;0;0;0
104;3649;"";"MS";"";"";"";"";"";"";"";"BRA";"00000000000000";"CAIXA - RIO BRILHANTE/MS";190;0;"fabiano";22/06/16;"135909";"";"";?;?;no;no;0;0;0;0
104;3735;"";"MS";"";"";"";"";"";"";"";"BRA";"00000000000000";"CAIXA BATAGUASSU";236;0;"mcoimbra";01/11/17;"174445";"";"";?;?;no;no;0;0;0;0
104;3755;"";"PR";"";"";"";"";"";"";"";"BRA";"00000000000000";"CAIXA PARANACITY";185;0;"ellen";03/06/16;"160105";"";"";?;?;no;no;0;0;0;0
104;3838;"";"CE";"";"";"";"";"";"";"";"BRA";"00000000000000";"CAIXA ECONOMICA FEDERAL - AG 3838";444;0;"glisboa";17/12/19;"131207";"";"";?;?;no;no;0;0;0;0
104;3939;"";"TO";"";"";"";"";"";"";"";"BRA";"00000000000000";"CAIXA ECONOMICA FEDERAL AG 3939";428;0;"glisboa";01/10/19;"173654";"";"";?;?;no;no;0;0;0;0
104;4079;"0";"SP";"";"";"";"";"";"";"";"BRA";"00000000000000";"CEF GUARULHOS SO";339;0;"msantos";04/07/18;"193158";"";"";?;?;no;no;0;0;0;0
104;4183;"";"SP";"";"";"";"";"";"";"";"BRA";"00000000000000";"CAIXA Tanabi";267;0;"camila";14/02/18;"174141";"";"";?;?;no;no;0;0;0;0
104;4225;"0";"SP";"";"";"";"";"";"";"";"BRA";"00000000000000";"CEF SANTA THEREZINHA";284;0;"super";02/03/18;"095353";"";"";?;?;no;no;0;0;0;0
104;4233;"1";"SP";"";"";"";"";"";"";"";"BRA";"00000000000000";"CAIXA ECONOMICA FEDERAL TEODORO SAMPAIO";162;0;"dani";25/11/15;"085512";"";"";?;?;no;no;0;0;0;0
104;4290;"";"MA";"";"";"";"";"";"";"";"BRA";"00000000000000";"CAIXA ECONOMICA FEDERAL AG 4290";426;0;"glisboa";01/10/19;"173628";"";"";?;?;no;no;0;0;0;0
104;4292;"";"MS";"";"";"";"";"";"";"";"BRA";"00000000000000";"CAIXA Sidrolandia";220;0;"fabiano";10/03/17;"094450";"";"";?;?;no;no;0;0;0;0
104;4370;"";"CE";"";"";"";"";"";"";"";"BRA";"00000000000000";"CAIXA -  Boa Viagem/CE";247;0;"fabiano";12/02/18;"141455";"";"";?;?;no;no;0;0;0;0
104;4442;"";"MS";"";"";"";"";"";"";"";"BRA";"00000000000000";"CAIXA - CASSILANDIA/MS";189;0;"fabiano";20/06/16;"091850";"";"";?;?;no;no;0;0;0;0
104;4454;"";"MT";"";"";"";"";"";"";"";"BRA";"00000000000000";"CAIXA ECONOMICA PARANAITA MT";199;0;"lucimar";11/08/16;"172301";"";"";?;?;no;no;0;0;0;0
104;4474;"";"PR";"";"";"";"";"";"";"";"BRA";"00000000000000";"CAIXA ECONOMICA DE TERRA RICA";197;0;"lucimar";26/07/16;"111255";"";"";?;?;no;no;0;0;0;0
104;4475;"";"GO";"";"";"";"";"";"";"";"BRA";"00000000000000";" CAIXA - Indiara/GO";240;0;"fabiano";17/01/18;"102736";"";"";?;?;no;no;0;0;0;0
104;4502;"";"GO";"";"";"";"";"";"";"";"BRA";"00000000000000";"CEF ITUMBIARA GO";289;0;"super";31/03/18;"084630";"";"";?;?;no;no;0;0;0;0
104;4580;"";"SP";"";"";"";"";"";"";"";"BRA";"00000000000000";"CAIXA MONTIVIDIU";314;0;"tbauer";06/04/18;"181915";"";"";?;?;no;no;0;0;0;0
104;4637;"";"MS";"";"";"";"";"";"";"";"BRA";"00000000000000";"CAIXA NOVA ALVORADO DO SUL";193;0;"fabiano";30/06/16;"111011";"";"";?;?;no;no;0;0;0;0
104;4699;"";"GO";"";"";"";"";"";"";"";"BRA";"00000000000000";"CEF GOIANIA";296;0;"tbauer";04/04/18;"201955";"";"";?;?;no;no;0;0;0;0
104;4730;"";"MS";"";"";"";"";"";"";"";"BRA";"00000000000000";"CAIXA - Aparecida do Taboado/MS";208;0;"fabiano";13/01/17;"140836";"";"";?;?;no;no;0;0;0;0
104;4734;"";"GO";"";"";"";"";"";"";"";"BRA";"00000000000000";"AG CEF 4734";496;0;"gmoreno";12/11/20;"174725";"";"";?;?;no;no;0;0;0;0
104;4736;"";"GO";"";"";"";"";"";"";"";"BRA";"00000000000000";"CAIXA - Pontalina/GO";243;0;"fabiano";17/01/18;"105942";"";"";?;?;no;no;0;0;0;0
104;4787;"2";"SP";"";"";"";"";"";"";"";"BRA";"00000000000000";"CAIXA - RIBEIRAO PRETO";377;0;"gsilva";11/06/19;"123938";"";"";?;?;no;no;0;0;0;0
104;4820;"";"MS";"";"";"";"";"";"";"";"BRA";"00000000000000";"AGENCIA 4820 CEF";465;0;"gmoreno";23/06/20;"151227";"";"";?;?;no;no;0;0;0;0
104;4822;"";"GO";"";"";"";"";"";"";"";"BRA";"00000000000000";"CEF GUAPO";307;0;"tbauer";04/04/18;"224927";"";"";?;?;no;no;0;0;0;0
104;4835;"";"MT";"";"";"";"";"";"";"";"BRA";"00000000000000";"CAIXA ECONOMICA DE ALTO TAQUARI/MT";207;0;"lucimar";16/11/16;"113945";"";"";?;?;no;no;0;0;0;0
237;4;"3";"SP";"";"";"";"";"";"";"";"BRA";"00000000000000";"BRADESCO (ASSIS - AG 0004-3)";37;0;"cleo";01/11/08;"175613";"";"";?;?;no;no;0;0;0;0
237;7;"";"SP";"";"";"";"";"";"";"";"BRA";"60746948139508";"BRADESCO AGENCIA 007";600;0;"amagro";17/02/23;"153149";"";"";?;?;no;no;0;0;0;0
237;9;"4";"SP";"";"";"";"";"";"";"";"BRA";"00000000000000";"BRADESCO S/A";31;0;"cleo";16/07/08;"160530";"";"";?;?;no;no;0;0;0;0
237;10;"";"SP";"";"";"";"";"";"";"";"BRA";"00000000000000";"AGENCIA 010 BRADESCO";452;0;"gmoreno";26/02/20;"131027";"";"";?;?;no;no;0;0;0;0
237;24;"8";"SP";"";"";"";"";"";"";"";"BRA";"60746948027312";"BANCO BRADESCO AG 00248";552;0;"amagro";24/11/21;"141856";"";"";?;?;no;no;0;0;0;0
237;25;"6";"SP";"";"";"";"";"";"";"";"BRA";"00000000000000";"BRADESCO AGENCIA 0025";596;0;"amagro";05/01/23;"085001";"";"";?;?;no;no;0;0;0;0
237;36;"1";"SP";"";"";"";"";"";"";"";"BRA";"00000000000000";"BRADESCO /PRES PRUDENTE";61;0;"LUCIMAR";29/07/11;"133546";"";"";?;?;no;no;0;0;0;0
237;37;"0";"SP";"";"";"";"";"";"";"";"BRA";"00000000000000";"BRADESCO PRES. VENCESLAU";72;0;"LUCIMAR";17/12/12;"144433";"";"";?;?;no;no;0;0;0;0
237;38;"8";"SP";"";"";"";"";"";"";"";"BRA";"00000000000000";"BANCO BRADESCO PROMISSÃO";142;0;"lucimar";26/09/14;"112009";"";"";?;?;no;no;0;0;0;0
237;56;"6";"SP";"";"";"";"";"";"";"";"BRA";"00000000000000";"BRADESCO ADAMANTINA";327;0;"super";02/05/18;"183944";"";"";?;?;no;no;0;0;0;0
237;63;"9";"SP";"";"";"";"";"";"";"";"BRA";"00000000000000";"BRADESCO FERNANDOPOLIS";340;0;"bazevedo";16/07/18;"175313";"";"";?;?;no;no;0;0;0;0
237;67;"1";"SP";"";"";"";"";"";"";"";"BRA";"00000000000000";"BRADESCO FLORIDA PAULISTA";141;0;"lucimar";18/09/14;"100032";"";"";?;?;no;no;0;0;0;0
237;69;"";"PR";"";"";"";"";"";"";"";"BRA";"00000000000000";"BRADESCO MARINGA";174;0;"fabiano";08/03/16;"094020";"";"";?;?;no;no;0;0;0;0
237;73;"6";"SP";"";"";"";"";"";"";"";"BRA";"00000000000000";"BRADESCO STA CRUZ RIO PARDO";230;0;"super";19/06/17;"152331";"";"";?;?;no;no;0;0;0;0
237;74;"4";"SP";"";"";"";"";"";"";"";"BRA";"00000000000000";"BANCO BRADESCO (AG 0074-4)";75;0;"ELLEN";23/01/13;"115916";"";"";?;?;no;no;0;0;0;0
237;78;"7";"SP";"";"";"";"";"";"";"";"BRA";"00000000000000";"BRADESCO AG DRACENA";78;0;"LUCIMAR";07/02/13;"080656";"";"";?;?;no;no;0;0;0;0
237;82;"5";"SP";"";"";"";"";"";"";"";"BRA";"00000000000000";"BRADESCO ANASTACIO (AG: 0082-5)";77;0;"ELLEN";24/01/13;"073939";"";"";?;?;no;no;0;0;0;0
237;83;"3";"PR";"";"";"";"";"";"";"";"BRA";"00000000000000";"BRADESCO PARANAVAI";144;0;"lucimar";28/10/14;"143547";"";"";?;?;no;no;0;0;0;0
237;110;"0";"SP";"";"";"";"";"";"";"";"BRA";"00000000000000";"AGENCIA VALPARAISO";618;0;"rangeloti";14/07/23;"153226";"";"";?;?;no;no;0;0;0;0
237;133;"3";"SP";"";"";"";"";"";"";"";"BRA";"00000000000000";"BANCO BRADESCO  (AG 0133-3/SAO PAULO)";27;0;"datasul";04/07/08;"142738";"";"";?;?;no;no;0;0;0;0
237;134;"1";"SP";"";"";"";"";"";"";"";"BRA";"00000000000000";"BRADESCO (SÃO PAULO)";49;0;"lucimar";18/12/09;"171019";"";"";?;?;no;no;0;0;0;0
237;140;"";"GO";"";"";"";"";"";"";"";"BRA";"60746948008792";"AGENCIA BRADESCO 0140";582;0;"amagro";13/10/22;"171639";"";"";?;?;no;no;0;0;0;0
237;142;"";"PR";"";"";"";"";"";"";"";"BRA";"60746948005858";"BRADESCO CIANORTE";532;0;"aribeiro";19/07/21;"095529";"";"";?;?;no;no;0;0;0;0
237;145;"7";"SP";"";"";"";"";"";"";"";"BRA";"00000000000000";"BANCO BRADESCO (AG 0145-7/SAO PAULO)";25;0;"datasul";04/07/08;"142720";"";"";?;?;no;no;0;0;0;0
237;146;"5";"SP";"";"";"";"";"";"";"";"BRA";"00000000000000";"BRADESCO - CATANDUVA CTO";374;0;"gsilva";30/05/19;"102457";"";"";?;?;no;no;0;0;0;0
237;159;"7";"sp";"";"";"";"";"";"";"";"bra";"00000000000000";"BRADESCO CERQUEIRA CESAR";146;0;"lucimar";04/03/15;"100600";"";"";?;?;no;no;0;0;0;0
237;169;"4";"PR";"";"";"";"";"";"";"";"BRA";"00000000000000";"BRADESCO SÃO PEDRO DO IVAI";182;0;"fabiano";04/05/16;"144606";"";"";?;?;no;no;0;0;0;0
237;173;"2";"MS";"";"";"";"";"";"";"";"BRA";"00000000000000";"BRADESCO PONTA PORA MS";192;0;"lucimar";23/06/16;"163930";"";"";?;?;no;no;0;0;0;0
237;174;"0";"MS";"";"";"";"";"";"";"";"BRA";"00000000000000";"BRAD AQUIDAUANA MS";333;0;"msantos";07/06/18;"133528";"";"";?;?;no;no;0;0;0;0
237;182;"1";"PR";"";"";"";"";"";"";"";"BRA";"00000000000000";"BRADESCO - COLORADO";50;0;"ellen";06/05/10;"163957";"";"";?;?;no;no;0;0;0;0
237;184;"8";"PR";"";"";"";"";"";"";"";"BRA";"00000000000000";"BRADESCO / SAO JOAO DO CAIUA";55;0;"lucimar";24/08/10;"122537";"";"";?;?;no;no;0;0;0;0
237;185;"6";"SP";"";"";"";"";"";"";"";"BRA";"00000000000000";"BRADESCO AG 0185-6";385;0;"glisboa";08/08/19;"100407";"";"";?;?;no;no;0;0;0;0
237;189;"9";"MS";"";"";"";"";"";"";"";"BRA";"00000000000000";"BRADESCO AG 189";436;0;"gmoreno";08/11/19;"154041";"";"";?;?;no;no;0;0;0;0
237;203;"8";"MS";"";"";"";"";"";"";"";"BRA";"00000000000000";"BRADESCO FATIMA DO SUL/MS";184;0;"fabiano";27/05/16;"145001";"";"";?;?;no;no;0;0;0;0
237;221;"6";"SP";"";"";"";"";"";"";"";"BRA";"00000000000000";"BRADESCO S/A (AG 0221-6/TS)";15;0;"datasul";04/07/08;"142548";"";"";?;?;no;no;0;0;0;0
237;242;"9";"GO";"";"";"";"";"";"";"";"BRA";"00000000000000";"BRADESCO AGENCIA  CERES";90;0;"DANI";31/05/13;"094656";"";"";?;?;no;no;0;0;0;0
237;243;"7";"GO";"";"";"";"";"";"";"";"BRA";"00000000000000";"BRADESCO GOIANESIA";297;0;"tbauer";04/04/18;"202934";"";"";?;?;no;no;0;0;0;0
237;244;"0";"MG";"";"";"";"";"";"";"";"BRA";"60746948271817";"BRADESCO CONCEIÇÃO DAS ALAGOAS";558;0;"amagro";19/04/22;"142927";"";"";?;?;no;no;0;0;0;0
237;250;"0";"GO";"";"";"";"";"";"";"";"BRA";"00000000000000";"BRADESCO JATAI";329;0;"super";02/05/18;"185205";"";"";?;?;no;no;0;0;0;0
237;256;"9";"MS";"";"";"";"";"";"";"";"BRA";"00000000000000";"BRADESCO (TRêS LAGOAS)";36;0;"cleo";16/10/08;"074738";"";"";?;?;no;no;0;0;0;0
237;264;"0";"MG";"";"";"";"";"";"";"";"BRA";"00000000000000";"BRADESCO AG UBERABA";80;0;"LUCIMAR";07/02/13;"132357";"";"";?;?;no;no;0;0;0;0
237;265;"8";"MG";"";"";"";"";"";"";"";"BRA";"00000000000000";"BRADESCO - UBERLANDIA MG";283;0;"super";02/03/18;"094759";"";"";?;?;no;no;0;0;0;0
237;316;"6";"SP";"";"";"";"";"";"";"";"BRA";"00000000000000";"BRADESCO INDAIATUBA";69;0;"LUCIMAR";08/05/12;"112523";"";"";?;?;no;no;0;0;0;0
237;329;"";"SP";"";"";"";"";"";"";"";"BRA";"60746948032901";"AGENCIA BRADESCO 329";590;0;"amagro";18/11/22;"075922";"";"";?;?;no;no;0;0;0;0
237;354;"9";"SP";"";"";"";"";"";"";"";"BRA";"00000000000000";"BANCO BRADESCO AG 0354-9";430;0;"glisboa";04/10/19;"120014";"";"";?;?;no;no;0;0;0;0
237;371;"9";"SP";"";"";"";"";"";"";"";"BRA";"00000000000000";"BRADESCO porto ferreira";268;0;"camila";15/02/18;"084121";"";"";?;?;no;no;0;0;0;0
237;400;"6";"MS";"";"";"";"";"";"";"";"BRA";"00000000000000";"BRADESCO ANGELICA MS";200;0;"lucimar";29/08/16;"113903";"";"";?;?;no;no;0;0;0;0
237;404;"9";"SP";"";"";"";"";"";"";"";"BRA";"00000000000000";"BRADESCO PARAGUACU PAULISTA";360;0;"aprendiz";25/01/19;"122452";"";"";?;?;no;no;0;0;0;0
237;531;"2";"SP";"";"";"";"";"";"";"";"BRA";"00000000000000";"BRADESCO - Leme/SP";251;0;"fabiano";12/02/18;"155703";"";"";?;?;no;no;0;0;0;0
237;533;"9";"SP";"";"";"";"";"";"";"";"BRA";"00000000000000";"BRADESCO S/A (AG 0533-9/SERRANA)";21;0;"datasul";04/07/08;"142332";"";"";?;?;no;no;0;0;0;0
237;547;"9";"GO";"";"";"";"";"";"";"";"BRA";"00000000000000";"BRADESCO JANDAIA GO";347;0;"msantos";05/09/18;"194811";"";"";?;?;no;no;0;0;0;0
237;561;"4";"SP";"";"";"";"";"";"";"";"BRA";"00000000000000";"BRADESCO / PRES PRUDENTE";62;0;"LUCIMAR";17/10/11;"100910";"";"";?;?;no;no;0;0;0;0
237;578;"";"GO";"";"";"";"";"";"";"";"BRA";"00000000000000";"BRADESCO GOIANESIA";297;0;"tbauer";04/04/18;"204529";"";"";?;?;no;no;0;0;0;0
237;579;"7";"GO";"";"";"";"";"";"";"";"BRA";"00000000000000";"BRADESCO BOM JESUS";290;0;"super";31/03/18;"091231";"";"";?;?;no;no;0;0;0;0
237;581;"9";"SP";"";"";"";"";"";"";"";"BRA";"00000000000000";"BANCO BRADESCO AG 05819";553;0;"amagro";01/12/21;"162107";"";"";?;?;no;no;0;0;0;0
237;590;"";"TO";"";"";"";"";"";"";"";"BRA";"00000000000000";"BANCO BRADESCO-AG 0590";492;0;"glisboa";29/09/20;"123613";"";"";?;?;no;no;0;0;0;0
237;603;"3";"GO";"";"";"";"";"";"";"";"BRA";"00000000000000";"BRADESCO (CAMPOS BELOS)";48;0;"lucimar";26/11/09;"114656";"";"";?;?;no;no;0;0;0;0
237;620;"";"PA";"";"";"";"";"";"";"";"BRA";"00000000000000";"AGENCIA BRADESCO 0620";583;0;"amagro";14/10/22;"142722";"";"";?;?;no;no;0;0;0;0
237;626;"2";"GO";"";"";"";"";"";"";"";"BRA";"00000000000000";"BRADESCO CAÇU";324;0;"super";02/05/18;"175343";"";"";?;?;no;no;0;0;0;0
237;637;"8";"SP";"";"";"";"";"";"";"";"BRA";"00000000000000";"BRADESCO - Palmares Paulista/SP";260;0;"fabiano";14/02/18;"102634";"";"";?;?;no;no;0;0;0;0
237;641;"6";"GO";"";"";"";"";"";"";"";"BRA";"00000000000000";"AGENCIA BRADESCO ALVORADA DO NORTE";295;0;"super";31/03/18;"115716";"";"";?;?;no;no;0;0;0;0
237;644;"0";"GO";"";"";"";"";"";"";"";"BRA";"00000000000000";"BRADESCO ACREUNA";312;0;"tbauer";06/04/18;"170350";"";"";?;?;no;no;0;0;0;0
237;681;"5";"MS";"";"";"";"";"";"";"";"BRA";"00000000000000";"BRADESCO BELA VISTA";319;0;"camila";18/04/18;"121459";"";"";?;?;no;no;0;0;0;0
237;698;"0";"PA";"";"";"";"";"";"";"";"BRA";"00000000000000";"BANCO BRADESCO-AG 0698-0";483;0;"glisboa";01/09/20;"121829";"";"";?;?;no;no;0;0;0;0
237;723;"";"MA";"";"";"";"";"";"";"";"BRA";"00000000000000";"BANCO BRADESCO AG 723";549;0;"amagro";21/10/21;"172728";"";"";?;?;no;no;0;0;0;0
237;735;"8";"CE";"";"";"";"";"";"";"";"BRA";"00000000000000";"BRADESCO pedra branca";256;0;"camila";14/02/18;"094444";"";"";?;?;no;no;0;0;0;0
237;782;"";"MA";"";"";"";"";"";"";"";"BRA";"00000000000000";"BANCO BRADESCO-AG 782";477;0;"glisboa";13/10/20;"103758";"";"";?;?;no;no;0;0;0;0
237;789;"7";"CE";"";"";"";"";"";"";"";"BRA";"00000000000000";"CAIXA taua";265;0;"camila";14/02/18;"115149";"";"";?;?;no;no;0;0;0;0
237;790;"";"MT";"";"";"";"";"";"";"";"BRA";"60746948100842";"AGENCIA BRADESCO 0790";575;0;"amagro";23/09/22;"134217";"";"";?;?;no;no;0;0;0;0
237;811;"7";"TO";"";"";"";"";"";"";"";"BRA";"00000000000000";"AGENCIA BRADESCO 0811-7";510;0;"aribeiro";15/02/21;"102855";"";"";?;?;no;no;0;0;0;0
237;842;"7";"MT";"";"";"";"";"";"";"";"BRA";"00000000000000";"BRADESCO / SAPEZAL";52;0;"lucimar";29/06/10;"141817";"";"";?;?;no;no;0;0;0;0
237;851;"6";"TO";"";"";"";"";"";"";"";"BRA";"00000000000000";"BANCO BRADESCO-AG 0851";458;0;"glisboa";30/04/20;"113431";"";"";?;?;no;no;0;0;0;0
237;865;"6";"GO";"";"";"";"";"";"";"";"BRA";"00000000000000";"BANCO BRADESCO-AG 0865-6";482;0;"glisboa";01/09/20;"120037";"";"";?;?;no;no;0;0;0;0
237;869;"9";"BA";"";"";"";"";"";"";"";"BRA";"60746948112778";"AG IBOTIRAMA-BA";538;0;"aribeiro";17/08/21;"100648";"";"";?;?;no;no;0;0;0;0
237;903;"2";"GO";"";"";"";"";"";"";"";"BRA";"00000000000000";"BRADESCO CASTELANDIA";311;0;"bazevedo";10/10/18;"085652";"";"";?;?;no;no;0;0;0;0
237;941;"5";"PR";"";"";"";"";"";"";"";"BRA";"00000000000000";"BRADESCO LONDRINA";169;0;"lucimar";12/02/16;"135818";"";"";?;?;no;no;0;0;0;0
237;947;"";"GO";"";"";"";"";"";"";"";"BRA";"00000000000000";"AGENCIA BRADESCO 947";589;0;"amagro";04/11/22;"154129";"";"";?;?;no;no;0;0;0;0
237;953;"9";"SP";"";"";"";"";"";"";"";"BRA";"00000000000000";"AGENCIA BRADESCO SINOP";138;0;"DANI";12/02/14;"083226";"";"";?;?;no;no;0;0;0;0
237;971;"7";"SP";"";"";"";"";"";"";"";"BRA";"00000000000000";"BANCO DO BRASIL EPITACIO";137;0;"LUCIMAR";06/02/14;"073228";"";"";?;?;no;no;0;0;0;0
237;1024;"3";"MA";"";"";"";"";"";"";"";"BRA";"00000000000000";"BANCO BRADESCO-AG 1024-3";466;0;"glisboa";01/07/20;"092348";"";"";?;?;no;no;0;0;0;0
237;1071;"5";"SP";"";"";"";"";"";"";"";"BRA";"00000000000000";"BANCO BRADESCO (AG 1071-5/SAO PAULO)";6;0;"datasul";04/07/08;"142527";"";"";?;?;no;no;0;0;0;0
237;1245;"";"GO";"";"";"";"";"";"";"";"BRA";"00000000000000";"BANCO BRADESCO";454;0;"glisboa";20/03/20;"120416";"";"";?;?;no;no;0;0;0;0
237;1249;"1";"GO";"";"";"";"";"";"";"";"BRA";"00000000000000";"BRADESCO AGENCIA 1249";603;0;"amagro";08/03/23;"145455";"";"";?;?;no;no;0;0;0;0
237;1262;"";"SP";"";"";"";"";"";"";"";"BRA";"00000000000000";"BRADESCO - Mairipora/SP";273;0;"fabiano";15/02/18;"110108";"";"";?;?;no;no;0;0;0;0
237;1270;"";"MA";"";"";"";"";"";"";"";"BRA";"60746948380780";"AGENCIA ITINGA-MA";537;0;"aribeiro";05/08/21;"104931";"";"";?;?;no;no;0;0;0;0
237;1281;"0";"MS";"";"";"";"";"";"";"";"BRA";"00000000000000";"BRADESCO NOVA ANDRADINA";163;0;"lucimar";13/10/15;"150752";"";"";?;?;no;no;0;0;0;0
237;1283;"1";"GO";"";"";"";"";"";"";"";"BRA";"00000000000000";"BRADESCO JARDIM DA LUZ";351;0;"aprendiz";24/10/18;"082944";"";"";?;?;no;no;0;0;0;0
237;1373;"0";"SP";"";"";"";"";"";"";"";"BRA";"00000000000000";"BRADESCO NAVIRAI";136;0;"DANI";24/01/14;"130812";"";"";?;?;no;no;0;0;0;0
237;1375;"7";"MS";"";"";"";"";"";"";"";"BRA";"00000000000000";"BRADESCO DE MARACAJU - MS";160;0;"lucimar";24/08/15;"161312";"";"";?;?;no;no;0;0;0;0
237;1380;"";"MT";"";"";"";"";"";"";"";"BRA";"60746948104678";"AGENCIA BRADESCO 1380";573;0;"amagro";12/08/22;"134433";"";"";?;?;no;no;0;0;0;0
237;1409;"5";"DF";"";"";"";"";"";"";"";"BRA";"00000000000000";"BANCO BRADESCO-AG 1409-5";475;0;"glisboa";04/08/20;"162628";"";"";?;?;no;no;0;0;0;0
237;1423;"";"GO";"";"";"";"";"";"";"";"BRA";"60746948349867";"AGENCIA BRADESCO 1423";567;0;"amagro";07/07/22;"150502";"";"";?;?;no;no;0;0;0;0
237;1447;"";"GO";"";"";"";"";"";"";"";"BRA";"00000000000000";"AGENCIA BRADESCO 1447";588;0;"amagro";04/11/22;"094307";"";"";?;?;no;no;0;0;0;0
237;1457;"5";"MT";"";"";"";"";"";"";"";"BRA";"60746948168722";"AGENCIA 1457";520;0;"aribeiro";05/04/21;"165947";"";"";?;?;no;no;0;0;0;0
237;1484;"2";"GO";"";"";"";"";"";"";"";"BRA";"00000000000000";"BRADESCO GOIATUBA";321;0;"super";01/05/18;"165522";"";"";?;?;no;no;0;0;0;0
237;1485;"0";"MS";"";"";"";"";"";"";"";"BRA";"00000000000000";"BRADESCO DE SIDROLANDIA";157;0;"lucimar";24/08/15;"133210";"";"";?;?;no;no;0;0;0;0
237;1492;"3";"SP";"";"";"";"";"";"";"";"BRA";"00000000000000";"BRADESCO/BEBEDOURO";71;0;"LUCIMAR";17/07/12;"093613";"";"";?;?;no;no;0;0;0;0
237;1517;"2";"MT";"";"";"";"";"";"";"";"BRA";"00000000000000";"BRADESCO CUIABA MT";191;0;"lucimar";23/06/16;"152312";"";"";?;?;no;no;0;0;0;0
237;1528;"8";"MS";"";"";"";"";"";"";"";"BRA";"00000000000000";"BRADESCO DEODAPOLIS - MS";161;0;"lucimar";28/08/15;"083116";"";"";?;?;no;no;0;0;0;0
237;1535;"0";"MS";"";"";"";"";"";"";"";"BRA";"00000000000000";"BANCO BRADESCO/BATAGUASSU";41;0;"ellen";03/07/09;"102828";"";"";?;?;no;no;0;0;0;0
237;1538;"5";"MS";"";"";"";"";"";"";"";"BRA";"00000000000000";"BRADESCO ELDORADO";67;0;"LUCIMAR";16/04/12;"082352";"";"";?;?;no;no;0;0;0;0
237;1541;"";"MS";"";"";"";"";"";"";"";"BRA";"00000000000000";"BRADESCO AGENCIA 1541";526;0;"gmoreno";16/06/21;"141625";"";"";?;?;no;no;0;0;0;0
237;1544;"0";"MS";"";"";"";"";"";"";"";"BRA";"00000000000000";"BRADESCO / APARECIDA DO TABOADO";57;0;"lucimar";21/09/15;"093318";"";"";?;?;no;no;0;0;0;0
237;1554;"7";"TO";"";"";"";"";"";"";"";"BRA";"00000000000000";"1554-7 PARAISO DO TOCANTINS";365;0;"gsilva";01/03/19;"123053";"";"";?;?;no;no;0;0;0;0
237;1555;"5";"SP";"";"";"";"";"";"";"";"BRA";"00000000000000";"BRADESCO SÃO CARLOS";59;0;"fabiano";02/05/11;"122709";"";"";?;?;no;no;0;0;0;0
237;1560;"1";"GO";"";"";"";"";"";"";"";"BRA";"00000000000000";"BRADESCO GOIANIA";318;0;"camila";17/04/18;"103801";"";"";?;?;no;no;0;0;0;0
237;1569;"5";"MS";"";"";"";"";"";"";"";"BRA";"60746948181745";"BRADESCO RIO BRILHANTE";153;0;"lucimar";24/08/15;"093637";"";"";?;?;no;no;0;0;0;0
237;1583;"";"MT";"";"";"";"";"";"";"";"BRA";"00000000000000";"AGENCIA BRADESCO 1583";584;0;"amagro";20/10/22;"163401";"";"";?;?;no;no;0;0;0;0
237;1650;"";"AL";"";"";"";"";"";"";"";"BRA";"00000000000000";"BRADESCO AGENCIA 1650";502;0;"gmoreno";01/12/20;"155156";"";"";?;?;no;no;0;0;0;0
237;1661;"6";"SP";"";"";"";"";"";"";"";"BRA";"00000000000000";"BRADESCO casa branca";259;0;"camila";14/02/18;"101920";"";"";?;?;no;no;0;0;0;0
237;1663;"2";"SP";"";"";"";"";"";"";"";"BRA";"00000000000000";"BRADESCO sta cruz palmeiras";272;0;"camila";15/02/18;"103325";"";"";?;?;no;no;0;0;0;0
237;1684;"5";"SP";"";"";"";"";"";"";"";"BRA";"00000000000000";"BRADESCO PRES. EPITACIO";79;0;"LUCIMAR";07/02/13;"085910";"";"";?;?;no;no;0;0;0;0
237;1693;"4";"SP";"";"";"";"";"";"";"";"BRA";"00000000000000";"AGENCIA 1693 BRADESCO";524;0;"gmoreno";17/05/21;"170518";"";"";?;?;no;no;0;0;0;0
237;1777;"9";"RS";"";"";"";"";"";"";"";"BRA";"00000000000000";"AGENCIA 1779 BRADESCO";468;0;"gmoreno";15/07/20;"120856";"";"";?;?;no;no;0;0;0;0
237;1821;"0";"MA";"";"";"";"";"";"";"";"BRA";"00000000000000";"BANCO BRADESCO-AG 1821-0";485;0;"glisboa";03/09/20;"155135";"";"";?;?;no;no;0;0;0;0
237;1908;"9";"SP";"";"";"";"";"";"";"";"BRA";"00000000000000";"BRADESCO MARACAI";361;0;"aprendiz";25/01/19;"123440";"";"";?;?;no;no;0;0;0;0
237;1916;"0";"SP";"";"";"";"";"";"";"";"BRA";"00000000000000";"BANCO BRADESCO/ITAJOBI";42;0;"ellen";16/09/09;"152542";"";"";?;?;no;no;0;0;0;0
237;1919;"4";"SP";"";"";"";"";"";"";"";"BRA";"00000000000000";"BRADESCO NHANDEARA";148;0;"lucimar";26/03/15;"091131";"";"";?;?;no;no;0;0;0;0
237;1930;"5";"RS";"";"";"";"";"";"";"";"BRA";"00000000000000";"BRADESCO - VERANÓPOLIS - RS";39;0;"ELLEN";30/12/08;"155653";"";"";?;?;no;no;0;0;0;0
237;1931;"3";"SP";"";"";"";"";"";"";"";"BRA";"00000000000000";"BRADESCO(PIRAPOZINHO)";32;0;"cleo";17/07/08;"092018";"";"";?;?;no;no;0;0;0;0
237;1950;"";"PI";"";"";"";"";"";"";"";"BRA";"00000000000000";"AG BRADESCO TERESINA";292;0;"super";31/03/18;"104143";"";"";?;?;no;no;0;0;0;0
237;1981;"";"SP";"";"";"";"";"";"";"";"BRA";"00000000000000";"BRADESCO AGENCIA 1981";593;0;"gmoreno";15/12/22;"110444";"";"";?;?;no;no;0;0;0;0
237;2017;"6";"SP";"";"";"";"";"";"";"";"BRA";"00000000000000";"BRADESCO STa TEREZINHA SÃO PAULO";58;0;"fabiano";02/05/11;"122253";"";"";?;?;no;no;0;0;0;0
237;2031;"1";"SP";"";"";"";"";"";"";"";"BRA";"00000000000000";"BRADESCO RIOLANDIA";302;0;"tbauer";04/04/18;"214502";"";"";?;?;no;no;0;0;0;0
237;2058;"3";"GO";"";"";"";"";"";"";"";"BRA";"00000000000000";"2058 CRISTALINA";513;0;"aribeiro";17/02/21;"101020";"";"";?;?;no;no;0;0;0;0
237;2077;"";"BA";"";"";"";"";"";"";"";"BRa";"00000000000000";"BANCO BRADESCO-AG 2077";472;0;"glisboa";28/07/20;"151803";"";"";?;?;no;no;0;0;0;0
237;2162;"8";"SP";"";"";"";"";"";"";"";"BRA";"00000000000000";"BRADESCO (FLORES DA CUNHA)";33;0;"ellen";17/07/08;"140028";"";"";?;?;no;no;0;0;0;0
237;2177;"";"SE";"";"";"";"";"";"";"";"BRA";"60746948240261";"AGENCIA 2177 CANINDE DE SAO FRANCISCO";539;0;"aribeiro";19/08/21;"170351";"";"";?;?;no;no;0;0;0;0
237;2305;"1";"GO";"";"";"";"";"";"";"";"BRA";"00000000000000";"AG 2305 GOIANIA";363;0;"gsilva";06/02/19;"174659";"";"";?;?;no;no;0;0;0;0
237;2320;"5";"SP";"";"";"";"";"";"";"";"BRA";"00000000000000";"BANCO BRADESCO/QUATA";44;0;"VAL";01/10/09;"114909";"";"";?;?;no;no;0;0;0;0
237;2324;"8";"SP";"";"";"";"";"";"";"";"BRA";"00000000000000";"BRADESCO pontal";270;0;"camila";15/02/18;"091652";"";"";?;?;no;no;0;0;0;0
237;2395;"7";"SP";"";"";"";"";"";"";"";"BRA";"00000000000000";"BRADESCO PRUDENTE";310;0;"super";06/04/18;"100951";"";"";?;?;no;no;0;0;0;0
237;2397;"3";"TO";"";"";"";"";"";"";"";"BRA";"60746948267119";"BRADESCO AGENCIA 2397";598;0;"amagro";18/01/23;"132748";"";"";?;?;no;no;0;0;0;0
237;2402;"3";"MG";"";"";"";"";"";"";"";"BRA";"00000000000000";"BRADESCO PRATA MG";159;0;"lucimar";24/08/15;"145038";"";"";?;?;no;no;0;0;0;0
237;2407;"4";"SP";"";"";"";"";"";"";"";"BRA";"00000000000000";"AGENCIA BRADESCO 2407-4";614;0;"toliveira";25/04/23;"084449";"";"";?;?;no;no;0;0;0;0
237;2426;"";"MG";"";"";"";"";"";"";"";"BRA";"60746948269324";"AGENCIA BRADESCO 2426";570;0;"amagro";21/07/22;"110902";"";"";?;?;no;no;0;0;0;0
237;2429;"5";"PR";"";"";"";"";"";"";"";"BRA";"00000000000000";"BRADESCO MIRANTE";34;0;"ellen";13/08/08;"163311";"";"";?;?;no;no;0;0;0;0
237;2440;"";"GO";"";"";"";"";"";"";"";"BRA";"00000000000000";"AGENCIA BRADESCO 2440";559;0;"gmoreno";04/05/22;"174410";"";"";?;?;no;no;0;0;0;0
237;2445;"7";"MG";"";"";"";"";"";"";"";"BRA";"00000000000000";"BANCO BRADESCO/STA VITORIA";43;0;"ellen";16/09/09;"160955";"";"";?;?;no;no;0;0;0;0
237;2457;"";"GO";"";"";"";"";"";"";"";"BRA";"00000000000000";"BRADESCO CHAPADAO DO SUL";367;0;"gsilva";14/03/19;"101307";"";"";?;?;no;no;0;0;0;0
237;2470;"8";"SP";"";"";"";"";"";"";"";"BRA";"00000000000000";"BRADESCO AG. SUD MENNUCCI";85;0;"LUCIMAR";16/04/13;"095426";"";"";?;?;no;no;0;0;0;0
237;2478;"3";"SP";"";"";"";"";"";"";"";"BRA";"00000000000000";"AGENCIA BRADESCO 2748";489;0;"gmoreno";18/09/20;"092840";"";"";?;?;no;no;0;0;0;0
237;2482;"";"BA";"";"";"";"";"";"";"";"BRA";"00000000000000";"BRADSESCO-AG 2482";495;0;"glisboa";23/10/20;"083004";"";"";?;?;no;no;0;0;0;0
237;2532;"1";"SP";"";"";"";"";"";"";"";"BRA";"00000000000000";"BANCO BRADESCO (JARINU)";46;0;"ellen";09/10/09;"091820";"";"";?;?;no;no;0;0;0;0
237;2562;"";"TO";"";"";"";"";"";"";"";"BRA";"00000000000000";"BRADESCO FORMOSO DO ARAGUAIA 25";555;0;"amagro";14/01/22;"155140";"";"";?;?;no;no;0;0;0;0
237;2747;"";"GO";"";"";"";"";"";"";"";"BRA";"00000000000000";"BRADESCO AG 2747";476;0;"gmoreno";06/08/20;"092357";"";"";?;?;no;no;0;0;0;0
237;2839;"8";"SP";"";"";"";"";"";"";"";"BRA";"00000000000000";"BRADESCO (GUARULHOS)";47;0;"lucimar";26/11/09;"092141";"";"";?;?;no;no;0;0;0;0
237;2842;"8";"SP";"";"";"";"";"";"";"";"BRA";"00000000000000";"AG BRADESCO ESTADOS UNIDOS";134;0;"DANI";19/11/13;"140658";"";"";?;?;no;no;0;0;0;0
237;2861;"4";"SP";"";"";"";"";"";"";"";"BRA";"00000000000000";"BANCO BRADESCO (AG 2861-4/SAO PAULO)";26;0;"datasul";04/07/08;"142729";"";"";?;?;no;no;0;0;0;0
237;3004;"";"BA";"";"";"";"";"";"";"";"BRA";"00000000000000";"BANCO BRADESCO-AG 3004";490;0;"glisboa";22/09/20;"163351";"";"";?;?;no;no;0;0;0;0
237;3032;"";"BA";"";"";"";"";"";"";"";"BRA";"60746948851732";"AGENCIA 3032";542;0;"aribeiro";26/08/21;"135102";"";"";?;?;no;no;0;0;0;0
237;3047;"3";"AL";"";"";"";"";"";"";"";"BRA";"00000000000000";"BRADESCO MACEIÓ";179;0;"fabiano";30/04/16;"150806";"";"";?;?;no;no;0;0;0;0
237;3104;"6";"MS";"";"";"";"";"";"";"";"BRA";"00000000000000";"BRADESCO PONTA GROSSA";554;0;"gmoreno";14/12/21;"143241";"";"";?;?;no;no;0;0;0;0
237;3251;"4";"MG";"";"";"";"";"";"";"";"BRA";"00000000000000";"BRADESCO ITUIUTABA";323;0;"super";02/05/18;"174540";"";"";?;?;no;no;0;0;0;0
237;3252;"2";"MG";"";"";"";"";"";"";"";"BRA";"00000000000000";"BRADESCO AG 3252";523;0;"gmoreno";17/05/21;"143046";"";"";?;?;no;no;0;0;0;0
237;3288;"3";"GO";"";"";"";"";"";"";"";"BRA";"00000000000000";"Agência Itumbiara 3288 - Banco Bradesco";352;0;"aprendiz";30/10/18;"092050";"";"";?;?;no;no;0;0;0;0
237;3289;"1";"GO";"";"";"";"";"";"";"";"BRA";"00000000000000";"BRADESCO STA HELENA";317;0;"camila";16/04/18;"172958";"";"";?;?;no;no;0;0;0;0
237;3290;"5";"GO";"";"";"";"";"";"";"";"BRA";"00000000000000";"BRADESCO RIO VERDE";313;0;"tbauer";06/04/18;"171127";"";"";?;?;no;no;0;0;0;0
237;3382;"";"SP";"";"";"";"";"";"";"";"BRA";"00000000000000";"BRADESCO ARACATUBA";358;0;"msantos";22/01/19;"152610";"";"";?;?;no;no;0;0;0;0
237;3678;"1";"GO";"";"";"";"";"";"";"";"BRA";"00000000000000";"BRADESCO JATAI";322;0;"super";02/05/18;"173926";"";"";?;?;no;no;0;0;0;0
237;3719;"2";"AM";"";"";"";"";"";"";"";"BRA";"00000000000000";"BRADESCO URUCARA AM";325;0;"super";02/05/18;"181121";"";"";?;?;no;no;0;0;0;0
237;3774;"5";"GO";"";"";"";"";"";"";"";"BRA";"00000000000000";"BANCO BRADESCO AG 3774";484;0;"gmoreno";03/09/20;"142936";"";"";?;?;no;no;0;0;0;0
237;5072;"5";"BA";"";"";"";"";"";"";"";"BRA";"60746948407905";"AGENCIA BRADESCO 5072";562;0;"amagro";09/06/22;"155945";"";"";?;?;no;no;0;0;0;0
237;5281;"7";"BA";"";"";"";"";"";"";"";"BRA";"00000000000000";"BANCO BRADESCO-AG 5281-7";478;0;"glisboa";17/08/20;"161834";"";"";?;?;no;no;0;0;0;0
237;5475;"5";"GO";"";"";"";"";"";"";"";"BRA";"00000000000000";"BRADESCO EDEIA";287;0;"super";22/03/18;"081711";"";"";?;?;no;no;0;0;0;0
237;5478;"0";"GO";"";"";"";"";"";"";"";"BRA";"00000000000000";"BRADESCO INDIARA";326;0;"super";02/05/18;"183435";"";"";?;?;no;no;0;0;0;0
237;5703;"07";"PR";"";"";"";"";"";"";"";"BRA";"00000000000000";"BRADESCO AG 5703-07";386;0;"glisboa";08/08/19;"100417";"";"";?;?;no;no;0;0;0;0
237;5793;"";"PI";"";"";"";"";"";"";"";"BRA";"00000000000000";"BANCO BRADESCO-AG 5793";480;0;"glisboa";24/08/20;"085331";"";"";?;?;no;no;0;0;0;0
237;5797;"";"MG";"";"";"";"";"";"";"";"BRA";"00000000000000";"AGENCIA BRADESCO 5797";473;0;"gmoreno";31/07/20;"143104";"";"";?;?;no;no;0;0;0;0
237;5865;"3";"PR";"";"";"";"";"";"";"";"BRA";"00000000000000";"BRADESCO TERRA RICA";147;0;"lucimar";24/03/15;"164917";"";"";?;?;no;no;0;0;0;0
237;6014;"";"GO";"";"";"";"";"";"";"";"BRA";"00000000000000";"BRAD RIO VERDE";328;0;"super";02/05/18;"184500";"";"";?;?;no;no;0;0;0;0
237;6110;"7";"MS";"";"";"";"";"";"";"";"BRA";"00000000000000";"BRADESCO NOVA ALVORADA DO SUL";171;0;"fabiano";24/02/16;"100557";"";"";?;?;no;no;0;0;0;0
237;6176;"";"TO";"";"";"";"";"";"";"";"BRA";"60746948619678";"AGENCIA NEXT MARIANOPOLIS";531;0;"aribeiro";15/07/21;"100650";"";"";?;?;no;no;0;0;0;0
237;6193;"0";"AL";"";"";"";"";"";"";"";"BRA";"00000000000000";"BRADESCO SAO JOSE DA TAPERA";155;0;"lucimar";24/08/15;"101936";"";"";?;?;no;no;0;0;0;0
237;6194;"8";"AL";"";"";"";"";"";"";"";"BRA";"00000000000000";"SAO LUIS DO QUITUNDE";345;0;"bazevedo";27/08/18;"152640";"";"";?;?;no;no;0;0;0;0
237;6504;"0";"RJ";"";"";"";"";"";"";"";"BRA";"00000000000000";"BRADESCO - RIO MADEIRA RJ";332;0;"ellen";06/06/18;"204900";"";"";?;?;no;no;0;0;0;0
237;6653;"";"TO";"";"";"";"";"";"";"";"BRA";"00000000000000";"BRADESCO-AG 6653";469;0;"glisboa";21/07/20;"094300";"";"";?;?;no;no;0;0;0;0
237;6680;"";"SP";"";"";"";"";"";"";"";"BRA";"00000000000000";"BRADESCO - Av.Brasil - Pres. Prudente";238;0;"fabiano";30/11/17;"164435";"";"";?;?;no;no;0;0;0;0
237;6693;"";"TO";"";"";"";"";"";"";"";"BRA";"00000000000000";"BANCO BRADESCO-AG 6693";462;0;"glisboa";12/06/20;"091622";"";"";?;?;no;no;0;0;0;0
237;6711;"3";"GO";"";"";"";"";"";"";"";"BRA";"00000000000000";"BANCO BRADESCO AGENCIA 6711";459;0;"gmoreno";01/05/20;"162140";"";"";?;?;no;no;0;0;0;0
237;6908;"6";"TO";"";"";"";"";"";"";"";"BRA";"00000000000000";"BANCO BRADESCO AG 6908";547;0;"gmoreno";14/09/21;"111637";"";"";?;?;no;no;0;0;0;0
237;6913;"2";"GO";"";"";"";"";"";"";"";"BRA";"00000000000000";"BRADESCO AG 6913-2";442;0;"gmoreno";13/12/19;"121643";"";"";?;?;no;no;0;0;0;0
237;6973;"6";"SP";"";"";"";"";"";"";"";"BRA";"00000000000000";"BRADESCO Valentim Gentil SP";203;0;"fabiano";03/10/16;"091322";"";"";?;?;no;no;0;0;0;0
237;6974;"4";"SP";"";"";"";"";"";"";"";"BRA";"00000000000000";"AG. BRADESCO PIRATININGA";135;0;"DANI";16/01/14;"091634";"";"";?;?;no;no;0;0;0;0
237;7673;"2";"SP";"";"";"";"";"";"";"";"BRA";"00000000000000";"BRADESCO JAU";343;0;"bazevedo";17/07/18;"083015";"";"";?;?;no;no;0;0;0;0
237;7976;"";"SP";"";"";"";"";"";"";"";"BRA";"60746948912200";"AGENCIA SANTANDER 7976";595;0;"amagro";03/01/23;"174322";"";"";?;?;no;no;0;0;0;0
260;1;"";"SP";"";"";"";"";"";"";"";"BRA";"00000000000000";"AGENCIA 0001 NU PAGAMENTOS";604;0;"gmoreno";10/03/23;"153800";"";"";?;?;no;no;0;0;0;0
341;209;"0";"GO";"";"";"";"";"";"";"";"BRA";"00000000000000";"ITAÚ - Jatai - GO";280;0;"super";01/03/18;"092115";"";"";?;?;no;no;0;0;0;0
341;538;"";"SP";"";"";"";"";"";"";"";"BRA";"00000000000000";"ITAU AG 0538";384;0;"gmoreno";24/07/19;"142122";"";"";?;?;no;no;0;0;0;0
341;2201;"";"PR";"";"";"";"";"";"";"";"BRA";"00000000000000";"ITAU ITAGUAJE PE";507;0;"mmoraes";14/12/20;"111108";"";"";?;?;no;no;0;0;0;0
341;3573;"4";"PR";"";"";"";"";"";"";"";"BRA";"60701190110031";"ITAÚ UNIBANCO S.A.";499;0;"mmoraes";23/11/20;"103344";"";"";?;?;no;no;0;0;0;0
341;4351;"";"GO";"";"";"";"";"";"";"";"BRA";"00000000000000";"ITAÚ - Edéia/GO";241;0;"fabiano";17/01/18;"104740";"";"";?;?;no;no;0;0;0;0
341;8404;"";"SP";"";"";"";"";"";"";"";"BRA";"00000000000000";"BANCO ITAU AGENCIA 8404";415;0;"glisboa";27/08/19;"083059";"";"";?;?;no;no;0;0;0;0
341;8975;"";"SP";"";"";"";"";"";"";"";"BRA";"00000000000000";"ITAU RIB PRETO INDEPENDENCIA";382;0;"ellen";03/07/19;"174131";"";"";?;?;no;no;0;0;0;0
748;100;"";"RS";"";"";"";"";"";"";"";"BRA";"00000000000000";"SICREDI AGENCIA 0100";512;0;"gmoreno";16/02/21;"153922";"";"";?;?;no;no;0;0;0;0
748;728;"";"SP";"";"";"";"";"";"";"";"BRA";"00000000000000";"SICREDI TEODORO SAMPAIO SP";359;0;"msantos";23/01/19;"172519";"";"";?;?;no;no;0;0;0;0
748;903;"";"MS";"";"";"";"";"";"";"";"BRA";"00000000000000";"AG 0903";525;0;"cristina";18/05/21;"133822";"";"";?;?;no;no;0;0;0;0
756;1;"";"SP";"";"";"";"";"";"";"";"BRA";"00000000000000";"BANCO SICOOB";431;0;"glisboa";09/10/19;"084541";"";"";?;?;no;no;0;0;0;0
