"1";"1000";"ADMINISTRACAO CENTRAL";"ellen";11/08/16;"134331";"";"";?;?;no;no;0;0;0;0;11/10/17;31/12/9999
"1";"10101001";"NUCLEO DIRETORIA";"ellen";10/08/16;"145810";"";"";?;?;no;yes;0;0;0;0;11/10/17;31/12/9999
"1";"10201001";"NUCLEO DE APOIO ADM E FINANCAS";"ellen";10/08/16;"145838";"";"";?;?;no;yes;0;0;0;0;11/10/17;31/12/9999
"1";"10201002";"CONTABILIDADE - ATIVO FIXO";"ellen";10/08/16;"145852";"";"";?;?;no;yes;0;0;0;0;11/10/17;31/12/9999
"1";"10201003";"RECEPCAO FISCAL";"ellen";10/08/16;"145904";"";"";?;?;no;yes;0;0;0;0;11/10/17;31/12/9999
"1";"10201004";"TESOURARIA";"ellen";10/08/16;"145916";"";"";?;?;no;yes;0;0;0;0;11/10/17;31/12/9999
"1";"10201005";"DESENVOLCIMENTO DE PESSOAS";"ellen";10/08/16;"145931";"";"";?;?;no;yes;0;0;0;0;11/10/17;31/12/9999
"1";"10201006";"ADMINISTRACAO DE PESSOAL";"ellen";10/08/16;"145943";"";"";?;?;no;yes;0;0;0;0;11/10/17;31/12/9999
"1";"10201007";"ASSISTENCIA SOCIAL";"msantos";20/11/18;"090635";"";"";?;?;no;no;0;0;0;0;11/10/17;31/12/9999
"1";"10201008";"PLANEJAMENTO E CUSTOS";"ellen";10/08/16;"150012";"";"";?;?;no;yes;0;0;0;0;11/10/17;31/12/9999
"1";"10201009";"NOVO ERP CC";"msantos";20/11/18;"090653";"";"";?;?;no;no;0;0;0;0;11/10/17;31/12/9999
"1";"10201010";"SEGURANCA EMPRESARIAL";"ellen";10/08/16;"150054";"";"";?;?;no;yes;0;0;0;0;11/10/17;31/12/9999
"1";"10202001";"DESPESAS GERAIS ADMINISTRATIVAS";"super";23/03/18;"084545";"";"";?;?;no;yes;0;0;0;0;11/10/17;31/12/9999
"1";"10202002";"REFEICAO E MORADIA - CAETE";"ellen";10/08/16;"150129";"";"";?;?;no;yes;0;0;0;0;11/10/17;31/12/9999
"1";"10202004";"DESPESAS POLO GOIAS";"msantos";20/11/18;"090720";"";"";?;?;no;no;0;0;0;0;18/12/17;31/12/9999
"1";"10202005";"PORTARIA";"msantos";07/08/18;"152729";"";"";?;?;no;yes;0;0;0;0;07/08/18;31/12/9999
"1";"10203001";"COMPRAS";"ellen";10/08/16;"150139";"";"";?;?;no;yes;0;0;0;0;11/10/17;31/12/9999
"1";"10203002";"ALMOXARIFADO";"ellen";10/08/16;"150153";"";"";?;?;no;yes;0;0;0;0;11/10/17;31/12/9999
"1";"10204001";"TECNOLOGIA DA INFORMACAO - TI";"ellen";10/08/16;"150212";"";"";?;?;no;yes;0;0;0;0;11/10/17;31/12/9999
"1";"10204002";"TECNOLOGIA DA INFORMACAO - SISTEMAS";"ellen";10/08/16;"150236";"";"";?;?;no;yes;0;0;0;0;11/10/17;31/12/9999
"1";"10204003";"JURIDICO";"ellen";10/08/16;"150249";"";"";?;?;no;yes;0;0;0;0;11/10/17;31/12/9999
"1";"10204004";"TECNOLOGIA DA INFORMAÇÃO - INFRA";"super";23/03/18;"084704";"";"";?;?;no;yes;0;0;0;0;23/03/18;31/12/9999
"1";"10205001";"SEGURANCA E SAUDE OCUPACIONAL";"ellen";10/08/16;"150311";"";"";?;?;no;yes;0;0;0;0;11/10/17;31/12/9999
"1";"10205002";"SERVICOS MEDICOS";"ellen";10/08/16;"150323";"";"";?;?;no;yes;0;0;0;0;11/10/17;31/12/9999
"1";"10205003";"MEIO AMBIENTE";"ellen";10/08/16;"150334";"";"";?;?;no;yes;0;0;0;0;11/10/17;31/12/9999
"1";"10205004";"NUCLEO SSMA";"super";18/04/18;"105906";"";"";?;?;no;yes;0;0;0;0;18/04/18;31/12/9999
"1";"10206001";"ADM CORPORATIVO";"msantos";02/07/18;"100224";"";"";?;?;no;yes;0;0;0;0;02/07/18;31/12/9999
"1";"10206002";"AGRICOLA CORPORATIVO";"msantos";02/07/18;"100241";"";"";?;?;no;yes;0;0;0;0;02/07/18;31/12/9999
"1";"10301001";"NUCLEO ADMINISTRACAO AGRICOLA";"ellen";10/08/16;"150353";"";"";?;?;no;yes;0;0;0;0;11/10/17;31/12/9999
"1";"10301002";"NUCLEO ARRENDAMENTO - PARCERIAS";"msantos";20/11/18;"090739";"";"";?;?;no;no;0;0;0;0;11/10/17;31/12/9999
"1";"10302001";"NUCLEO PLANEJAMENTO E DESENVOLVIMENTO";"ellen";10/08/16;"150650";"";"";?;?;no;yes;0;0;0;0;11/10/17;31/12/9999
"1";"10302002";"CONTROLE AGRICOLA";"ellen";10/08/16;"150450";"";"";?;?;no;yes;0;0;0;0;11/10/17;31/12/9999
"1";"10302003";"DESENVOLVIMENTO AGRONOMICO";"ellen";10/08/16;"150504";"";"";?;?;no;yes;0;0;0;0;11/10/17;31/12/9999
"1";"10302004";"TOPOGRAFIA";"msantos";20/11/18;"091826";"";"";?;?;no;no;0;0;0;0;11/10/17;31/12/9999
"1";"10302005";"GESTAO DE QUALIDADE";"msantos";20/11/18;"091837";"";"";?;?;no;no;0;0;0;0;11/10/17;31/12/9999
"1";"10303001";"SUPERVISAO DE RURICOLAS";"ellen";10/08/16;"150553";"";"";?;?;no;yes;0;0;0;0;11/10/17;31/12/9999
"1";"10303002";"MDO RURICOLAS";"ellen";10/08/16;"150739";"";"";?;?;no;yes;0;0;0;0;11/10/17;31/12/9999
"1";"10303003";"ADMINISTRACAO DE PREPARO SOLO";"ellen";10/08/16;"150756";"";"";?;?;no;yes;0;0;0;0;11/10/17;31/12/9999
"1";"10303004";"ADMINISTRACAO DE PLANTIO";"ellen";10/08/16;"150810";"";"";?;?;no;yes;0;0;0;0;11/10/17;31/12/9999
"1";"10303005";"ADMINISTRACAO DE CCT";"ellen";10/08/16;"150828";"";"";?;?;no;yes;0;0;0;0;11/10/17;31/12/9999
"1";"10303006";"ADMINISTRACAO DE TRATOS CULTURAIS";"ellen";10/08/16;"150846";"";"";?;?;no;yes;0;0;0;0;11/10/17;31/12/9999
"1";"10303007";"MDO RURAL - TERCEIROS";"super";15/02/18;"101122";"";"";?;?;no;yes;0;0;0;0;15/02/18;31/12/9999
"1";"10303008";"MDO MOT/TRAT/OPERADOR - TERC";"msantos";20/11/18;"091847";"";"";?;?;no;no;0;0;0;0;15/02/18;31/12/9999
"1";"10303009";"ADM PRODUCAO DE SOJA";"msantos";19/07/18;"175145";"";"";?;?;no;yes;0;0;0;0;19/07/18;31/12/9999
"1";"10304001";"MDO TRATORISTAS OPERACAO GERAL";"ellen";10/08/16;"150903";"";"";?;?;no;yes;0;0;0;0;11/10/17;31/12/9999
"1";"10304002";"MDO OPERACAO CCT - COLHEDORA";"ellen";10/08/16;"150922";"";"";?;?;no;yes;0;0;0;0;11/10/17;31/12/9999
"1";"10304003";"MDO OPERACAO CCT - TRATORES";"ellen";10/08/16;"150939";"";"";?;?;no;yes;0;0;0;0;11/10/17;31/12/9999
"1";"10304004";"MDO MOTORISTAS APOIO";"ellen";10/08/16;"150952";"";"";?;?;no;yes;0;0;0;0;11/10/17;31/12/9999
"1";"10304005";"MDO ESTRADAS";"msantos";25/03/19;"091605";"";"";?;?;no;no;0;0;0;0;11/10/17;31/12/9999
"1";"10304006";"MDO MOTORISTAS COMBOIO";"msantos";20/11/18;"083507";"";"";?;?;no;yes;0;0;0;0;20/11/18;31/12/9999
"1";"10304010";"MDO - MOTORISTA PLANTIO";"msantos";25/03/19;"091523";"";"";?;?;no;yes;0;0;0;0;25/03/19;31/12/9999
"1";"10305001";"CAMINHAO BASCULANTE";"msantos";20/11/18;"092017";"";"";?;?;no;no;0;0;0;0;11/10/17;31/12/9999
"1";"10305002";"CAMINHOES BORRACHARIA";"ellen";10/08/16;"151222";"";"";?;?;no;yes;0;0;0;0;11/10/17;31/12/9999
"1";"10305003";"CAMINHOES BOMBEIRO";"ellen";10/08/16;"151235";"";"";?;?;no;yes;0;0;0;0;11/10/17;31/12/9999
"1";"10305004";"CAMINHOES COMBOIO";"ellen";10/08/16;"151248";"";"";?;?;no;yes;0;0;0;0;11/10/17;31/12/9999
"1";"10305005";"CAMINHOES PRANCHAS";"ellen";10/08/16;"151259";"";"";?;?;no;yes;0;0;0;0;11/10/17;31/12/9999
"1";"10305006";"CAMINHOES OFICINA";"ellen";10/08/16;"151310";"";"";?;?;no;yes;0;0;0;0;11/10/17;31/12/9999
"1";"10305007";"CAMINHOES MUNCK";"ellen";10/08/16;"151329";"";"";?;?;no;yes;0;0;0;0;11/10/17;31/12/9999
"1";"10305008";"CAMINHOES TRANSBORDO";"msantos";20/11/18;"092030";"";"";?;?;no;no;0;0;0;0;11/10/17;31/12/9999
"1";"10305009";"CAMINHOES TRANSBORDO - PLANTIO";"ellen";10/08/16;"151404";"";"";?;?;no;yes;0;0;0;0;11/10/17;31/12/9999
"1";"10305010";"CAMINHOES DISTRIBUICAO TORTA";"msantos";20/11/18;"092043";"";"";?;?;no;no;0;0;0;0;11/10/17;31/12/9999
"1";"10305011";"CAMINHOES CALDA PRONTA";"ellen";10/08/16;"151441";"";"";?;?;no;yes;0;0;0;0;11/10/17;31/12/9999
"1";"10305012";"CAMINHOES DISTRIBUICAO CORRETIVO";"ellen";11/08/16;"145727";"";"";?;?;no;yes;0;0;0;0;11/10/17;31/12/9999
"1";"10305013";"CAMINHOES E VEICULOS DE TERCEIROS";"ellen";10/08/16;"151517";"";"";?;?;no;yes;0;0;0;0;11/10/17;31/12/9999
"1";"10305014";"VEICULOS UTILITARIOS ADM";"ellen";10/08/16;"151654";"";"";?;?;no;yes;0;0;0;0;11/10/17;31/12/9999
"1";"10305015";"CAVALO MECANICO";"ellen";10/08/16;"151705";"";"";?;?;no;yes;0;0;0;0;11/10/17;31/12/9999
"1";"10306001";"TRATORES PNEUS - LEVES";"ellen";10/08/16;"151722";"";"";?;?;no;yes;0;0;0;0;11/10/17;31/12/9999
"1";"10306002";"TRATORES PNEUS - MEDIO";"ellen";10/08/16;"151747";"";"";?;?;no;yes;0;0;0;0;11/10/17;31/12/9999
"1";"10306003";"TRATORES PNEUS - PESADO";"ellen";10/08/16;"151803";"";"";?;?;no;yes;0;0;0;0;11/10/17;31/12/9999
"1";"10306004";"TRATORES PNEUS - CCT";"ellen";10/08/16;"151825";"";"";?;?;no;yes;0;0;0;0;11/10/17;31/12/9999
"1";"10306005";"COLHEDORAS DE CANA - CCT";"ellen";10/08/16;"151840";"";"";?;?;no;yes;0;0;0;0;11/10/17;31/12/9999
"1";"10306006";"MOTONIVELADORA - ROLO COMPRESSOR";"msantos";20/11/18;"092053";"";"";?;?;no;no;0;0;0;0;11/10/17;31/12/9999
"1";"10306007";"APLICACAO AUTOMOTRIZ";"ellen";10/08/16;"151915";"";"";?;?;no;yes;0;0;0;0;11/10/17;31/12/9999
"1";"10306008";"CARREGADEIRA DE CANA";"ellen";10/08/16;"152105";"";"";?;?;no;yes;0;0;0;0;11/10/17;31/12/9999
"1";"10306009";"PA CARREGADORAS";"ellen";10/08/16;"152129";"";"";?;?;no;yes;0;0;0;0;11/10/17;31/12/9999
"1";"10306010";"MOTOBOMBAS";"ellen";10/08/16;"152151";"";"";?;?;no;yes;0;0;0;0;11/10/17;31/12/9999
"1";"10306011";"ONIBUS";"ellen";10/08/16;"152604";"";"";?;?;no;yes;0;0;0;0;11/10/17;31/12/9999
"1";"10306012";"COLHEDORAS DE MUDA - PLANTIO";"ellen";10/08/16;"152621";"";"";?;?;no;yes;0;0;0;0;11/10/17;31/12/9999
"1";"10306013";"PLANTADEIRA DE CANAA";"ellen";10/08/16;"152646";"";"";?;?;no;yes;0;0;0;0;11/10/17;31/12/9999
"1";"10306014";"TRATORES E MAQUINAS DE TERCEIROS";"ellen";10/08/16;"152712";"";"";?;?;no;yes;0;0;0;0;11/10/17;31/12/9999
"1";"10306015";"ELETROBOMBA";"msantos";20/11/18;"092508";"";"";?;?;no;no;0;0;0;0;11/10/17;31/12/9999
"1";"10306016";"ESCAVADEIRA HIDRAULICA";"msantos";20/11/18;"092520";"";"";?;?;no;no;0;0;0;0;11/10/17;31/12/9999
"1";"10306017";"APLICADOR NPK";"msantos";07/08/18;"152746";"";"";?;?;no;yes;0;0;0;0;07/08/18;31/12/9999
"1";"10307001";"IMPLEMENTOS DE PREPARO";"ellen";10/08/16;"152802";"";"";?;?;no;yes;0;0;0;0;11/10/17;31/12/9999
"1";"10307002";"IMPLEMENTOS DE PLANTIO";"ellen";10/08/16;"152818";"";"";?;?;no;yes;0;0;0;0;11/10/17;31/12/9999
"1";"10307003";"IMPPLEMENTOS DE TRATOS";"ellen";10/08/16;"152847";"";"";?;?;no;yes;0;0;0;0;11/10/17;31/12/9999
"1";"10307004";"IMPLEMENTOS DE COLHEITAS";"ellen";10/08/16;"152909";"";"";?;?;no;yes;0;0;0;0;11/10/17;31/12/9999
"1";"10307005";"IMPLEMENTOS DE TERCEIROS";"ellen";10/08/16;"152922";"";"";?;?;no;yes;0;0;0;0;11/10/17;31/12/9999
"1";"10308001";"BENFEITORIAS";"msantos";20/11/18;"092534";"";"";?;?;no;no;0;0;0;0;11/10/17;31/12/9999
"1";"10308002";"PREPARO DE SOLO";"ellen";10/08/16;"152953";"";"";?;?;no;yes;0;0;0;0;11/10/17;31/12/9999
"1";"10308003";"PLANTIO MANUAL";"ellen";10/08/16;"153012";"";"";?;?;no;yes;0;0;0;0;11/10/17;31/12/9999
"1";"10308004";"PLANTIO MECANIZADO";"ellen";10/08/16;"153030";"";"";?;?;no;yes;0;0;0;0;11/10/17;31/12/9999
"1";"10308005";"TRATOS CANA PLANTA";"ellen";10/08/16;"153043";"";"";?;?;no;yes;0;0;0;0;11/10/17;31/12/9999
"1";"10308006";"COLHEITA MANUAL";"msantos";20/11/18;"093043";"";"";?;?;no;no;0;0;0;0;11/10/17;31/12/9999
"1";"10308007";"APLICACAO DE MATURADOR";"ellen";10/08/16;"153113";"";"";?;?;no;yes;0;0;0;0;11/10/17;31/12/9999
"1";"10308008";"TRATOS CANA SOCA";"ellen";10/08/16;"153127";"";"";?;?;no;yes;0;0;0;0;11/10/17;31/12/9999
"1";"10308009";"CCT FORNECEDORES";"msantos";20/11/18;"093059";"";"";?;?;no;no;0;0;0;0;11/10/17;31/12/9999
"1";"10308010";"COLHEITA MECANIZADA";"ellen";10/08/16;"153205";"";"";?;?;no;yes;0;0;0;0;11/10/17;31/12/9999
"1";"10308011";"COLHEITA - 2";"ellen";10/08/16;"153217";"";"";?;?;no;yes;0;0;0;0;11/10/17;31/12/9999
"1";"10308012";"FORMACAO LAVOURA 2";"ellen";10/08/16;"153231";"";"";?;?;no;yes;0;0;0;0;11/10/17;31/12/9999
"1";"10308013";"TRATOS SOCA - 2";"ellen";10/08/16;"153409";"";"";?;?;no;yes;0;0;0;0;11/10/17;31/12/9999
"1";"10308019";"PREPARO SOLO SAFRA 2019";"msantos";19/07/18;"175207";"";"";?;?;no;yes;0;0;0;0;19/07/18;31/12/9999
"1";"10308021";"SOJA";"msantos";19/07/18;"175216";"";"";?;?;no;yes;0;0;0;0;19/07/18;31/12/9999
"1";"10309001";"ADMINISTRACAO DE MANUT AGRICOLA";"ellen";10/08/16;"153428";"";"";?;?;no;yes;0;0;0;0;11/10/17;31/12/9999
"1";"10309002";"SUPERVISAO DE MANUT EXTERNA";"ellen";10/08/16;"153446";"";"";?;?;no;yes;0;0;0;0;11/10/17;31/12/9999
"1";"10309003";"SUPERVISAO DE MANUT INTERNA";"ellen";10/08/16;"153506";"";"";?;?;no;yes;0;0;0;0;11/10/17;31/12/9999
"1";"10309004";"BORRACHARIA";"ellen";10/08/16;"153515";"";"";?;?;no;yes;0;0;0;0;11/10/17;31/12/9999
"1";"10309005";"POSTO DE ABASTECIMENTO";"ellen";10/08/16;"153536";"";"";?;?;no;yes;0;0;0;0;11/10/17;31/12/9999
"1";"10309006";"POSTO DE LAVAGEM - LUBRIFICACAO";"msantos";20/11/18;"093113";"";"";?;?;no;no;0;0;0;0;11/10/17;31/12/9999
"1";"10309007";"MANUTENCAO SRS";"super";01/11/17;"152004";"";"";?;?;no;yes;0;0;0;0;01/11/17;31/12/9999
"1";"10309008";"PLANEJ. E CONTROLE DE MANUTENÇAO";"camila";29/01/18;"143648";"";"";?;?;no;yes;0;0;0;0;29/01/18;31/12/9999
"1";"10310001";"MUDA";"msantos";20/11/18;"093127";"";"";?;?;no;no;0;0;0;0;11/10/17;31/12/9999
"1";"10501001";"OBRA FAZENDA FRUTEIRA - MS";"msantos";17/07/18;"084207";"";"";?;?;no;yes;0;0;0;0;17/07/18;31/12/9999
"1";"1101";"DIRETORIA ADMINISTRATIVA";"ellen";11/08/16;"152154";"";"";?;?;no;no;0;0;0;0;11/10/17;31/12/9999
"1";"1102";"PLANEJAMENTO E CONTROLE";"ellen";11/08/16;"134458";"";"";?;?;no;no;0;0;0;0;11/10/17;31/12/9999
"1";"1103";"SECRETARIA";"ellen";11/08/16;"134513";"";"";?;?;no;no;0;0;0;0;11/10/17;31/12/9999
"1";"1104";"ASSESSORIA JURIDICA";"ellen";11/08/16;"134518";"";"";?;?;no;no;0;0;0;0;11/10/17;31/12/9999
"1";"1105";"TECNOLOGIA DE INFORMACAO";"ellen";11/08/16;"134524";"";"";?;?;no;no;0;0;0;0;11/10/17;31/12/9999
"1";"1106";"SEGURANÇA DO TRABALHO";"ellen";11/08/16;"134530";"";"";?;?;no;no;0;0;0;0;11/10/17;31/12/9999
"1";"1107";"GESTAO DE PROJETOS";"ellen";11/08/16;"134537";"";"";?;?;no;no;0;0;0;0;11/10/17;31/12/9999
"1";"1108";"GESTAO DE RESULTADOS";"ellen";11/08/16;"134541";"";"";?;?;no;no;0;0;0;0;11/10/17;31/12/9999
"1";"1109";"BEM ESTAR";"ellen";11/08/16;"134545";"";"";?;?;no;no;0;0;0;0;11/10/17;31/12/9999
"1";"1110";"RELACOES SOCIAIS";"ellen";11/08/16;"134551";"";"";?;?;no;no;0;0;0;0;11/10/17;31/12/9999
"1";"1111";"GESTAO DE RH";"ellen";11/08/16;"134555";"";"";?;?;no;no;0;0;0;0;11/10/17;31/12/9999
"1";"1112";"TESOURARIA/FINANCEIRO";"ellen";11/08/16;"134559";"";"";?;?;no;no;0;0;0;0;11/10/17;31/12/9999
"1";"1113";"SEGURANÇA PATRIMONIAL";"ellen";11/08/16;"134641";"";"";?;?;no;no;0;0;0;0;11/10/17;31/12/9999
"1";"1114";"CONTROLADORIA E CUSTO";"ellen";11/08/16;"134947";"";"";?;?;no;no;0;0;0;0;11/10/17;31/12/9999
"1";"1115";"CONTABILIDADE";"ellen";11/08/16;"135023";"";"";?;?;no;no;0;0;0;0;11/10/17;31/12/9999
"1";"1116";"FISCAL";"ellen";11/08/16;"135038";"";"";?;?;no;no;0;0;0;0;11/10/17;31/12/9999
"1";"1117";"DEPARTAMENTO PESSOAL";"ellen";11/08/16;"135045";"";"";?;?;no;no;0;0;0;0;11/10/17;31/12/9999
"1";"1118";"JURIDICO TRABALHISTA";"ellen";11/08/16;"135052";"";"";?;?;no;no;0;0;0;0;11/10/17;31/12/9999
"1";"1119";"REFEITORIO";"ellen";11/08/16;"135101";"";"";?;?;no;no;0;0;0;0;11/10/17;31/12/9999
"1";"1120";"TRANSPORTE FUNCIONARIOS";"ellen";11/08/16;"135109";"";"";?;?;no;no;0;0;0;0;11/10/17;31/12/9999
"1";"1121";"SUPRIMENTOS";"ellen";11/08/16;"135118";"";"";?;?;no;no;0;0;0;0;11/10/17;31/12/9999
"1";"1122";"COMPRAS";"ellen";11/08/16;"135131";"";"";?;?;no;no;0;0;0;0;11/10/17;31/12/9999
"1";"1123";"ALMOXARIFADO";"ellen";11/08/16;"135303";"";"";?;?;no;no;0;0;0;0;11/10/17;31/12/9999
"1";"1124";"POSTO ABASTECIMENTO";"ellen";11/08/16;"135524";"";"";?;?;no;no;0;0;0;0;11/10/17;31/12/9999
"1";"2000";"UNIDADE AGRICOLA";"ellen";11/08/16;"135534";"";"";?;?;no;no;0;0;0;0;11/10/17;31/12/9999
"1";"2100";"DIRETORIA AGRICOLA";"ellen";11/08/16;"135542";"";"";?;?;no;no;0;0;0;0;11/10/17;31/12/9999
"1";"2101";"ARRENDAMENTO PARCERIA";"ellen";11/08/16;"135549";"";"";?;?;no;no;0;0;0;0;11/10/17;31/12/9999
"1";"2102";"SUPERVISAO PRODUCAO AGRICOLA";"ellen";11/08/16;"135608";"";"";?;?;no;no;0;0;0;0;11/10/17;31/12/9999
"1";"2103";"SUPERVISAO PLANTIO";"ellen";11/08/16;"135624";"";"";?;?;no;no;0;0;0;0;11/10/17;31/12/9999
"1";"2104";"PLANEJAMENTO E CONTROLE";"ellen";11/08/16;"135647";"";"";?;?;no;no;0;0;0;0;11/10/17;31/12/9999
"1";"2105";"TOPOGRAFIA";"ellen";11/08/16;"135710";"";"";?;?;no;no;0;0;0;0;11/10/17;31/12/9999
"1";"2106";"TOPOGRAFIA";"ellen";11/08/16;"140131";"";"";?;?;no;no;0;0;0;0;11/10/17;31/12/9999
"1";"2107";"SUPERVISAO TECNICA";"ellen";11/08/16;"140137";"";"";?;?;no;no;0;0;0;0;11/10/17;31/12/9999
"1";"2108";"ESTAGIO SUPERVISIONADO";"ellen";11/08/16;"140142";"";"";?;?;no;no;0;0;0;0;11/10/17;31/12/9999
"1";"2200";"PRODUCAO DE CANA";"ellen";11/08/16;"140147";"";"";?;?;no;no;0;0;0;0;11/10/17;31/12/9999
"1";"2201";"FUNDACAO PREPARO DE SOLO";"ellen";11/08/16;"140154";"";"";?;?;no;no;0;0;0;0;11/10/17;31/12/9999
"1";"2202";"PLANTIO MANUAL";"ellen";11/08/16;"140203";"";"";?;?;no;no;0;0;0;0;11/10/17;31/12/9999
"1";"2203";"PLANTIO MECANIZADO";"ellen";11/08/16;"144603";"";"";?;?;no;no;0;0;0;0;11/10/17;31/12/9999
"1";"2204";"TRATOS PLANTIO";"ellen";11/08/16;"144608";"";"";?;?;no;no;0;0;0;0;11/10/17;31/12/9999
"1";"2205";"TRATOS SOQUEIRA";"ellen";11/08/16;"144612";"";"";?;?;no;no;0;0;0;0;11/10/17;31/12/9999
"1";"2206";"COLHEITA MANUAL/CCT";"ellen";11/08/16;"144618";"";"";?;?;no;no;0;0;0;0;11/10/17;31/12/9999
"1";"2207";"COLHEITA MECANIZADA/CCT";"ellen";11/08/16;"144622";"";"";?;?;no;no;0;0;0;0;11/10/17;31/12/9999
"1";"2208";"CARREGAMENTO DIVERSOS";"ellen";11/08/16;"144655";"";"";?;?;no;no;0;0;0;0;11/10/17;31/12/9999
"1";"2209";"TRANSPORTE DIVERSOS";"ellen";11/08/16;"144659";"";"";?;?;no;no;0;0;0;0;11/10/17;31/12/9999
"1";"2210";"OUTRAS CULTURAS";"ellen";11/08/16;"144704";"";"";?;?;no;no;0;0;0;0;11/10/17;31/12/9999
"1";"2211";"REFLORESTAMENTO/APP";"ellen";11/08/16;"144708";"";"";?;?;no;no;0;0;0;0;11/10/17;31/12/9999
"1";"2212";"IMPRODUTIVO";"ellen";11/08/16;"144713";"";"";?;?;no;no;0;0;0;0;11/10/17;31/12/9999
"1";"2300";"MANUTENCAO AUTOMOTIVA";"ellen";11/08/16;"144717";"";"";?;?;no;no;0;0;0;0;11/10/17;31/12/9999
"1";"2301";"SUPERVISAO MANUTENÇAO";"ellen";11/08/16;"144720";"";"";?;?;no;no;0;0;0;0;11/10/17;31/12/9999
"1";"2302";"PLANEJAMENTO E CONTROLE";"ellen";11/08/16;"144724";"";"";?;?;no;no;0;0;0;0;11/10/17;31/12/9999
"1";"2303";"OFICINA MECANICA";"ellen";11/08/16;"144727";"";"";?;?;no;no;0;0;0;0;11/10/17;31/12/9999
"1";"2304";"BORRACHARIA";"ellen";11/08/16;"144731";"";"";?;?;no;no;0;0;0;0;11/10/17;31/12/9999
"1";"2305";"LAVAGEM LUBRIFICAÇÃO";"ellen";11/08/16;"144739";"";"";?;?;no;no;0;0;0;0;11/10/17;31/12/9999
"1";"2306";"ELETRICA";"ellen";11/08/16;"144755";"";"";?;?;no;no;0;0;0;0;11/10/17;31/12/9999
"1";"2307";"COMBOIO";"ellen";11/08/16;"144800";"";"";?;?;no;no;0;0;0;0;11/10/17;31/12/9999
"1";"2400";"GRUPOS OPERATIVOS";"ellen";11/08/16;"144803";"";"";?;?;no;no;0;0;0;0;11/10/17;31/12/9999
"1";"2401";"ACERADORES DE CANA";"ellen";11/08/16;"144807";"";"";?;?;no;no;0;0;0;0;11/10/17;31/12/9999
"1";"2402";"ARADOS";"ellen";11/08/16;"144811";"";"";?;?;no;no;0;0;0;0;11/10/17;31/12/9999
"1";"2403";"AVIAO";"ellen";11/08/16;"144815";"";"";?;?;no;no;0;0;0;0;11/10/17;31/12/9999
"1";"2404";"CAMINHOES CANAVIEIROS";"ellen";11/08/16;"144818";"";"";?;?;no;no;0;0;0;0;11/10/17;31/12/9999
"1";"2405";"CAMINHOES COMBOIO";"ellen";11/08/16;"144821";"";"";?;?;no;no;0;0;0;0;11/10/17;31/12/9999
"1";"2406";"CAMINHOES MUNCK";"ellen";11/08/16;"144825";"";"";?;?;no;no;0;0;0;0;11/10/17;31/12/9999
"1";"2407";"CAMINHOES OFICINA";"ellen";11/08/16;"144843";"";"";?;?;no;no;0;0;0;0;11/10/17;31/12/9999
"1";"2408";"CAMINHOES PIPA";"ellen";11/08/16;"144847";"";"";?;?;no;no;0;0;0;0;11/10/17;31/12/9999
"1";"2409";"CAMINHOES TANQUE";"ellen";11/08/16;"144850";"";"";?;?;no;no;0;0;0;0;11/10/17;31/12/9999
"1";"2410";"CARREGADEIRAS CANAVIEIRAS";"ellen";11/08/16;"144854";"";"";?;?;no;no;0;0;0;0;11/10/17;31/12/9999
"1";"2411";"CARREGADEIRAS INSUMOS";"ellen";11/08/16;"144858";"";"";?;?;no;no;0;0;0;0;11/10/17;31/12/9999
"1";"2412";"CARRETAS";"ellen";11/08/16;"144902";"";"";?;?;no;no;0;0;0;0;11/10/17;31/12/9999
"1";"2413";"COBRIDORES";"ellen";11/08/16;"144906";"";"";?;?;no;no;0;0;0;0;11/10/17;31/12/9999
"1";"2414";"COLHEDORA CASE";"ellen";11/08/16;"144910";"";"";?;?;no;no;0;0;0;0;11/10/17;31/12/9999
"1";"2415";"COLHEDORA JOHN DEERE";"ellen";11/08/16;"144923";"";"";?;?;no;no;0;0;0;0;11/10/17;31/12/9999
"1";"2416";"CONJUNTO DE IRRIGACAO";"ellen";11/08/16;"144928";"";"";?;?;no;no;0;0;0;0;11/10/17;31/12/9999
"1";"2417";"CORTADORES DE GRAMA";"ellen";11/08/16;"144938";"";"";?;?;no;no;0;0;0;0;11/10/17;31/12/9999
"1";"2418";"CULTIVADORES";"ellen";11/08/16;"144941";"";"";?;?;no;no;0;0;0;0;11/10/17;31/12/9999
"1";"2419";"DISTRIBUIDORES CALC ADUBO";"ellen";11/08/16;"144945";"";"";?;?;no;no;0;0;0;0;11/10/17;31/12/9999
"1";"2420";"ENLEIRADORES DE PALHA";"ellen";11/08/16;"144948";"";"";?;?;no;no;0;0;0;0;11/10/17;31/12/9999
"1";"2421";"ESTEIRAS";"ellen";11/08/16;"145009";"";"";?;?;no;no;0;0;0;0;11/10/17;31/12/9999
"1";"2422";"GRADES ARADORAS";"ellen";11/08/16;"145014";"";"";?;?;no;no;0;0;0;0;11/10/17;31/12/9999
"1";"2423";"GRADES INTERMEDIARIAS";"ellen";11/08/16;"145018";"";"";?;?;no;no;0;0;0;0;11/10/17;31/12/9999
"1";"2424";"GRADES NIVELADORAS";"ellen";11/08/16;"145022";"";"";?;?;no;no;0;0;0;0;11/10/17;31/12/9999
"1";"2425";"JULIETAS";"ellen";11/08/16;"145030";"";"";?;?;no;no;0;0;0;0;11/10/17;31/12/9999
"1";"2426";"LAMINAS HIDRAULICAS";"ellen";11/08/16;"145040";"";"";?;?;no;no;0;0;0;0;11/10/17;31/12/9999
"1";"2427";"MOTOS-NIVELADORAS";"ellen";11/08/16;"145043";"";"";?;?;no;no;0;0;0;0;11/10/17;31/12/9999
"1";"2428";"MOTOS-BOMBAS";"ellen";11/08/16;"145047";"";"";?;?;no;no;0;0;0;0;11/10/17;31/12/9999
"1";"2429";"MOTOS-SERRAS";"ellen";11/08/16;"145052";"";"";?;?;no;no;0;0;0;0;11/10/17;31/12/9999
"1";"2430";"ONIBUS";"ellen";11/08/16;"145056";"";"";?;?;no;no;0;0;0;0;11/10/17;31/12/9999
"1";"2431";"PAS-CARREGADEIRAS";"ellen";11/08/16;"145100";"";"";?;?;no;no;0;0;0;0;11/10/17;31/12/9999
"1";"2432";"PULVERIZADORES";"ellen";11/08/16;"145105";"";"";?;?;no;no;0;0;0;0;11/10/17;31/12/9999
"1";"2433";"RETRO ESCAV HIDRAULICAS";"ellen";11/08/16;"145109";"";"";?;?;no;no;0;0;0;0;11/10/17;31/12/9999
"1";"2434";"RETRO ESCAVADEIRAS";"ellen";11/08/16;"145113";"";"";?;?;no;no;0;0;0;0;11/10/17;31/12/9999
"1";"2435";"ROCADEIRAS";"ellen";11/08/16;"145119";"";"";?;?;no;no;0;0;0;0;11/10/17;31/12/9999
"1";"2436";"SUBSOLADORES";"ellen";11/08/16;"145122";"";"";?;?;no;no;0;0;0;0;11/10/17;31/12/9999
"1";"2437";"SULCADORES";"ellen";11/08/16;"145126";"";"";?;?;no;no;0;0;0;0;11/10/17;31/12/9999
"1";"2438";"TANQUES";"ellen";11/08/16;"145131";"";"";?;?;no;no;0;0;0;0;11/10/17;31/12/9999
"1";"2439";"TERRACEADORES";"ellen";11/08/16;"145135";"";"";?;?;no;no;0;0;0;0;11/10/17;31/12/9999
"1";"2440";"TRATORES PORTE GRANDE";"ellen";11/08/16;"145139";"";"";?;?;no;no;0;0;0;0;11/10/17;31/12/9999
"1";"2441";"TRATORES PORTE MEDIO";"ellen";11/08/16;"145143";"";"";?;?;no;no;0;0;0;0;11/10/17;31/12/9999
"1";"2442";"TRATORES PORTE PEQUENO";"ellen";11/08/16;"145146";"";"";?;?;no;no;0;0;0;0;11/10/17;31/12/9999
"1";"2443";"UTILITÁRIOS";"ellen";11/08/16;"145150";"";"";?;?;no;no;0;0;0;0;11/10/17;31/12/9999
"1";"2444";"VEICULOS LEVES";"ellen";11/08/16;"145154";"";"";?;?;no;no;0;0;0;0;11/10/17;31/12/9999
"1";"2500";"MAO DE OBRA";"ellen";11/08/16;"145159";"";"";?;?;no;no;0;0;0;0;11/10/17;31/12/9999
"1";"2501";"MAO DE OBRA RURAL";"super";12/09/17;"111326";"";"";?;?;no;no;0;0;0;0;11/10/17;31/12/9999
"1";"2503";"TRATORISTAS";"ellen";11/08/16;"145213";"";"";?;?;no;no;0;0;0;0;11/10/17;31/12/9999
"1";"2504";"OPERADORES CARREGADEIRA";"ellen";11/08/16;"145217";"";"";?;?;no;no;0;0;0;0;11/10/17;31/12/9999
"1";"2505";"MOTORISTA";"super";12/09/17;"111250";"";"";?;?;no;no;0;0;0;0;11/10/17;31/12/9999
"1";"2506";"AJUDANTES AGRICOLAS";"ellen";11/08/16;"145232";"";"";?;?;no;no;0;0;0;0;11/10/17;31/12/9999
"1";"2507";"SERVIÇOS GERAIS";"super";08/03/17;"155251";"";"";?;?;no;no;0;0;0;0;11/10/17;31/12/9999
"1";"2508";"OPERADORES DE COLHEDORAS";"ellen";11/08/16;"152654";"";"";?;?;no;no;0;0;0;0;11/10/17;31/12/9999
"1";"99999999";"GENERICO";"ellen";11/08/16;"103743";"";"";?;?;no;yes;0;0;0;0;11/10/17;31/12/9999
"10";"9999999";"DIVERSOS";"ellen";25/10/16;"165050";"";"";?;?;no;yes;0;0;0;0;11/10/17;31/12/9999
"11";"10202001";"ADMINISTRAÇÃO";"super";07/11/17;"112531";"";"";?;?;no;yes;0;0;0;0;07/11/17;31/12/9999
"11";"20100005";"TECNOLOGIA DA INFORMAÇÃO";"ellen";19/01/17;"173443";"";"";?;?;no;yes;0;0;0;0;11/10/17;31/12/9999
"12";"10201002";"CONTABILIDADE";"super";16/02/18;"174149";"";"";?;?;no;yes;0;0;0;0;16/02/18;31/12/9999
"12";"10206001";"ADM CORPORATIVA";"msantos";11/12/18;"164408";"";"";?;?;no;yes;0;0;0;0;11/12/18;31/12/9999
"12";"10301001";"ADM AGRICOLA";"super";16/02/18;"101200";"";"";?;?;no;yes;0;0;0;0;16/02/18;31/12/9999
"13";"";"PADRÃO";"super";23/07/19;"102059";"";"";?;?;no;yes;0;0;0;0;23/07/19;31/12/9999
"13";"10101001";"NUCLEO DIRETORIA";"msantos";10/01/19;"192021";"";"";?;?;no;yes;0;0;0;0;10/01/19;31/12/9999
"13";"10201001";"NUCLEO DE APOIO ADM E FINANCAS";"gmoreno";03/03/20;"145413";"";"";?;?;no;yes;0;0;0;0;03/03/20;31/12/9999
"13";"10201002";"CONTABILIDADE/ATIVO FIXO";"gmoreno";22/07/19;"172407";"";"";?;?;no;yes;0;0;0;0;22/07/19;31/12/9999
"13";"10201003";"FISCAL";"gmoreno";11/12/20;"103128";"";"";?;?;no;yes;0;0;0;0;10/01/19;31/12/9999
"13";"10201004";"FINANCEIRO";"gmoreno";24/09/20;"110128";"";"";?;?;no;yes;0;0;0;0;10/01/19;31/12/9999
"13";"10201005";"P&O DESENVOLVIMENTO";"amagro";17/11/22;"170424";"";"";?;?;no;yes;0;0;0;0;10/01/19;31/12/9999
"13";"10201006";"DEPARTAMENTO PESSOAL";"gmoreno";14/08/20;"112443";"";"";?;?;no;yes;0;0;0;0;10/01/19;31/12/9999
"13";"10201007";"RI - RELAÇÃO COM INVESTIDORES";"val";03/07/23;"153813";"";"";?;?;no;yes;0;0;0;0;03/07/23;31/12/9999
"13";"10201008";"PLANEJAMENTO E CUSTOS";"msantos";10/01/19;"192111";"";"";?;?;no;yes;0;0;0;0;10/01/19;31/12/9999
"13";"10201010";"CONTROLADORIA";"gmoreno";14/08/20;"112317";"";"";?;?;no;yes;0;0;0;0;14/08/20;31/12/9999
"13";"10201011";"DESENVOLVIMENTO DE PESSOAS - TREINAMENTO";"gmoreno";21/07/21;"155029";"";"";?;?;no;yes;0;0;0;0;21/07/21;31/12/9999
"13";"10201012";"SUSTENTABILIDADE";"gmoreno";17/08/21;"083730";"";"";?;?;no;yes;0;0;0;0;17/08/21;31/12/9999
"13";"10201013";"GOVERNANÇA/COMPLIANCE";"gmoreno";09/09/22;"115333";"";"";?;?;no;yes;0;0;0;0;09/09/22;31/12/9999
"13";"10201014";"P&O OPERAÇÃO";"gmoreno";24/10/22;"102349";"";"";?;?;no;yes;0;0;0;0;24/10/22;31/12/9999
"13";"10201015";"P&O ESCOLINHA";"gmoreno";18/11/22;"170116";"";"";?;?;no;yes;0;0;0;0;18/11/22;31/12/9999
"13";"10202001";"DESPESAS GERAIS ADM";"msantos";10/01/19;"192119";"";"";?;?;no;yes;0;0;0;0;10/01/19;31/12/9999
"13";"10202002";"REFEREICAO E MORADIA CAETE";"gmoreno";06/07/20;"143710";"";"";?;?;no;no;0;0;0;0;10/01/19;31/12/9999
"13";"10202005";"PORTARIA";"msantos";10/01/19;"192138";"";"";?;?;no;yes;0;0;0;0;10/01/19;31/12/9999
"13";"10202007";"MANUTENÇÃO PREDIAL / OBRAS CIVIS";"amagro";13/05/22;"093520";"";"";?;?;no;yes;0;0;0;0;13/05/22;31/12/9999
"13";"10202008";"DESPESAS POLO CV";"amagro";19/05/22;"122232";"";"";?;?;no;yes;0;0;0;0;19/05/22;31/12/9999
"13";"10203001";"COMPRAS";"msantos";10/01/19;"192144";"";"";?;?;no;yes;0;0;0;0;10/01/19;31/12/9999
"13";"10203002";"ALMOXARIFADO";"msantos";10/01/19;"192149";"";"";?;?;no;yes;0;0;0;0;10/01/19;31/12/9999
"13";"10204001";"TECNOLOGIA DA INFORMACAO";"gmoreno";10/08/20;"103116";"";"";?;?;no;yes;0;0;0;0;10/08/20;31/12/9999
"13";"10204003";"JURIDICO";"aribeiro";24/02/21;"154240";"";"";?;?;no;yes;0;0;0;0;24/02/21;31/12/9999
"13";"10204005";"TECNOLOGIA DA INFORMAÇÃO - PROJETOS";"gmoreno";21/07/21;"155014";"";"";?;?;no;yes;0;0;0;0;21/07/21;31/12/9999
"13";"10205001";"SEG E SAUDE OCUPACIONAL";"msantos";10/01/19;"192201";"";"";?;?;no;yes;0;0;0;0;10/01/19;31/12/9999
"13";"10205002";"SERVICOS MEDICOS";"msantos";10/01/19;"192210";"";"";?;?;no;yes;0;0;0;0;10/01/19;31/12/9999
"13";"10205004";"NUCLEO SSMA";"msantos";10/01/19;"192220";"";"";?;?;no;yes;0;0;0;0;10/01/19;31/12/9999
"13";"10206001";"ADM CORPORATIVO";"msantos";10/01/19;"192228";"";"";?;?;no;yes;0;0;0;0;10/01/19;31/12/9999
"13";"10206002";"AGRICOLA CORPORATIVO";"msantos";10/01/19;"192248";"";"";?;?;no;yes;0;0;0;0;10/01/19;31/12/9999
"13";"10206003";"DESPESAS TOCANTINS";"gmoreno";06/07/20;"143757";"";"";?;?;no;no;0;0;0;0;25/03/19;31/12/9999
"13";"10206004";"DIRETORIA AGRICOLA";"gmoreno";13/08/20;"171836";"";"";?;?;no;yes;0;0;0;0;13/08/20;31/12/9999
"13";"10206005";"DESENVOLVIMENTO AGRICOLA CORPORATIVO";"gmoreno";24/09/20;"110045";"";"";?;?;no;yes;0;0;0;0;24/09/20;31/12/9999
"13";"10206006";"PCM CORPORATIVO";"gmoreno";04/01/22;"103510";"";"";?;?;no;yes;0;0;0;0;03/12/20;31/12/9999
"13";"10206007";"DIRETORIA MANUTENÇÃO";"amagro";28/09/22;"171016";"";"";?;?;no;yes;0;0;0;0;28/09/22;31/12/9999
"13";"10206008";"PARCERIAS";"gmoreno";12/12/22;"161609";"";"";?;?;no;yes;0;0;0;0;12/12/22;31/12/9999
"13";"10207001";"ARMAZENAGEM/ESTOCAGEM";"msantos";08/05/19;"154556";"";"";?;?;no;yes;0;0;0;0;08/05/19;31/12/9999
"13";"10301001";"NUCLEO ADM AGRICOLA";"msantos";10/01/19;"192301";"";"";?;?;no;yes;0;0;0;0;10/01/19;31/12/9999
"13";"10302002";"CONTROLE AGRICOLA";"msantos";10/01/19;"192310";"";"";?;?;no;yes;0;0;0;0;10/01/19;31/12/9999
"13";"10302003";"DESENVOLVIMENTO AGRONOMICO";"msantos";10/01/19;"192323";"";"";?;?;no;yes;0;0;0;0;10/01/19;31/12/9999
"13";"10302005";"CONTROLE DE QUALIDADE";"gmoreno";31/03/21;"083750";"";"";?;?;no;yes;0;0;0;0;31/03/21;31/12/9999
"13";"10302006";"ALMOXARIFADO";"gmoreno";03/11/22;"120716";"";"";?;?;no;yes;0;0;0;0;03/11/22;31/12/9999
"13";"10303001";"SUPERVISAO DE RURICOLAS";"gmoreno";26/02/20;"093953";"";"";?;?;no;yes;0;0;0;0;26/02/20;31/12/9999
"13";"10303002";"MDO RURICOLAS";"msantos";10/01/19;"192336";"";"";?;?;no;yes;0;0;0;0;10/01/19;31/12/9999
"13";"10303003";"ADM PREPARO DE SOLO";"ellen";15/01/19;"155421";"";"";?;?;no;yes;0;0;0;0;15/01/19;31/12/9999
"13";"10303004";"ADM PLANTIO";"ellen";22/02/19;"114834";"";"";?;?;no;yes;0;0;0;0;22/02/19;31/12/9999
"13";"10303005";"ADM DE CCT";"msantos";10/01/19;"192345";"";"";?;?;no;yes;0;0;0;0;10/01/19;31/12/9999
"13";"10303006";"ADM DE TRATOS CULTURAIS";"msantos";10/01/19;"192400";"";"";?;?;no;yes;0;0;0;0;10/01/19;31/12/9999
"13";"10303009";"ADM PROD DE SOJA";"msantos";10/01/19;"192408";"";"";?;?;no;yes;0;0;0;0;10/01/19;31/12/9999
"13";"10303010";"MDO AUX REFLORESTAMENTO";"msantos";21/05/19;"175503";"";"";?;?;no;yes;0;0;0;0;21/05/19;31/12/9999
"13";"10303011";"MDO AUXILIAR SAFRA";"msantos";27/05/19;"092020";"";"";?;?;no;yes;0;0;0;0;27/05/19;31/12/9999
"13";"10303012";"MDO AUXILIAR TRATOS";"msantos";27/05/19;"092035";"";"";?;?;no;yes;0;0;0;0;27/05/19;31/12/9999
"13";"10303013";"MDO AUXILIAR PLANTIO";"msantos";27/05/19;"092200";"";"";?;?;no;yes;0;0;0;0;27/05/19;31/12/9999
"13";"10303014";"MDO AUXILIAR PREPARO DE SOLO";"msantos";27/05/19;"092220";"";"";?;?;no;yes;0;0;0;0;27/05/19;31/12/9999
"13";"10303015";"MDO AUXILIAR IRRIGAÇÃO";"gmoreno";21/07/22;"095347";"";"";?;?;no;yes;0;0;0;0;21/07/22;31/12/9999
"13";"10303016";"ADMINISTRAÇÃO TRANSPORTE DE CANA";"amagro";16/09/22;"150123";"";"";?;?;no;yes;0;0;0;0;16/09/22;31/12/9999
"13";"10304001";"MDO TRATORISTAS OP GERAL";"ellen";02/07/19;"091345";"";"";?;?;no;no;0;0;0;0;10/01/19;31/12/9999
"13";"10304002";"MDO OPERACAO CCT COLHEDORA";"msantos";10/01/19;"192438";"";"";?;?;no;yes;0;0;0;0;10/01/19;31/12/9999
"13";"10304003";"MDO OPERACAO CCT TRATORES";"msantos";10/01/19;"194512";"";"";?;?;no;yes;0;0;0;0;10/01/19;31/12/9999
"13";"10304004";"MDO MOTORISTAS APOIO";"msantos";23/04/19;"150121";"";"";?;?;no;yes;0;0;0;0;10/01/19;31/12/9999
"13";"10304006";"MDO MOTORISTAS COMBOIO";"msantos";10/01/19;"192510";"";"";?;?;no;yes;0;0;0;0;10/01/19;31/12/9999
"13";"10304007";"MDO TRATORISTAS PREPARO DE SOLO";"gmoreno";19/09/19;"144456";"";"";?;?;no;yes;0;0;0;0;21/05/19;31/12/9999
"13";"10304008";"MDO TRATORISTAS TRATOS CULTURAIS";"ellen";22/02/19;"165345";"";"";?;?;no;yes;0;0;0;0;22/02/19;31/12/9999
"13";"10304009";"MDO TRATORISTAS PLANTIO";"msantos";22/03/19;"153522";"";"";?;?;no;yes;0;0;0;0;22/03/19;31/12/9999
"13";"10304011";"MDO OPERADORES SOJA";"msantos";08/05/19;"154621";"";"";?;?;no;yes;0;0;0;0;08/05/19;31/12/9999
"13";"10304012";"MDO OPERADOR HERBPLUS";"msantos";27/05/19;"092241";"";"";?;?;no;yes;0;0;0;0;27/05/19;31/12/9999
"13";"10304013";"MDO OPERADOR NPK";"msantos";27/05/19;"092257";"";"";?;?;no;yes;0;0;0;0;27/05/19;31/12/9999
"13";"10304014";"MDO OPERADOR HERCULES";"msantos";27/05/19;"092312";"";"";?;?;no;yes;0;0;0;0;27/05/19;31/12/9999
"13";"10304015";"MDO OPERADOR PATRIOT";"msantos";27/05/19;"092330";"";"";?;?;no;yes;0;0;0;0;27/05/19;31/12/9999
"13";"10304016";"MDO OPERADOR CULTIVO";"msantos";27/05/19;"092346";"";"";?;?;no;yes;0;0;0;0;27/05/19;31/12/9999
"13";"10304017";"MDO OPERADOR CARREGADEIRA";"msantos";27/05/19;"092416";"";"";?;?;no;yes;0;0;0;0;27/05/19;31/12/9999
"13";"10304018";"MDO OPERADOR SULCADOR";"msantos";27/05/19;"092441";"";"";?;?;no;yes;0;0;0;0;27/05/19;31/12/9999
"13";"10304019";"MDO OPERADOR COBRICAO";"msantos";27/05/19;"092501";"";"";?;?;no;yes;0;0;0;0;27/05/19;31/12/9999
"13";"10304020";"MDO OPERADOR COLHEDORA PLANTIO";"msantos";27/05/19;"092524";"";"";?;?;no;yes;0;0;0;0;27/05/19;31/12/9999
"13";"10304021";"MDO OPERADOR PLANTADEIRA";"msantos";27/05/19;"092545";"";"";?;?;no;yes;0;0;0;0;27/05/19;31/12/9999
"13";"10304022";"MDO MOTORISTA CAMINHAO TRANSBORDO";"gmoreno";26/02/20;"094201";"";"";?;?;no;yes;0;0;0;0;27/05/19;31/12/9999
"13";"10304023";"MDO AUXILIAR IRRIGAÇÃO";"gmoreno";20/09/19;"085032";"";"";?;?;no;yes;0;0;0;0;20/09/19;31/12/9999
"13";"10304024";"MDO OPERADORES PREPARO DE SOLO";"gmoreno";03/12/20;"163900";"";"";?;?;no;yes;0;0;0;0;03/12/20;31/12/9999
"13";"10304025";"MDO TRATORISTA OP. CANAVIEIRO";"amagro";16/09/22;"150143";"";"";?;?;no;yes;0;0;0;0;16/09/22;31/12/9999
"13";"10304026";"MDO MOTORISTA CANAVIEIRO";"amagro";21/09/22;"153452";"";"";?;?;no;yes;0;0;0;0;21/09/22;31/12/9999
"13";"10304030";"MDO OPERAÇÃO - POLO P";"gmoreno";12/04/21;"093243";"";"";?;?;no;yes;0;0;0;0;12/04/21;31/12/9999
"13";"10304031";"MDO TRATORISTA IRRIGACAO";"cristina";30/07/21;"110239";"";"";?;?;no;yes;0;0;0;0;30/07/21;31/12/9999
"13";"10305024";"VEICULOS APOIO SOJA";"msantos";10/05/19;"093611";"";"";?;?;no;yes;0;0;0;0;10/05/19;31/12/9999
"13";"10305026";"VEÍCULO APOIO EXPANSÕES";"gmoreno";12/04/21;"093309";"";"";?;?;no;yes;0;0;0;0;12/04/21;31/12/9999
"13";"10306004";"TRATORES PNEUS CCT";"msantos";10/01/19;"192526";"";"";?;?;no;yes;0;0;0;0;10/01/19;31/12/9999
"13";"10306023";"TRATORES OPERACAO SOJA";"msantos";10/05/19;"093635";"";"";?;?;no;yes;0;0;0;0;10/05/19;31/12/9999
"13";"10308016";"PREPARO SOLO PARA SOJA 2020";"msantos";10/05/19;"093717";"";"";?;?;no;yes;0;0;0;0;10/05/19;31/12/9999
"13";"10308017";"PLANTIO DE SOJA 2020";"msantos";10/05/19;"093736";"";"";?;?;no;yes;0;0;0;0;10/05/19;31/12/9999
"13";"10308018";"TRATOS CULTURAIS DE SOJA 2020";"msantos";10/05/19;"093803";"";"";?;?;no;yes;0;0;0;0;10/05/19;31/12/9999
"13";"10308026";"PLANTIO DE MILHO";"msantos";10/05/19;"093816";"";"";?;?;no;yes;0;0;0;0;10/05/19;31/12/9999
"13";"10308027";"COLHEITA DE MILHO";"msantos";10/05/19;"093829";"";"";?;?;no;yes;0;0;0;0;10/05/19;31/12/9999
"13";"10308050";"PREPARO DE SOLO - P";"gmoreno";12/04/21;"093131";"";"";?;?;no;yes;0;0;0;0;12/04/21;31/12/9999
"13";"10308051";"PLANTIO - P";"gmoreno";12/04/21;"093148";"";"";?;?;no;yes;0;0;0;0;12/04/21;31/12/9999
"13";"10308052";"QUEBRA LOMBO - P";"gmoreno";12/04/21;"093205";"";"";?;?;no;yes;0;0;0;0;12/04/21;31/12/9999
"13";"10308053";"TRATOS DE CANA PLANTA - P";"gmoreno";12/04/21;"093220";"";"";?;?;no;yes;0;0;0;0;12/04/21;31/12/9999
"13";"10309001";"ADM MANUT AGRICOLA";"msantos";10/01/19;"192538";"";"";?;?;no;yes;0;0;0;0;10/01/19;31/12/9999
"13";"10309002";"SUPERVISAO MANUT EXTERNA";"msantos";10/01/19;"192551";"";"";?;?;no;yes;0;0;0;0;10/01/19;31/12/9999
"13";"10309003";"SUPERVISAO MANUT INTERNA";"msantos";10/01/19;"192602";"";"";?;?;no;yes;0;0;0;0;10/01/19;31/12/9999
"13";"10309005";"POSTO DE ABASTECIMENTO";"msantos";10/01/19;"192610";"";"";?;?;no;yes;0;0;0;0;10/01/19;31/12/9999
"13";"10309007";"MANUTENCAO SRS";"msantos";10/01/19;"192623";"";"";?;?;no;yes;0;0;0;0;10/01/19;31/12/9999
"13";"10309008";"PLANEJAMENTO CONT MANUTENCAO";"msantos";10/01/19;"192634";"";"";?;?;no;yes;0;0;0;0;10/01/19;31/12/9999
"13";"10309009";"MDO MANUTENCAO TRATOS";"msantos";27/05/19;"104944";"";"";?;?;no;yes;0;0;0;0;27/05/19;31/12/9999
"13";"10501013";"OBRA SILO TO";"gmoreno";20/06/23;"162206";"";"";?;?;no;yes;0;0;0;0;20/06/23;31/12/9999
"13";"10501019";"PROJETO BASE POLO CV";"amagro";23/05/22;"091053";"";"";?;?;no;yes;0;0;0;0;23/05/22;31/12/9999
"13";"41101010";"Conta";"super";27/07/19;"185701";"";"";?;?;no;yes;0;0;0;0;27/07/19;31/12/9999
"13";"99999999";"GENERICO";"gmoreno";06/07/20;"144044";"";"";?;?;no;no;0;0;0;0;10/01/19;31/12/9999
"14";"99999";"GERAL";"gmoreno";18/05/20;"143952";"";"";?;?;no;yes;0;0;0;0;18/05/20;31/12/9999
"2";"1101";"Diretoria Administrativa";"VAL";14/06/11;"091949";"";"";?;?;no;yes;0;0;0;0;11/10/17;31/12/9999
"9";"10202002";"CAETE";"msantos";17/01/19;"164443";"";"";?;?;no;yes;0;0;0;0;17/01/19;31/12/9999
