1;"07:00/17:00 (RURICOLA)";220;0;110;44;7,33333;9;7;0;1;1;1;3;no;"";"NACIONAL";1;1;1;0;0;"CO";"FE";"NO";"RE";"";yes;0;0;1;1;0;"super";27/10/22;"115453";"           ";"                                                                                   N";?;?;yes;no;0;0;0;0;no;0;0;0
2;"07:00/15:20 (GERAL 6X1 - DOM)";220;0;110;44;7,33333;7,33333;7;0;1;1;1;5;no;"";"NACIONAL";1;1;1;0;0;"CO";"FE";"NO";"RE";"";yes;0;0;1;1;0;"gmoreno";08/11/22;"170839";"           ";"                                                                                   S";?;?;yes;no;75600;18000;0;0;no;0;0;0
3;"17:00/01:20 (GERAL 6X1 - DOM)";220;0;110;44;7,33333;7,33333;7;61140;1;1;1;5;no;"";"NACIONAL";1;1;1;0;0;"CO";"FE";"NO";"RE";"";yes;0;0;1;1;0;"ellen";01/02/19;"162226";"           ";"";?;?;yes;no;75600;18000;0;0;no;0;0;0
4;"07:20/17:08 (ESCRITORIO)";220;0;110;44;7,33333;8,8;7;0;1;1;1;3;no;"";"NACIONAL";1;1;1;0;0;"CO";"FE";"NO";"RE";"";yes;0;0;1;1;0;"super";04/02/18;"123759";"           S";"";31/12/17;?;yes;no;0;0;0;0;no;0;0;0
5;"07:00/15:20 (GERAL 5X1)";220;0;110;44;7,33333;9;6;0;1;1;1;5;no;"";"NACIONAL";1;1;1;0;0;"CO";"FE";"NO";"RE";"";yes;0;0;1;1;0;"super";04/02/18;"123759";"           S";"";31/12/17;?;yes;no;0;0;0;0;no;0;0;0
6;"17:00/01:20 (GERAL 5X1)";220;0;110;44;7,33333;9;6;26400;1;1;1;5;no;"";"NACIONAL";1;1;1;0;0;"CO";"FE";"NO";"RE";"";yes;0;0;1;1;0;"super";04/02/18;"123759";"           S";"";31/12/17;?;yes;no;75600;18000;0;0;no;0;0;0
7;"17:20/01:40 (GERAL 6X1 - SAB)";220;0;110;44;7,33333;7,33333;49;27600;1;1;1;5;no;"";"NACIONAL";1;1;1;0;0;"CO";"FE";"NO";"RE";"";yes;0;0;1;1;0;"super";04/02/18;"123759";"           S";"";31/12/17;?;yes;no;75600;18000;0;0;no;0;0;0
8;"07:00/15:20 (GERAL 6X1 - SAB)";220;0;110;44;7,33333;7,33333;49;76800;1;1;1;5;no;"";"NACIONAL";1;1;1;0;0;"CO";"FE";"NO";"RE";"";yes;0;0;1;1;0;"super";04/02/18;"123759";"           S";"";31/12/17;?;yes;no;0;0;0;0;no;0;0;0
9;"07:00/15:00 (5X1 RURAL-BITUCA)";220;0;110;44;7,33333;7,33333;6;75600;1;1;1;5;no;"";"NACIONAL";1;1;1;0;0;"CO";"FE";"NO";"RE";"";yes;0;0;1;1;0;"ellen";02/06/09;"165250";"           ";"";?;?;yes;no;0;0;0;0;no;0;0;0
10;"15:00/23:00 (5X1 RURAL-BITUCA)";220;0;110;44;7,33333;7,33333;6;54000;1;1;1;5;no;"";"NACIONAL";1;1;1;0;0;"CO";"FE";"NO";"RE";"";yes;0;0;1;1;0;"dani";02/10/14;"115806";"           ";"";?;?;yes;no;75600;18000;0;0;no;0;0;0
11;"23:00/07:00 (5X1 RURAL-BITUCA)";220;0;110;44;7,33333;7,33333;6;82800;1;1;1;5;no;"";"NACIONAL";1;1;1;0;0;"CO";"FE";"NO";"RE";"";yes;0;0;1;1;0;"dani";02/10/14;"115827";"           ";"";?;?;yes;no;75600;18000;0;0;no;0;0;0
12;"03:00/11:20 (5X1 NOVO)";220;0;110;44;7,33333;7,33333;6;0;1;1;1;1;no;"";"NACIONAL";1;1;1;0;0;"CO";"FE";"NO";"RE";"";yes;0;0;1;1;0;"super";04/02/18;"123759";"           S";"";31/12/17;?;yes;no;75600;18000;0;0;no;0;0;0
13;"14:00/22:20 (5X1)";220;0;110;44;7,33333;7,33333;6;15600;1;1;1;5;no;"";"NACIONAL";1;1;1;0;0;"CO";"FE";"NO";"RE";"";yes;0;0;1;1;0;"ellen";27/03/19;"183136";"           ";"";?;?;yes;no;75600;18000;0;0;no;0;0;0
14;"02:00/08:00 (5X1 GERAL)";220;0;110;44;7,33333;6;6;0;1;1;1;1;no;"";"NACIONAL";1;1;1;0;0;"CO";"FE";"NO";"RE";"";yes;0;0;1;1;0;"super";04/02/18;"123759";"           S";"";31/12/17;?;yes;no;75600;18000;0;0;no;0;0;0
15;"20:00/04:20 (GERAL 5X1)";220;0;110;44;7,33333;9;6;0;1;1;1;5;no;"";"NACIONAL";1;1;1;0;0;"CO";"FE";"NO";"RE";"";yes;0;0;1;1;0;"ellen";02/01/19;"095410";"           ";"";?;?;yes;no;75600;18000;0;0;no;0;0;0
16;"07:00/15:48 (6X1-CAETE)";220;0;110;44;7,33333;7,8;7;68400;1;1;1;5;no;"";"NACIONAL";1;1;1;0;0;"CO";"FE";"NO";"RE";"";yes;0;0;1;1;0;"super";04/02/18;"123759";"           S";"";31/12/17;?;yes;no;0;0;0;0;no;0;0;0
17;"19:00/05:00 (5X1 GERAL)";220;0;110;44;7,33333;7,33333;6;36000;1;1;1;4;no;"";"NACIONAL";1;1;1;0;0;"CO";"FE";"NO";"RE";"";yes;0;0;1;1;0;"gmoreno";08/11/22;"170844";"           ";"                                                                                   S";?;?;yes;no;75600;18000;0;0;no;0;0;0
18;"07:00/17:00 (5X1 GERAL)";220;0;110;44;7,33333;9;6;79200;1;1;1;5;no;"";"NACIONAL";1;1;1;0;0;"CO";"FE";"NO";"RE";"";yes;0;0;1;1;0;"super";04/02/18;"123759";"           S";"";31/12/17;?;yes;no;0;0;0;0;no;0;0;0
19;"19:00/03:20 (5X1 GERAL)";220;0;110;44;7,33333;7,33333;6;33600;1;1;1;4;no;"";"NACIONAL";1;1;1;0;0;"CO";"FE";"NO";"RE";"";yes;0;0;1;1;0;"val";01/06/09;"091304";"           ";"";?;?;yes;no;75600;18000;0;0;no;0;0;0
20;"17:00/01:20 (GERAL 6X1 - SAB)";220;0;110;44;7,33333;7,33333;7;26400;1;1;1;5;no;"";"NACIONAL";1;1;1;0;0;"CO";"FE";"NO";"RE";"";yes;0;0;1;1;0;"super";04/02/18;"123759";"           S";"";31/12/17;?;yes;no;75600;18000;0;0;no;0;0;0
21;"08:00/17:48";220;0;110;44;7,33333;8,8;7;0;1;1;1;3;no;"";"NACIONAL";1;1;1;0;0;"CO";"FE";"NO";"RE";"";yes;0;0;1;1;0;"super";04/02/18;"123759";"           S";"";31/12/17;?;yes;no;0;0;0;0;no;0;0;0
22;"02:00/10:20";220;0;110;44;7,33333;7,33333;6;58800;1;1;1;1;no;"";"NACIONAL";1;1;1;0;0;"CO";"FE";"NO";"RE";"";yes;0;0;1;1;0;"super";04/02/18;"123759";"           S";"";31/12/17;?;yes;no;75600;18000;0;0;no;0;0;0
23;"16:00/19:00";220;0;110;44;7,33333;3;6;3600;1;1;1;5;no;"";"NACIONAL";1;1;1;0;0;"CO";"FE";"NO";"RE";"";yes;0;0;1;1;0;"super";04/02/18;"123759";"           S";"";31/12/17;?;yes;no;0;0;0;0;no;0;0;0
24;"07:20/15:40";220;0;110;44;7,33333;7,33333;7;0;1;1;1;3;no;"";"NACIONAL";1;1;1;0;0;"CO";"FE";"NO";"RE";"";yes;0;0;1;1;0;"gsilva";27/04/19;"143208";"           ";"";?;?;yes;no;0;0;0;0;no;0;0;0
25;"07:30/15:50 (RURICOLA)";220;0;110;44;7,33333;7,33333;7;0;1;1;1;3;no;"";"NACIONAL";1;1;1;0;0;"CO";"FE";"NO";"RE";"";yes;0;0;1;1;0;"gsilva";27/04/19;"143045";"           S";"";31/12/17;?;yes;no;0;0;0;0;no;0;0;0
26;"07:00/15:20 (RURICOLA)";220;0;110;44;7,33333;7,33333;7;0;1;1;1;3;no;"";"NACIONAL";1;1;1;0;0;"NO";"CO";"RE";"FE";"";yes;0;0;1;1;0;"super";07/04/18;"101915";"           ";"";?;?;yes;no;75600;18000;0;0;no;0;0;0
27;"08:00/17:48";220;0;110;44;7,33333;8,8;7;0;1;1;1;1;no;"";"NACIONAL";1;1;1;0;0;"CO";"FE";"NO";"RE";"";yes;0;0;1;1;0;"gmoreno";08/11/22;"170852";"           ";"                                                                                   S";?;?;yes;no;0;0;0;0;no;0;0;0
28;"06:15/14:48 (CAETE)";220;0;110;44;7,33333;7,33333;7;0;1;1;1;1;no;"";"NACIONAL";1;1;1;0;0;"CO";"FE";"NO";"RE";"";yes;0;0;1;1;0;"super";04/02/18;"123759";"           S";"";31/12/17;?;yes;no;0;0;0;0;no;0;0;0
29;"07:00/15:20 (RURICOLA)";220;0;110;44;7,33333;7,33333;7;0;1;1;1;1;no;"";"NACIONAL";1;1;1;0;0;"CO";"FE";"NO";"RE";"";yes;0;0;1;1;0;"super";04/02/18;"123759";"           S";"";31/12/17;?;yes;no;0;0;0;0;no;0;0;0
30;"07:00/15:20 (RURICOLA)";220;0;110;44;7,33333;7,33333;7;0;1;1;1;1;no;"";"NACIONAL";1;1;1;0;0;"CO";"FE";"NO";"RE";"";yes;0;0;1;1;0;"super";04/02/18;"123759";"           S";"";31/12/17;?;yes;no;0;0;0;0;no;0;0;0
31;"05:00/15:00 (5X1 GERAL)";220;0;110;44;7,33333;9;7;0;1;1;1;1;no;"";"NACIONAL";1;1;1;0;0;"CO";"FE";"NO";"RE";"";yes;0;0;1;1;0;"super";04/02/18;"123759";"           S";"";31/12/17;?;yes;no;0;0;0;0;no;0;0;0
32;"06:00/14:20 (6X1 GERAL)";220;0;110;44;7,33333;7,33333;7;0;1;1;1;3;no;"";"NACIONAL";1;1;1;0;0;"CO";"FE";"NO";"RE";"";yes;0;0;1;1;0;"gmoreno";08/11/22;"170858";"           ";"                                                                                   S";?;?;yes;no;79200;18000;0;0;no;0;0;0
33;"06:00/16:20";220;0;110;44;9,33333;7;7;0;1;1;1;1;no;"";"NACIONAL";1;1;1;0;0;"CO";"FE";"NO";"RE";"";yes;0;0;1;1;0;"super";04/02/18;"123759";"           S";"";31/12/17;?;yes;no;0;0;0;0;no;0;0;0
34;"05:00/13:20 (5X1 GERAL)";220;0;110;44;7,33333;7,33333;6;0;1;1;1;1;no;"";"NACIONAL";2;1;1;0;0;"";"";"";"";"";yes;0;0;1;1;0;"ellen";02/06/09;"165042";"           ";"";?;?;yes;no;75600;18000;0;0;no;0;0;0
35;"17:00/03:00 (GERAL NOTUNO)";220;0;110;44;7,33333;9;7;33600;1;1;1;4;no;"";"NACIONAL";2;1;1;0;0;"CO";"FE";"NO";"RE";"";yes;0;0;1;1;0;"super";04/02/18;"123759";"           S";"";31/12/17;?;yes;no;75600;18000;0;0;no;0;0;0
36;"07:00/16:00 (PEDREIROS)";220;0;110;44;7,33333;9;7;0;1;1;1;1;no;"";"NACIONAL";2;1;1;0;0;"CO";"FE";"NO";"RE";"";yes;0;0;1;1;0;"val";01/04/09;"164140";"           ";"";?;?;yes;no;0;0;0;0;no;0;0;0
37;"07:00/17:00 (GERAL/PEDREIROS)";220;0;110;44;7,33333;9;7;0;1;1;1;1;no;"";"NACIONAL";2;1;1;0;0;"CO";"FE";"NO";"RE";"";yes;0;0;1;1;0;"ellen";12/02/19;"153134";"           ";"";?;?;yes;no;0;0;0;0;no;0;0;0
38;"05:00/15:48 (MOTORISTA ONIBUS)";220;0;110;44;7,33333;8,8;7;0;1;1;1;1;no;"";"NACIONAL";2;1;1;0;0;"CO";"FE";"NO";"RE";"";yes;0;0;1;1;0;"super";04/02/18;"123759";"           S";"";31/12/17;?;yes;no;0;0;0;0;no;0;0;0
39;"07:00/17:00 (MOTORISTA ONIBUS)";220;0;110;44;7,33333;9;7;0;1;1;1;1;no;"";"NACIONAL";2;1;1;0;0;"CO";"FE";"NO";"RE";"";yes;0;0;1;1;0;"val";03/04/09;"165858";"           ";"";?;?;yes;no;0;0;0;0;no;0;0;0
40;"05:00/16:00 (MOTORISTA ONIBUS)";220;0;110;44;7,33333;9;7;0;1;1;1;1;no;"";"NACIONAL";2;1;1;0;0;"CO";"FE";"NO";"RE";"";yes;0;0;1;1;0;"super";04/02/18;"123759";"           S";"";31/12/17;?;yes;no;0;0;0;0;no;0;0;0
41;"06:00/16:48 (MOTORISTA ONIBUS)";220;0;110;44;7,33333;8,8;7;0;1;1;1;1;no;"";"NACIONAL";2;1;1;0;0;"CO";"FE";"NO";"RE";"";yes;0;0;1;1;0;"super";04/02/18;"123759";"           S";"";31/12/17;?;yes;no;0;0;0;0;no;0;0;0
42;"08:00/16:20 (GERAL/OFICINA)";220;0;110;44;7,33333;8,8;7;0;1;1;1;1;no;"";"NACIONAL";2;1;1;0;0;"CO";"FE";"NO";"RE";"";yes;0;0;1;1;0;"super";04/02/18;"123759";"           S";"";31/12/17;?;yes;no;0;0;0;0;no;0;0;0
43;"07:00/17:00 (GERAL/OFICINA)";220;0;110;44;7,33333;8,8;7;0;1;1;1;1;no;"";"NACIONAL";2;1;1;0;0;"CO";"FE";"NO";"RE";"";yes;0;0;1;1;0;"super";04/02/18;"123759";"           S";"";31/12/17;?;yes;no;0;0;0;0;no;0;0;0
44;"17:00/03:00 (GERAL SAB COMP)";220;0;110;44;7,33333;9;7;26400;1;1;1;5;no;"";"NACIONAL";1;1;1;0;0;"CO";"FE";"NO";"RE";"";yes;0;0;1;1;0;"gmoreno";06/01/23;"115521";"           ";"                                                                                   N";?;?;yes;no;75600;18000;0;0;no;0;0;0
45;"09:00/17:00(GERAL5X1 VIGIA)";220;0;110;44;7,33333;9;6;0;1;1;1;1;no;"";"NACIONAL";2;1;1;0;0;"CO";"FE";"NO";"RE";"";yes;0;0;1;1;0;"super";04/02/18;"123759";"           S";"";31/12/17;?;yes;no;0;0;0;0;no;0;0;0
46;"05:20/15:20";220;0;110;44;7,33333;7,33333;6;0;1;1;1;5;no;"";"NACIONAL";1;1;1;0;0;"NO";"CO";"RE";"FE";"";yes;0;0;1;1;0;"super";04/02/18;"123759";"           S";"";31/12/17;?;yes;no;75600;18000;0;0;no;0;0;0
47;"06:00/16:00 (MOTORISTA ONIBUS)";220;0;110;44;7,33333;9;7;0;1;1;1;1;no;"";"NACIONAL";1;1;1;0;0;"CO";"FE";"NO";"RE";"";yes;0;0;1;1;0;"msantos";29/01/19;"110039";"           S";"";29/01/19;?;yes;no;0;0;0;0;no;0;0;0
48;"19:00/03:20 (6X1 GERAL)";220;0;110;44;7,33333;7,33333;7;33600;1;1;1;4;no;"";"NACIONAL";1;1;1;0;0;"CO";"FE";"NO";"RE";"";yes;0;0;1;1;0;"val";01/06/09;"091536";"           ";"";?;?;yes;no;75600;18000;0;0;no;0;0;0
49;"05:10/17:58 (MOTORISTA ONIBUS)";220;0;110;44;7,33333;8,8;7;0;1;1;1;1;no;"";"NACIONAL";1;1;1;0;0;"CO";"FE";"NO";"RE";"";yes;0;0;1;1;0;"super";04/02/18;"123759";"           S";"";31/12/17;?;yes;no;0;0;0;0;no;0;0;0
50;"15:00/23:00 (SEG A SETXTA)";220;0;110;44;7,33333;7,33333;7;0;1;1;1;5;no;"";"NACIONAL";1;1;1;0;0;"CO";"FE";"NO";"RE";"";yes;0;0;1;1;0;"super";04/02/18;"123759";"           S";"";31/12/17;?;yes;no;75600;18000;0;0;no;0;0;0
51;"15:20/23:20(SEG A SEXT)";220;0;110;44;7,33333;7,33333;7;0;1;1;1;5;no;"";"NACIONAL";1;1;1;0;0;"CO";"NO";"FE";"RE";"";yes;0;0;1;1;0;"super";04/02/18;"123759";"           S";"";31/12/17;?;yes;no;75600;18000;0;0;no;0;0;0
52;"15:20/23:20(6X1 GERAL)";220;0;110;44;7,33333;7,33333;7;0;1;1;1;5;no;"";"NACIONAL";1;1;1;0;0;"CO";"NO";"FE";"RE";"";yes;0;0;1;1;0;"super";04/02/18;"123759";"           S";"";31/12/17;?;yes;no;75600;18000;0;0;no;0;0;0
53;"07:00/15:00 (GERAL 6X1 - DOM)";220;0;110;44;7,33333;7,33333;7;0;1;1;1;5;no;"";"NACIONAL";1;1;1;0;0;"NO";"RE";"FE";"CO";"";yes;0;0;1;1;0;"ellen";23/06/09;"134641";"           ";"";?;?;yes;no;0;0;0;0;no;0;0;0
54;"07:00/15:00 (SEG A SEXTA)";220;0;110;44;7,33333;7,33333;7;0;1;1;1;5;no;"";"NACIONAL";1;1;1;0;0;"CO";"NO";"FE";"RE";"";yes;0;0;1;1;0;"super";04/02/18;"123759";"           S";"";31/12/17;?;yes;no;0;0;0;0;no;0;0;0
55;"15:00/23:00 (6x1)";220;0;110;44;7,33333;7,33333;7;18000;1;1;1;5;no;"";"NACIONAL";1;1;1;0;0;"NO";"CO";"RE";"FE";"";yes;0;0;1;1;0;"ellen";26/06/09;"140737";"           ";"";?;?;yes;no;75600;18000;0;0;no;0;0;0
56;"07:00/16:48";220;0;110;44;7,33333;8,8;7;0;1;1;1;1;no;"";"NACIONAL";1;1;1;0;0;"CO";"NO";"RE";"FE";"";yes;0;0;1;1;0;"super";21/06/18;"174052";"           S";"";21/06/18;?;yes;no;0;0;0;0;no;0;0;0
57;"06:00/18:00 (ONIBUS SEG/SAB)";220;0;110;44;7,33333;8,8;7;0;1;1;1;5;no;"";"NACIONAL";1;1;1;0;0;"CO";"FE";"NO";"RE";"";yes;0;0;1;1;0;"super";04/02/18;"123759";"           S";"";31/12/17;?;yes;no;75600;18000;0;0;no;0;0;0
58;"05:00/18:00 (ONIBUS SEG/SEX)";220;0;110;44;7,33333;8,8;7;0;1;1;1;5;no;"";"NACIONAL";1;1;1;0;0;"CO";"FE";"NO";"RE";"";yes;0;0;1;1;0;"super";04/02/18;"123759";"           S";"";31/12/17;?;yes;no;75600;18000;0;0;no;0;0;0
59;"14:00/22:00 (6x1)";220;0;110;44;7,33333;7,33333;7;18000;1;1;1;5;no;"";"NACIONAL";1;1;1;0;0;"RE";"FE";"NO";"CO";"";yes;0;0;1;1;0;"super";04/02/18;"123759";"           S";"";31/12/17;?;yes;no;75600;18000;0;0;no;0;0;0
60;"05:30/15:30";220;0;110;44;7,33333;7,33333;7;0;1;1;1;5;no;"";"NACIONAL";1;1;1;0;0;"NO";"RE";"FE";"CO";"";yes;0;0;1;1;0;"ellen";15/07/09;"163911";"           ";"";?;?;yes;no;75600;18000;0;0;no;0;0;0
61;"22:00/06:00";220;0;110;44;7,33333;7,33333;7;0;1;1;1;5;no;"";"NACIONAL";1;1;1;0;0;"NO";"CO";"RE";"FE";"";yes;0;0;1;1;0;"super";04/02/18;"123759";"           S";"";31/12/17;?;yes;no;75600;18000;0;0;no;0;0;0
62;"05:00/17:00 (Seg a Sex ONIBUS)";220;0;110;44;7,33333;7,33333;7;0;1;1;1;5;no;"";"NACIONAL";1;1;1;0;0;"FE";"CO";"RE";"NO";"";yes;0;0;1;1;0;"super";04/02/18;"123759";"           S";"";31/12/17;?;yes;no;75600;18000;0;0;no;0;0;0
63;"07:00/17:20 (folga Sabado)";220;0;110;44;7,33333;7,33333;7;0;1;1;1;5;no;"";"NACIONAL";1;1;1;0;0;"CO";"FE";"NO";"RE";"";yes;0;0;1;1;0;"super";04/02/18;"123759";"           S";"";31/12/17;?;yes;no;75600;18000;0;0;no;0;0;0
64;"22:00/06:00 (5X1)";220;0;110;44;7,33333;7,33333;6;43200;1;1;1;4;no;"";"NACIONAL";1;1;1;0;0;"NO";"CO";"FE";"RE";"";yes;0;0;1;1;0;"super";04/02/18;"123759";"           S";"";31/12/17;?;yes;no;75600;18000;0;0;no;0;0;0
65;"18:00/04:00 (5X1 ESCALA)";220;0;110;44;7,33333;9;6;36000;1;1;1;5;no;"";"NACIONAL";1;1;1;0;0;"CO";"FE";"NO";"RE";"";yes;0;0;1;1;0;"super";04/02/18;"123759";"           S";"";31/12/17;?;yes;no;75600;18000;0;0;no;0;0;0
66;"08:00/17:48";220;0;110;44;7,33333;8,8;7;0;1;1;1;5;no;"";"NACIONAL";1;1;1;0;0;"NO";"RE";"FE";"CO";"";yes;0;0;1;1;0;"ellen";06/08/09;"151309";"           ";"";?;?;yes;no;0;0;0;0;no;0;0;0
67;"06:00/16:00 (5X1 ESCALA)";220;0;110;44;7,33333;7,33333;6;0;1;1;1;5;no;"";"NACIONAL";1;1;1;0;0;"CO";"FE";"RE";"NO";"";yes;0;0;1;1;0;"camila";03/09/18;"141523";"           S";"";03/09/18;?;yes;no;75600;18000;0;0;no;0;0;0
68;"05:30/15:30";220;0;110;44;7,33333;7,33333;6;0;1;1;1;5;no;"";"NACIONAL";1;1;1;0;0;"NO";"CO";"RE";"FE";"";yes;0;0;1;1;0;"ellen";24/08/09;"162130";"           ";"";?;?;yes;no;75600;18000;0;0;no;0;0;0
69;"06:30/16:18";220;0;110;44;7,33333;8,8;7;0;1;1;1;5;no;"";"NACIONAL";1;1;1;0;0;"NO";"CO";"RE";"FE";"";yes;0;0;1;1;0;"super";04/02/18;"123759";"           S";"";31/12/17;?;yes;no;75600;18000;0;0;no;0;0;0
70;"08:00/17:48";220;0;110;44;7,33333;8,8;7;0;1;1;1;5;no;"";"NACIONAL";1;1;1;0;0;"NO";"FE";"CO";"RE";"";yes;0;0;1;1;0;"super";04/02/18;"123759";"           S";"";31/12/17;?;yes;no;0;0;0;0;no;0;0;0
71;"08:00/17:48";220;0;110;44;7,33333;8,8;7;0;1;1;1;5;no;"";"NACIONAL";1;1;1;0;0;"NO";"CO";"FE";"RE";"";yes;0;0;1;1;0;"super";04/02/18;"123759";"           S";"";31/12/17;?;yes;no;0;0;0;0;no;0;0;0
72;"05:00/15:00 (5X1 GERAL)";220;0;110;44;7,33333;9;6;0;1;1;1;5;no;"";"NACIONAL";1;1;1;0;0;"NO";"CO";"RE";"FE";"";yes;0;0;1;1;0;"super";04/02/18;"123759";"           S";"";31/12/17;?;yes;no;75600;18000;0;0;no;0;0;0
73;"17:00/03:00 (5X1 GERAL)";220;0;110;44;7,33333;9;6;28800;1;1;1;5;no;"";"NACIONAL";1;1;1;0;0;"NO";"CO";"RE";"FE";"";yes;0;0;1;1;0;"super";04/02/18;"123759";"           S";"";31/12/17;?;yes;no;75600;18000;0;0;no;0;0;0
74;"16:00/00:00 (5X1 GERAL)";220;0;110;44;7,33333;8;6;18000;1;1;1;5;no;"";"NACIONAL";1;1;1;0;0;"NO";"CO";"RE";"FE";"";yes;0;0;1;1;0;"ellen";26/12/18;"175306";"           S";"";26/12/18;?;yes;no;79200;18000;0;0;no;0;0;0
75;"15:20/23:20 (5x1 GERAL)";220;0;110;44;7,33333;7,33333;6;22800;1;1;1;5;no;"";"NACIONAL";1;1;1;0;0;"NO";"CO";"RE";"FE";"";yes;0;0;1;1;0;"super";04/02/18;"123759";"           S";"";31/12/17;?;yes;no;75600;18000;0;0;no;0;0;0
76;"07:00/17:00 (6X1 GERAL)";220;0;110;44;7,33333;7,33333;7;0;1;1;1;5;no;"";"NACIONAL";1;1;1;0;0;"NO";"CO";"FE";"RE";"";yes;0;0;1;1;0;"super";04/02/18;"123759";"           S";"";31/12/17;?;yes;no;0;0;0;0;no;0;0;0
77;"17:20/01:40(5x1 GERAL)";220;0;110;44;7,33333;7,33333;6;27600;1;1;1;5;no;"";"NACIONAL";1;1;1;0;0;"NO";"CO";"RE";"FE";"";yes;0;0;1;1;0;"gsilva";19/08/19;"170327";"           ";"";?;?;yes;no;75600;18000;0;0;no;0;0;0
78;"15:30/01:30 (5X1 GERAL)";220;0;110;44;7,33333;9;6;23400;1;1;1;5;no;"";"NACIONAL";1;1;1;0;0;"NO";"CO";"RE";"FE";"";yes;0;0;1;1;0;"super";04/02/18;"123759";"           S";"";31/12/17;?;yes;no;75600;18000;0;0;no;0;0;0
79;"21:20/05:20 (5X1 GERAL)";220;0;110;44;7,33333;7,33333;6;36000;1;1;1;4;no;"";"NACIONAL";1;1;1;0;0;"NO";"CO";"RE";"FE";"";yes;0;0;1;1;0;"super";04/02/18;"123759";"           S";"";31/12/17;?;yes;no;75600;18000;0;0;no;0;0;0
80;"05:20/15:20(5X1 GERAL)";220;0;110;44;7,33333;7,33333;6;0;1;1;1;5;no;"";"NACIONAL";1;1;1;0;0;"NO";"CO";"RE";"FE";"";yes;0;0;1;1;0;"super";04/02/18;"123759";"           S";"";31/12/17;?;yes;no;75600;18000;0;0;no;0;0;0
81;"05:10/14:43 (6X1)";220;0;110;44;7,33333;7,33333;7;0;1;1;1;5;no;"";"NACIONAL";1;1;1;0;0;"NO";"CO";"RE";"FE";"";yes;0;0;1;1;0;"super";04/02/18;"123759";"           S";"";31/12/17;?;yes;no;75600;18000;0;0;no;0;0;0
82;"06:30/16:18";220;0;110;44;7,33333;8,8;7;0;1;1;1;5;no;"";"NACIONAL";1;1;1;0;0;"NO";"CO";"RE";"FE";"";yes;0;0;1;1;0;"gmoreno";08/11/22;"170908";"           ";"                                                                                   S";?;?;yes;no;75600;18000;0;0;no;0;0;0
83;"07:00/15:20 (6X1-CAETE)";220;0;110;44;7,33333;7,33333;7;0;1;1;1;5;no;"";"NACIONAL";1;1;1;0;0;"CO";"FE";"NO";"RE";"";yes;0;0;1;1;0;"gmoreno";03/06/20;"112754";"           ";"";?;?;yes;no;0;0;0;0;no;0;0;0
84;"05:10/16:43 (6X1)";220;0;110;44;7,33333;7,33333;6;0;1;1;1;5;no;"";"NACIONAL";1;1;1;0;0;"NO";"CO";"RE";"FE";"";yes;0;0;1;1;0;"super";04/02/18;"123759";"           S";"";31/12/17;?;yes;no;75600;18000;0;0;no;0;0;0
85;"05:10/18:10 (ONIBUS)";220;0;110;44;7,33333;6;6;0;1;1;1;5;no;"";"NACIONAL";1;1;1;0;0;"NO";"CO";"RE";"FE";"";yes;0;0;1;1;0;"super";04/02/18;"123759";"           S";"";31/12/17;?;yes;no;75600;18000;0;0;no;0;0;0
86;"05:30/19:30 (MOTORISTA)";220;0;110;44;7,33333;6;6;0;1;1;1;5;no;"";"NACIONAL";1;1;1;0;0;"NO";"CO";"RE";"FE";"";yes;0;0;1;1;0;"super";04/02/18;"123759";"           S";"";31/12/17;?;yes;no;75600;18000;0;0;no;0;0;0
87;"05:20/14:53 (6x1)";220;0;110;44;7,33333;7,33333;7;0;1;1;1;5;no;"";"NACIONAL";1;1;1;0;0;"NO";"CO";"RE";"FE";"";yes;0;0;1;1;0;"super";04/02/18;"123759";"           S";"";31/12/17;?;yes;no;75600;18000;0;0;no;0;0;0
88;"07:00/17:00 (6X1 GERAL)";220;0;110;44;7,33333;9;7;79200;1;1;1;5;no;"";"NACIONAL";1;1;1;0;0;"CO";"FE";"NO";"RE";"";yes;0;0;1;1;0;"super";04/02/18;"123759";"           S";"";31/12/17;?;yes;no;75600;18000;0;0;no;0;0;0
89;"19:00/05:00 (6X1 GERAL)";220;0;110;44;7,33333;9;7;36000;1;1;1;4;no;"";"NACIONAL";1;1;1;0;0;"CO";"FE";"NO";"RE";"";yes;0;0;1;1;0;"super";04/02/18;"123759";"           S";"";31/12/17;?;yes;no;75600;18000;0;0;no;0;0;0
90;"05:30/18:30(5X1 ONIBUS)";220;0;110;44;7,33333;8;6;0;1;1;1;5;no;"";"NACIONAL";1;1;1;0;0;"NO";"CO";"RE";"FE";"";yes;0;0;1;1;0;"super";04/02/18;"123759";"           S";"";31/12/17;?;yes;no;75600;18000;0;0;no;0;0;0
91;"05:10/17:58 (5x1 ONIBUS)";220;0;110;44;7,33333;8,8;6;0;1;1;1;5;no;"";"NACIONAL";1;1;1;0;0;"CO";"FE";"NO";"RE";"";yes;0;0;1;1;0;"super";04/02/18;"123759";"           S";"";31/12/17;?;yes;no;75600;18000;0;0;no;0;0;0
92;"09:00/16:00 (ESTAGIARIOS)";180;0;75;30;7,33333;6;7;0;1;1;1;5;no;"";"NACIONAL";1;1;1;0;0;"NO";"CO";"RE";"FE";"";yes;0;0;1;1;0;"super";04/02/18;"123759";"           S";"";31/12/17;?;yes;no;0;0;0;0;no;0;0;0
93;"17:20/01:40 (6x1 DOM)";220;0;110;44;7,33333;7,33333;7;27600;1;1;1;5;no;"";"NACIONAL";1;1;1;0;0;"NO";"CO";"RE";"FE";"";yes;0;0;1;1;0;"ellen";30/01/10;"095550";"           ";"";?;?;yes;no;75600;18000;0;0;no;0;0;0
94;"15:00/19:00 (5X1 ONIBUS)";220;0;110;44;7,33333;4;6;0;1;1;1;5;no;"";"NACIONAL";1;1;1;0;0;"NO";"CO";"FE";"RE";"";yes;0;0;1;1;0;"super";04/02/18;"123759";"           S";"";31/12/17;?;yes;no;75600;18000;0;0;no;0;0;0
95;"05:00/08:40 (5X1 ONIBUS)";220;0;110;44;7,33333;3,4;6;0;1;1;1;1;no;"";"NACIONAL";1;1;1;0;0;"NO";"CO";"RE";"FE";"";yes;0;0;1;1;0;"super";04/02/18;"123759";"           S";"";31/12/17;?;yes;no;75600;18000;0;0;no;0;0;0
96;"02:30/08:30 (5X1 GERAL)";220;0;110;44;7,33333;6;6;0;1;1;1;5;no;"";"NACIONAL";1;1;1;0;0;"NO";"CO";"RE";"FE";"";yes;0;0;1;1;0;"super";04/02/18;"123759";"           S";"";31/12/17;?;yes;no;75600;18000;0;0;no;0;0;0
97;"02:30/15:03 (ONIBUS 5X1)";220;0;110;44;7,33333;7,33333;6;0;1;1;1;5;no;"";"NACIONAL";1;1;1;0;0;"NO";"CO";"RE";"FE";"";yes;0;0;1;1;0;"super";04/02/18;"123759";"           S";"";31/12/17;?;yes;no;75600;18000;0;0;no;0;0;0
98;"02:00/07:00 (5X1 GERAL)";220;0;110;44;7,33333;5;6;0;1;1;1;1;no;"";"NACIONAL";1;1;1;0;0;"CO";"FE";"NO";"RE";"";yes;0;0;1;1;0;"super";04/02/18;"123759";"           S";"";31/12/17;?;yes;no;75600;18000;0;0;no;0;0;0
99;"05:00/16:33 (5X1 ONIBUS)";220;0;110;44;7,33333;7,33333;6;0;1;1;1;5;no;"";"NACIONAL";1;1;1;0;0;"NO";"CO";"RE";"FE";"";yes;0;0;1;1;0;"super";04/02/18;"123759";"           S";"";31/12/17;?;yes;no;75600;18000;0;0;no;0;0;0
100;"05:20/18:20 ONIBUS (SAB COMP)";220;0;110;44;7,33333;8;7;0;1;1;1;5;no;"";"NACIONAL";1;1;1;0;0;"NO";"CO";"RE";"FE";"";yes;0;0;1;1;0;"super";04/02/18;"123759";"           S";"";31/12/17;?;yes;no;75600;18000;0;0;no;0;0;0
101;"07:00/15:00 (sab ate 12) 6x1";220;0;110;44;7,33333;7;7;0;1;1;1;5;no;"";"NACIONAL";1;1;1;0;0;"NO";"CO";"RE";"FE";"";yes;0;0;1;1;0;"super";04/02/18;"123759";"           S";"";31/12/17;?;yes;no;75600;18000;0;0;no;0;0;0
102;"05:00/18:20 ONIBUS (5X1)";220;0;110;44;7,33333;8,33333;6;0;1;1;1;5;no;"";"NACIONAL";1;1;1;0;0;"NO";"CO";"FE";"RE";"";yes;0;0;1;1;0;"super";04/02/18;"123759";"           S";"";31/12/17;?;yes;no;75600;18000;0;0;no;0;0;0
103;"05:20/16:20 SAB COMP";220;0;110;44;7,33333;8;7;0;1;1;1;5;no;"";"NACIONAL";1;1;1;0;0;"NO";"CO";"RE";"FE";"";yes;0;0;1;1;0;"super";04/02/18;"123759";"           S";"";31/12/17;?;yes;no;75600;18000;0;0;no;0;0;0
104;"05:30/19:30";220;0;110;44;7,33333;6;7;0;1;1;1;1;no;"";"NACIONAL";1;1;1;0;0;"NO";"CO";"RE";"FE";"";yes;0;0;1;1;0;"super";04/02/18;"123759";"           S";"";31/12/17;?;yes;no;75600;18000;0;0;no;0;0;0
105;"05:30/18:30 ONIBUS 6X1";220;0;110;44;7,33333;7,33333;7;0;1;1;1;5;no;"";"NACIONAL";1;1;1;0;0;"NO";"CO";"RE";"FE";"";yes;0;0;1;1;0;"super";04/02/18;"123759";"           S";"";31/12/17;?;yes;no;75600;18000;0;0;no;0;0;0
106;"07:00/19:30 (6X1)";220;0;110;44;7,33333;7,33333;7;0;1;1;1;5;no;"";"NACIONAL";1;1;1;0;0;"NO";"CO";"RE";"FE";"";yes;0;0;1;1;0;"super";04/02/18;"123759";"           S";"";31/12/17;?;yes;no;75600;18000;0;0;no;0;0;0
107;"05:20/16:20 SAB COMP";220;0;110;44;7,33333;8;7;0;1;1;1;5;no;"";"NACIONAL";1;1;1;0;0;"NO";"CO";"RE";"FE";"";yes;0;0;1;1;0;"super";04/02/18;"123759";"           S";"";31/12/17;?;yes;no;75600;18000;0;0;no;0;0;0
108;"07:00/16:00 (sab ate 12:00)";220;0;110;44;7,33333;9;7;36000;1;1;1;1;no;"";"NACIONAL";2;1;1;0;0;"CO";"FE";"NO";"RE";"";yes;0;0;1;1;0;"ellen";12/01/17;"162644";"           ";"";?;?;yes;no;0;0;0;0;no;0;0;0
109;"07:00/17:00 (GERAL/PEDREIROS)";220;0;110;44;7,33333;9;7;0;1;1;1;1;no;"";"NACIONAL";2;1;1;0;0;"CO";"FE";"NO";"RE";"";yes;0;0;1;1;0;"super";04/02/18;"123759";"           S";"";31/12/17;?;yes;no;0;0;0;0;no;0;0;0
110;"07:00/17:00 (GERAL/PEDREIROS)";220;0;110;44;7,33333;9;7;0;1;1;1;1;no;"";"NACIONAL";2;1;1;0;0;"CO";"FE";"NO";"RE";"";yes;0;0;1;1;0;"super";04/02/18;"123759";"           S";"";31/12/17;?;yes;no;0;0;0;0;no;0;0;0
111;"07:00/15:20";220;0;110;44;7,33333;7,33333;7;0;1;1;1;5;no;"";"NACIONAL";1;1;1;0;0;"NO";"CO";"RE";"FE";"";yes;0;0;1;1;0;"super";04/02/18;"123759";"           S";"";31/12/17;?;yes;no;0;0;0;0;no;0;0;0
112;"09:00/17:00 (6X1)";220;0;110;44;7,33333;8;7;0;1;1;1;5;no;"";"NACIONAL";1;1;1;0;0;"NO";"CO";"RE";"FE";"";yes;0;0;1;1;0;"super";04/02/18;"123759";"           S";"";31/12/17;?;yes;no;75600;18000;0;0;no;0;0;0
113;"07:30/16:30 (SEG A SAB)";220;0;110;44;7,33333;8;7;73800;1;1;1;5;no;"";"NACIONAL";1;1;1;0;0;"NO";"CO";"RE";"FE";"";yes;0;0;1;1;0;"dani";23/12/14;"110623";"           ";"";?;?;yes;no;75600;18000;0;0;no;0;0;0
114;"13:00/21:20 (6X1)";220;0;110;44;7,33333;7,33333;7;0;1;1;1;5;no;"";"NACIONAL";1;1;1;0;0;"NO";"CO";"RE";"FE";"";yes;0;0;1;1;0;"super";04/02/18;"123759";"           S";"";31/12/17;?;yes;no;75600;18000;0;0;no;0;0;0
115;"05:20/16:20 (GERAL 6X1 - DOM";220;0;110;44;7,33333;7,33333;7;0;1;1;1;5;no;"";"NACIONAL";1;1;1;0;0;"CO";"FE";"NO";"RE";"";yes;0;0;1;1;0;"super";04/02/18;"123759";"           S";"";31/12/17;?;yes;no;0;0;0;0;no;0;0;0
116;"06:30/14:50 (GERAL 6X1 - DOM";220;0;110;44;7,33333;7,33333;7;70200;1;1;1;5;no;"";"NACIONAL";1;1;1;0;0;"CO";"FE";"NO";"RE";"";yes;0;0;1;1;0;"super";04/02/18;"123759";"           S";"";31/12/17;?;yes;no;0;0;0;0;no;0;0;0
117;"06:15/14:35 (Postinho 6X1 - Do";220;0;110;44;7,33333;7,33333;7;0;1;1;1;5;no;"";"NACIONAL";1;1;1;0;0;"CO";"FE";"NO";"RE";"";yes;0;0;1;1;0;"FABIANO";25/05/11;"135756";"           ";"";?;?;yes;no;0;0;0;0;no;0;0;0
118;"08:00/16:20 (5X1)";220;0;110;44;7,33333;8,8;6;58800;1;1;1;1;no;"";"NACIONAL";2;1;1;0;0;"CO";"FE";"NO";"RE";"";yes;0;0;1;1;0;"ellen";27/02/19;"182017";"           ";"";?;?;yes;no;0;0;0;0;no;0;0;0
119;"09:00/17:20 (GERAL 6X1 - DOM";220;0;110;44;7,33333;7,33333;7;0;1;1;1;5;no;"";"NACIONAL";1;1;1;0;0;"CO";"FE";"NO";"RE";"";yes;0;0;1;1;0;"super";04/02/18;"123759";"           S";"";31/12/17;?;yes;no;0;0;0;0;no;0;0;0
120;"06:00/14:20 (Almox 6X1dom)";220;0;110;44;7,33333;7,33333;7;0;1;1;1;5;no;"";"NACIONAL";1;1;1;0;0;"CO";"FE";"NO";"RE";"";yes;0;0;1;1;0;"gmoreno";08/11/22;"170915";"           ";"                                                                                   S";?;?;yes;no;0;0;0;0;no;0;0;0
121;"16:20/00:40 (Almox 6X1dom)";220;0;110;44;7,33333;7,33333;7;43200;1;1;1;4;no;"";"NACIONAL";1;1;1;0;0;"CO";"FE";"NO";"RE";"";yes;0;0;1;1;0;"super";04/02/18;"123759";"           S";"";31/12/17;?;yes;no;75600;18000;0;0;no;0;0;0
122;"DOMESTICAS - CAETÉ";220;0;110;44;7,33333;7,33333;7;0;1;1;1;5;no;"";"NACIONAL";1;1;1;0;0;"CO";"FE";"NO";"RE";"";yes;0;0;1;1;0;"super";04/02/18;"123759";"           S";"";31/12/17;?;yes;no;75600;18000;0;0;no;0;0;0
123;"DOMESTICAS - CAETÉ 1/2";220;0;110;44;7,33333;7,33333;7;0;1;1;1;5;no;"";"NACIONAL";1;1;1;0;0;"CO";"FE";"NO";"RE";"";yes;0;0;1;1;0;"super";04/02/18;"123759";"           S";"";31/12/17;?;yes;no;75600;18000;0;0;no;0;0;0
124;"05:20/17:00 (6X1)";220;0;110;44;7,33333;7,33333;7;0;1;1;1;5;yes;"";"NACIONAL";1;1;1;0;0;"NO";"CO";"RE";"FE";"";yes;0;0;1;1;0;"super";04/02/18;"123759";"           S";"";31/12/17;?;yes;no;75600;18000;0;0;no;0;0;0
125;"21:30/05:50 (5x1)";220;0;110;44;7,33333;7,33333;6;35400;1;1;1;4;no;"";"NACIONAL";1;1;1;0;0;"NO";"CO";"RE";"FE";"";yes;0;0;1;1;0;"ellen";01/08/19;"095924";"           ";"";?;?;yes;no;75600;18000;0;0;no;0;0;0
126;"10:00/18:20 ""Almox 6X1dom""";220;0;110;44;7,33333;7,33333;7;76800;1;1;1;5;no;"";"NACIONAL";1;1;1;0;0;"CO";"FE";"NO";"RE";"";yes;0;0;1;1;0;"ellen";27/06/19;"115513";"           ";"";?;?;yes;no;75600;18000;0;0;no;0;0;0
127;"05:20/19:00(5X1 ONIBUS)";220;0;110;44;7,33333;8;6;0;1;1;1;5;no;"";"NACIONAL";1;1;1;0;0;"NO";"CO";"RE";"FE";"";yes;0;0;1;1;0;"super";04/02/18;"123759";"           S";"";31/12/17;?;yes;no;75600;18000;0;0;no;0;0;0
128;"05:20/18:40 (5X1 ONIBUS)";220;0;110;44;7,33333;8;6;0;1;1;1;5;no;"";"NACIONAL";1;1;1;0;0;"NO";"CO";"RE";"FE";"";yes;0;0;1;1;0;"super";04/02/18;"123759";"           S";"";31/12/17;?;yes;no;75600;18000;0;0;no;0;0;0
129;"00:00/17:00 (SEG A SAB)";220;0;110;44;7,33333;8;7;0;1;1;1;5;no;"";"NACIONAL";1;1;1;0;0;"NO";"CO";"RE";"FE";"";yes;0;0;1;1;0;"super";04/02/18;"123759";"           S";"";31/12/17;?;yes;no;75600;18000;0;0;no;0;0;0
130;"16:00 as 00:20 (ALMX)";220;0;110;44;7,33333;7,33333;7;0;1;1;1;5;no;"";"nacional";1;1;1;0;0;"CO";"FE";"NO";"RE";"";yes;0;0;1;1;0;"super";04/02/18;"123759";"           S";"";31/12/17;?;yes;no;75600;18000;0;0;no;0;0;0
131;"16:00/00:20 (Almox)";220;0;110;44;7,33333;7,33333;7;0;1;1;1;5;no;"";"NACIONAL";1;1;1;0;0;"CO";"FE";"NO";"RE";"";yes;0;0;1;1;0;"super";04/02/18;"123759";"           S";"";31/12/17;?;yes;no;75600;18000;0;0;no;0;0;0
132;"12x36";220;0;110;44;12;12;6;0;1;2;1;5;no;"";"NACIONAL";1;1;1;0;0;"CO";"FE";"NO";"RE";"";yes;0;0;1;1;0;"super";04/02/18;"123759";"           S";"";31/12/17;?;yes;no;75600;18000;0;0;no;0;0;0
133;"05:20/18:40 (kombi 6x1)";220;0;110;44;7,33333;7,33333;7;0;1;1;1;5;no;"";"NACIONAL";1;1;1;0;0;"CO";"FE";"NO";"RE";"";yes;0;0;1;1;0;"super";04/02/18;"123759";"           S";"";31/12/17;?;yes;no;75600;18000;0;0;no;0;0;0
134;"06:30/15:30";220;0;110;44;7,33333;7,33333;7;0;1;1;1;5;yes;"";"NACIONAL";1;1;1;0;0;"CO";"FE";"NO";"RE";"";yes;0;0;1;1;0;"super";04/02/18;"123759";"           S";"";31/12/17;?;yes;no;0;0;0;0;no;0;0;0
135;"02:30/10:50";220;0;110;44;7,33333;7,33333;6;0;1;1;1;5;yes;"";"NACIONAL";1;1;1;0;0;"CO";"FE";"NO";"RE";"";yes;0;0;1;1;0;"super";04/02/18;"123759";"           S";"";31/12/17;?;yes;no;0;0;0;0;no;0;0;0
136;"06:00/16:00 (6X1)";220;0;110;44;7,33333;7,33333;7;0;1;1;1;5;no;"";"NACIONAL";1;1;1;0;0;"CO";"FE";"NO";"RE";"";yes;0;0;1;1;0;"super";04/02/18;"123759";"           S";"";31/12/17;?;yes;no;0;0;0;0;no;0;0;0
137;"Das 14:20 as 00:00";220;0;110;44;7,333;7,333;7;0;1;1;1;5;no;"";"NACIONAL";1;1;1;0;0;"NO";"CO";"RE";"FE";"";yes;0;0;1;1;0;"super";04/02/18;"123759";"           S";"";31/12/17;?;yes;no;75600;18000;0;0;no;0;0;0
138;"05:20/15:00 (6X1)";220;0;110;44;7,33333;7,33333;7;0;1;1;1;5;no;"";"NACIONAL";1;1;1;0;0;"CO";"FE";"NO";"RE";"";yes;0;0;1;1;0;"super";04/02/18;"123759";"           S";"";31/12/17;?;yes;no;0;0;0;0;no;0;0;0
139;"02:20/12:00 (6X1)";220;0;110;44;7,33333;7,33333;7;0;1;1;1;5;no;"";"NACIONAL";1;1;1;0;0;"NO";"CO";"RE";"FE";"";yes;0;0;1;1;0;"super";04/02/18;"123759";"           S";"";31/12/17;?;yes;no;75600;18000;0;0;no;0;0;0
140;"16:20/00:40 (6X1 GERAL)";220;0;110;44;7,33333;7,33333;7;21600;1;1;1;4;no;"";"NACIONAL";1;1;1;0;0;"CO";"FE";"NO";"RE";"";yes;0;0;1;1;0;"super";04/02/18;"123759";"           S";"";31/12/17;?;yes;no;75600;18000;0;0;no;0;0;0
141;"06:00/18:00 (5X1)";220;0;110;44;8;8;6;0;1;1;1;5;no;"";"NACIONAL";1;1;1;0;0;"NO";"CO";"RE";"FE";"";yes;0;0;1;1;0;"super";04/02/18;"123759";"           S";"";31/12/17;?;yes;no;75600;18000;0;0;no;0;0;0
142;"05:20/15:00 (6X1)";220;0;110;44;7,33333;7,33333;7;0;1;1;1;5;no;"";"NACIONAL";1;1;1;0;0;"CO";"FE";"NO";"RE";"";yes;0;0;1;1;0;"super";04/02/18;"123759";"           S";"";31/12/17;?;yes;no;0;0;0;0;no;0;0;0
143;"04:50/19:30(6x1)";220;0;110;44;7,33333;7,33333;7;0;1;1;1;5;no;"";"nacional";1;1;1;0;0;"CO";"NO";"RE";"FE";"";yes;0;0;1;1;0;"super";04/02/18;"123759";"           S";"";31/12/17;?;yes;no;75600;18000;0;0;no;0;0;0
144;"04:50/19:30 (5X1)";220;0;110;44;7,33333;7,33333;6;0;1;1;1;5;no;"";"NACIONAL";1;1;1;0;0;"NO";"CO";"re";"fe";"";yes;0;0;1;1;0;"super";04/02/18;"123759";"           S";"";31/12/17;?;yes;no;75600;18000;0;0;no;0;0;0
145;"06:40/15:00 (6x1)";220;0;110;44;7,33333;7,33333;7;0;1;1;1;5;no;"";"nacional";1;1;1;0;0;"RE";"CO";"FE";"NO";"";yes;0;0;1;1;0;"super";04/02/18;"123759";"           S";"";31/12/17;?;yes;no;75600;18000;0;0;no;0;0;0
146;"13:00/18:00";150;0;75;25;5;5;7;0;1;1;1;2;no;"";"NACIONAL";1;1;1;0;0;"RE";"CO";"FE";"NO";"";yes;0;0;1;1;0;"gmoreno";08/11/22;"170925";"           ";"                                                                                   S";?;?;yes;no;75600;18000;0;0;no;0;0;0
147;"16:50/07:30 (5X1)";220;0;110;44;7,33333;7,33333;6;43200;1;1;1;5;no;"";"NACIONAL";1;1;1;0;0;"CO";"RE";"FE";"NO";"";yes;0;0;1;1;0;"super";04/02/18;"123759";"           S";"";31/12/17;?;yes;no;75600;18000;0;0;no;0;0;0
148;"08:00/17:00";220;0;110;44;7,33333;8,8;7;0;1;1;1;1;no;"";"NACIONAL";1;1;1;0;0;"CO";"FE";"NO";"RE";"";yes;0;0;1;1;0;"LUCIMAR";20/11/13;"125353";"           ";"";?;?;yes;no;0;0;0;0;no;0;0;0
149;"05:20/14:40 (6X1)";220;0;110;44;7,33333;7,33333;7;0;1;1;1;5;no;"";"NACIONAL";1;1;1;0;0;"NO";"CO";"RE";"FE";"";yes;0;0;1;1;0;"super";04/02/18;"123759";"           S";"";31/12/17;?;yes;no;75600;18000;0;0;no;0;0;0
150;"06:00/19:00 (5X1)";220;0;110;44;7,33333;8,3;6;75600;1;1;1;5;no;"";"NACIONAL";1;1;1;0;0;"NO";"CO";"RE";"FE";"";yes;0;0;1;1;0;"super";04/02/18;"123759";"           S";"";31/12/17;?;yes;no;75600;18000;0;0;no;0;0;0
151;"05:20/18:20 (5X1)";220;0;110;44;7,33333;8;6;0;1;1;1;5;no;"";"NACIONAL";1;1;1;0;0;"NO";"CO";"RE";"FE";"";yes;0;0;1;1;0;"super";04/02/18;"123759";"           S";"";31/12/17;?;yes;no;75600;18000;0;0;no;0;0;0
152;"05:50/19:00 (5X1)";220;0;110;44;7,33333;8;6;0;1;1;1;5;no;"";"NACIONAL";1;1;1;0;0;"NO";"CO";"RE";"FE";"";yes;0;0;1;1;0;"super";04/02/18;"123759";"           S";"";31/12/17;?;yes;no;75600;18000;0;0;no;0;0;0
153;"08:00/13:00";180;0;90;30;6;5;7;0;1;1;1;2;no;"";"NACIONAL";1;1;1;0;0;"RE";"CO";"FE";"NO";"";yes;0;0;1;1;0;"super";04/02/18;"123759";"           S";"";31/12/17;?;yes;no;75600;18000;0;0;no;0;0;0
154;"21:00/06:48 SAB COMP";220;0;110;44;7,33333;8,13333;7;43200;1;1;1;4;no;"";"NACIONAL";1;1;1;0;0;"NO";"FE";"CO";"RE";"";yes;0;0;1;1;0;"super";04/02/18;"123759";"           S";"";31/12/17;?;yes;no;75600;18000;0;0;no;0;0;0
155;"06:00/19:30 (5X1)";220;0;110;44;7,33333;8;6;0;1;1;1;5;no;"";"NACIONAL";1;1;1;0;0;"NO";"CO";"RE";"FE";"";yes;0;0;1;1;0;"super";04/02/18;"123759";"           S";"";31/12/17;?;yes;no;75600;18000;0;0;no;0;0;0
156;"07:30/17:18";220;0;110;44;7,33333;8,8;7;0;1;1;1;1;no;"";"NACIONAL";1;1;1;0;0;"CO";"FE";"NO";"RE";"";yes;0;0;1;1;0;"super";04/02/18;"123759";"           S";"";31/12/17;?;yes;no;0;0;0;0;no;0;0;0
157;"07:00/17:00 (SAB COMPENSADO)";220;0;110;44;7,33333;9;7;79200;1;1;1;5;no;"";"NACIONAL";1;1;1;0;0;"CO";"FE";"NO";"RE";"";yes;0;0;1;1;0;"super";04/02/18;"123759";"           S";"";31/12/17;?;yes;no;75600;18000;0;0;no;0;0;0
158;"06:00/19:00 (6X1)";220;0;110;44;7,33333;8,3;7;0;1;1;1;5;no;"";"NACIONAL";1;1;1;0;0;"NO";"CO";"RE";"FE";"";yes;0;0;1;1;0;"super";04/02/18;"123759";"           S";"";31/12/17;?;yes;no;75600;18000;0;0;no;0;0;0
159;"13:00/21:00 (5X1)";220;0;110;44;7,33333;7,33333;6;75600;1;1;1;5;no;"";"NACIONAL";1;1;1;0;0;"CO";"FE";"NO";"RE";"";yes;0;0;1;1;0;"super";04/02/18;"123759";"           S";"";31/12/17;?;yes;no;75600;18000;0;0;no;0;0;0
160;"05:00/16:48 (MOTORISTA ONIBUS)";220;0;110;44;7,33333;8,8;7;0;1;1;1;1;no;"";"NACIONAL";2;1;1;0;0;"CO";"FE";"NO";"RE";"";yes;0;0;1;1;0;"super";04/02/18;"123759";"           S";"";31/12/17;?;yes;no;75600;18000;0;0;no;0;0;0
161;"05:00/19:20 (6X1)";220;0;110;44;7,33333;8,8;7;0;1;1;1;1;no;"";"NACIONAL";2;1;1;0;0;"CO";"FE";"NO";"RE";"";yes;0;0;1;1;0;"super";04/02/18;"123759";"           S";"";31/12/17;?;yes;no;75600;18000;0;0;no;0;0;0
162;"05:00/19:00 SAB COMP";220;0;110;44;7,33333;9;7;0;1;1;1;5;no;"";"NACIONAL";2;1;1;0;0;"NO";"CO";"RE";"FE";"";yes;0;0;1;1;0;"super";04/02/18;"123759";"           S";"";31/12/17;?;yes;no;75600;18000;0;0;no;0;0;0
163;"15:00/21:00 (5X1)";220;0;110;44;7,33333;6;6;0;1;1;1;5;no;"";"NACIONAL";2;1;1;0;0;"NO";"CO";"RE";"FE";"";yes;0;0;1;1;0;"super";04/02/18;"123759";"           S";"";31/12/17;?;yes;no;75600;18000;0;0;no;0;0;0
164;"05:30/17:50 (6X1)";220;0;110;44;7,33333;7,33333;7;0;1;1;1;5;no;"";"NACIONAL";1;1;1;0;0;"CO";"FE";"NO";"RE";"";yes;0;0;1;1;0;"super";04/02/18;"123759";"           S";"";31/12/17;?;yes;no;75600;18000;0;0;no;0;0;0
165;"09:00/18:48";220;0;110;44;7,33333;8,8;7;0;1;1;1;1;no;"";"NACIONAL";1;1;1;0;0;"CO";"FE";"NO";"RE";"";yes;0;0;1;1;0;"super";04/02/18;"123759";"           S";"";31/12/17;?;yes;no;0;0;0;0;no;0;0;0
166;"05:15/16:58";220;0;110;44;9,03;8,8;7;0;1;1;1;5;no;"";"NACIONAL";1;1;1;0;0;"CO";"FE";"NO";"RE";"";yes;0;0;1;1;0;"super";04/02/18;"123759";"           S";"";31/12/17;?;yes;no;75600;18000;0;0;no;0;0;0
167;"05:15/15:38";220;0;110;44;7,43;8,8;7;0;1;1;1;5;no;"";"NACIONAL";1;1;1;0;0;"CO";"FE";"NO";"RE";"";yes;0;0;1;1;0;"super";04/02/18;"123759";"           S";"";31/12/17;?;yes;no;75600;18000;0;0;no;0;0;0
168;"05:00/18:00 (5X1)";220;0;110;44;7,03333;8;6;0;1;1;1;2;no;"";"NACIONAL";2;1;1;0;0;"CO";"FE";"NO";"RE";"";yes;0;0;1;1;0;"super";04/02/18;"123759";"           S";"";31/12/17;?;yes;no;75600;18000;0;0;no;0;0;0
169;"15:00/21:00 (6X1)";220;0;110;44;7,33333;6;7;0;1;1;1;5;no;"";"NACIONAL";2;1;1;0;0;"NO";"CO";"RE";"FE";"";yes;0;0;1;1;0;"super";04/02/18;"123759";"           S";"";31/12/17;?;yes;no;75600;18000;0;0;no;0;0;0
170;"16:00/00:20 (5X1)";220;0;110;44;7,33333;7,33333;6;1200;1;1;1;5;no;"";"NACIONAL";1;1;1;0;0;"NO";"CO";"FE";"RE";"";yes;0;0;1;1;0;"camila";01/05/18;"184519";"           ";"";?;?;yes;no;75600;18000;0;0;no;0;0;0
171;"05:20/13:40 (5X1)";220;0;110;44;7,33333;7,33333;6;0;1;1;1;5;no;"";"NACIONAL";2;1;1;0;0;"NO";"CO";"RE";"FE";"";yes;0;0;1;1;0;"super";04/02/18;"123759";"           S";"";31/12/17;?;yes;no;75600;18000;0;0;no;0;0;0
172;"05:20/13:40 (6X1)";220;0;110;44;7,33333;7,33333;7;0;1;1;1;5;no;"";"NACIONAL";1;1;1;0;0;"NO";"CO";"RE";"FE";"";yes;0;0;1;1;0;"super";04/02/18;"123759";"           S";"";31/12/17;?;yes;no;75600;18000;0;0;no;0;0;0
173;"16:00/00:40 (6X1)";220;0;110;44;7,33333;7,33333;7;18000;1;1;1;5;no;"";"NACIONAL";1;1;1;0;0;"NO";"CO";"RE";"FE";"";yes;0;0;1;1;0;"super";04/02/18;"123759";"           S";"";31/12/17;?;yes;no;75600;18000;0;0;no;0;0;0
174;"05:20/17:20 SAB COMP";220;0;110;44;7,33333;9;7;0;1;1;1;5;no;"";"NACIONAL";2;1;1;0;0;"NO";"CO";"RE";"FE";"";yes;0;0;1;1;0;"super";04/02/18;"123759";"           S";"";31/12/17;?;yes;no;75600;18000;0;0;no;0;0;0
175;"06:20/18:20 (6X1 GERAL)";220;0;110;44;7,33333;9;7;79200;1;1;1;5;no;"";"NACIONAL";1;1;1;0;0;"CO";"FE";"NO";"RE";"";yes;0;0;1;1;0;"super";04/02/18;"123759";"           S";"";31/12/17;?;yes;no;75600;18000;0;0;no;0;0;0
176;"07:00/15:20 (6X1) MS";220;0;110;44;7,33333;7,33333;7;25140;1;1;1;5;no;"";"NACIONAL";1;1;1;0;0;"CO";"FE";"NO";"RE";"";yes;0;0;1;1;0;"gmoreno";08/11/22;"170932";"           ";"                                                                                   S";?;?;yes;no;75600;18000;0;0;no;0;0;0
177;"07:00/15:20 (5X1) MS";220;0;110;44;7,33333;9;6;0;1;1;1;5;no;"";"NACIONAL";1;1;1;0;0;"CO";"FE";"NO";"RE";"";yes;0;0;1;1;0;"fabiano";24/08/15;"164857";"           ";"";?;?;yes;no;0;0;0;0;no;0;0;0
178;"19:00/03:20 (5X1) MS";220;0;110;44;7,33333;7,33333;6;33600;1;1;1;4;no;"";"NACIONAL";1;1;1;0;0;"CO";"FE";"NO";"RE";"";yes;0;0;1;1;0;"fabiano";03/09/15;"120119";"           ";"";?;?;yes;no;75600;18000;0;0;no;0;0;0
179;"19:00/03:20 (6X1) MS";220;0;110;44;7,33333;7,33333;7;33600;1;1;1;4;no;"";"NACIONAL";1;1;1;0;0;"CO";"FE";"NO";"RE";"";yes;0;0;1;1;0;"gmoreno";08/11/22;"170943";"           ";"                                                                                   S";?;?;yes;no;75600;18000;0;0;no;0;0;0
180;"08:00/17:48 (ADM) - MS";220;0;110;44;7,33333;8,8;7;0;1;1;1;1;no;"";"NACIONAL";1;1;1;0;0;"CO";"FE";"NO";"RE";"";yes;0;0;1;1;0;"gmoreno";08/11/22;"170948";"           ";"                                                                                   S";?;?;yes;no;0;0;0;0;no;0;0;0
181;"19:00/05:00 (5X1) MS";220;0;110;44;7,33333;7,33333;6;36000;1;1;1;4;no;"";"NACIONAL";1;1;1;0;0;"CO";"FE";"NO";"RE";"";yes;0;0;1;1;0;"fabiano";24/08/15;"170808";"           ";"";?;?;yes;no;75600;18000;0;0;no;0;0;0
182;"07:00/17:00 (5X1) MS";220;0;110;44;7,33333;9;6;79200;1;1;1;5;no;"";"NACIONAL";1;1;1;0;0;"CO";"FE";"NO";"RE";"";yes;0;0;1;1;0;"camila";02/05/18;"215240";"           S";"";02/05/18;?;yes;no;0;0;0;0;no;0;0;0
183;"07:00/17:00 (6X1) MS";220;0;110;44;7,33333;9;7;79200;1;1;1;5;no;"";"NACIONAL";1;1;1;0;0;"CO";"FE";"NO";"RE";"";yes;0;0;1;1;0;"super";04/02/18;"123759";"           S";"";31/12/17;?;yes;no;75600;18000;0;0;no;0;0;0
184;"19:00/05:00 (6X1) MS";220;0;110;44;7,33333;9;7;36000;1;1;1;4;no;"";"NACIONAL";1;1;1;0;0;"CO";"FE";"NO";"RE";"";yes;0;0;1;1;0;"super";04/02/18;"123759";"           S";"";31/12/17;?;yes;no;75600;18000;0;0;no;0;0;0
185;"13:00/21:20 (5X1) MS";220;0;110;44;7,33333;9;6;0;1;1;1;5;no;"";"NACIONAL";1;1;1;0;0;"CO";"FE";"NO";"RE";"";yes;0;0;1;1;0;"super";04/02/18;"123759";"           S";"";31/12/17;?;yes;no;75600;18000;0;0;no;0;0;0
186;"07:30/17:00 - MS";220;0;110;44;7,33333;8,8;7;0;1;1;1;1;no;"";"NACIONAL";1;1;1;0;0;"CO";"FE";"NO";"RE";"";yes;0;0;1;1;0;"super";04/02/18;"123759";"           S";"";31/12/17;?;yes;no;0;0;0;0;no;0;0;0
187;"10:00/18:20 (GERAL 5X1)";220;0;110;44;7,33333;9;6;36000;1;1;1;5;no;"";"NACIONAL";1;1;1;0;0;"CO";"FE";"NO";"RE";"";yes;0;0;1;1;0;"ellen";28/03/19;"181233";"           ";"";?;?;yes;no;0;0;0;0;no;0;0;0
188;"18:20/02:40 (GERAL 5X1)";220;0;110;44;7,33333;9;6;0;1;1;1;5;no;"";"NACIONAL";1;1;1;0;0;"CO";"FE";"NO";"RE";"";yes;0;0;1;1;0;"super";04/02/18;"123759";"           S";"";31/12/17;?;yes;no;0;0;0;0;no;0;0;0
189;"18:20/02:00 (6X1)";220;0;110;44;7,33333;7,33333;7;18000;1;1;1;5;no;"";"NACIONAL";1;1;1;0;0;"NO";"CO";"RE";"FE";"";yes;0;0;1;1;0;"super";04/02/18;"123759";"           S";"";31/12/17;?;yes;no;75600;18000;0;0;no;0;0;0
190;"20:00/06:00 (5X1 GERAL)";220;0;110;44;7,33333;7,33333;6;36000;1;1;1;4;no;"";"NACIONAL";1;1;1;0;0;"CO";"FE";"NO";"RE";"";yes;0;0;1;1;0;"super";04/02/18;"123759";"           S";"";31/12/17;?;yes;no;75600;18000;0;0;no;0;0;0
191;"18:20 as 02:00 (almox)";220;0;110;44;7,33333;7,33333;6;22800;1;1;1;5;no;"";"NACIONAL";2;1;1;0;0;"CO";"FE";"NO";"RE";"";yes;0;0;1;1;0;"super";04/02/18;"123759";"           S";"";31/12/17;?;yes;no;75600;18000;0;0;no;0;0;0
192;"05:00/13:20 (5X1 NOVO)";220;0;110;44;7,33333;7,33333;6;33600;1;1;1;1;no;"";"NACIONAL";2;1;1;0;0;"CO";"FE";"NO";"RE";"";yes;0;0;1;1;0;"super";04/02/18;"123759";"           S";"";31/12/17;?;yes;no;75600;18000;0;0;no;0;0;0
193;"07:00/15:20 (5X1 NOVO)";220;0;110;44;7,33333;7,33333;6;33600;1;1;1;1;no;"";"NACIONAL";1;1;1;0;0;"CO";"FE";"NO";"RE";"";yes;0;0;1;1;0;"gmoreno";08/11/22;"170958";"           ";"                                                                                   S";?;?;yes;no;75600;18000;0;0;no;0;0;0
194;"09:00/17:20 (5X1 NOVO)";220;0;110;44;7,33333;7,33333;6;33600;1;1;1;1;no;"";"NACIONAL";1;1;1;0;0;"CO";"FE";"NO";"RE";"";yes;0;0;1;1;0;"gmoreno";26/04/23;"164652";"           ";"                                                                                   N";?;?;yes;no;0;0;0;0;no;0;0;0
195;"11:00/19:20 (5X1 NOVO)";220;0;110;44;7,33333;7,33333;6;33600;1;1;1;1;no;"";"NACIONAL";1;1;1;0;0;"CO";"FE";"NO";"RE";"";yes;0;0;1;1;0;"super";04/02/18;"123759";"           S";"";31/12/17;?;yes;no;0;0;0;0;no;0;0;0
196;"13:00/21:20 (5X1 NOVO)";220;0;110;44;7,33333;9;6;33600;1;1;1;5;no;"";"NACIONAL";1;1;1;0;0;"CO";"FE";"NO";"RE";"";yes;0;0;1;1;0;"super";04/02/18;"123759";"           S";"";31/12/17;?;yes;no;75600;18000;0;0;no;0;0;0
197;"17:00/01:20 (5X1 NOVO)";220;0;110;44;7,33333;9;6;33600;1;1;1;5;no;"";"NACIONAL";1;1;1;0;0;"CO";"FE";"NO";"RE";"";yes;0;0;1;1;0;"fabiano";20/01/16;"160714";"           ";"";?;?;yes;no;75600;18000;0;0;no;0;0;0
198;"19:00/03:20 (5X1 NOVO)";220;0;110;44;7,33333;7,33333;6;33600;1;1;1;4;no;"";"NACIONAL";1;1;1;0;0;"CO";"FE";"NO";"RE";"";yes;0;0;1;1;0;"gmoreno";08/11/22;"171009";"           ";"                                                                                   S";?;?;yes;no;75600;18000;0;0;no;0;0;0
199;"21:00/05:20 (5X1 NOVO)";220;0;110;44;7,33333;9;6;36000;1;1;1;4;no;"";"NACIONAL";1;1;1;0;0;"CO";"FE";"NO";"RE";"";yes;0;0;1;1;0;"fabiano";02/03/16;"063018";"           ";"";?;?;yes;no;75600;18000;0;0;no;0;0;0
200;"23:00/07:20 (5X1 NOVO)";220;0;110;44;7,33333;9;6;33600;1;1;1;5;no;"";"NACIONAL";1;1;1;0;0;"CO";"FE";"NO";"RE";"";yes;0;0;1;1;0;"super";04/02/18;"123759";"           S";"";31/12/17;?;yes;no;75600;18000;0;0;no;0;0;0
201;"01:00/09:20 (5X1 NOVO)";220;0;110;44;7,33333;7,33333;6;33600;1;1;1;1;no;"";"NACIONAL";1;1;1;0;0;"CO";"FE";"NO";"RE";"";yes;0;0;1;1;0;"super";04/02/18;"123759";"           S";"";31/12/17;?;yes;no;75600;18000;0;0;no;0;0;0
202;"05:00/13:20 (5X1 NOVO - MS)";220;0;110;44;7,33333;7,33333;6;33600;1;1;1;1;no;"";"NACIONAL";2;1;1;0;0;"CO";"FE";"NO";"RE";"";yes;0;0;1;1;0;"msantos";04/09/18;"180535";"           ";"";?;?;yes;no;75600;18000;0;0;no;0;0;0
203;"07:00/15:20 (5X1 NOVO - MS)";220;0;110;44;7,33333;7,33333;6;33600;1;1;1;1;no;"";"NACIONAL";1;1;1;0;0;"CO";"FE";"NO";"RE";"";yes;0;0;1;1;0;"ellen";11/01/19;"155846";"           ";"";?;?;yes;no;0;0;0;0;no;0;0;0
204;"09:00/17:20 (5X1 NOVO - MS)";220;0;110;44;7,33333;7,33333;6;33600;1;1;1;1;no;"";"NACIONAL";1;1;1;0;0;"CO";"FE";"NO";"RE";"";yes;0;0;1;1;0;"super";04/02/18;"123759";"           S";"";31/12/17;?;yes;no;0;0;0;0;no;0;0;0
205;"11:00/19:20 (5X1 NOVO - MS)";220;0;110;44;7,33333;7,33333;6;33600;1;1;1;1;no;"";"NACIONAL";1;1;1;0;0;"CO";"FE";"NO";"RE";"";yes;0;0;1;1;0;"super";04/02/18;"123759";"           S";"";31/12/17;?;yes;no;0;0;0;0;no;0;0;0
206;"13:00/21:20 (5X1 NOVO - MS)";220;0;110;44;7,33333;9;6;33600;1;1;1;5;no;"";"NACIONAL";1;1;1;0;0;"CO";"FE";"NO";"RE";"";yes;0;0;1;1;0;"super";04/02/18;"123759";"           S";"";31/12/17;?;yes;no;75600;18000;0;0;no;0;0;0
207;"15:20/23:20 (5x1 NOVO - MS)";220;0;110;44;7,33333;7,33333;6;22800;1;1;1;5;no;"";"NACIONAL";1;1;1;0;0;"NO";"CO";"RE";"FE";"";yes;0;0;1;1;0;"ellen";11/01/19;"155708";"           ";"";?;?;yes;no;75600;18000;0;0;no;0;0;0
208;"17:00/01:20 (5X1 NOVO - MS)";220;0;110;44;7,33333;9;6;33600;1;1;1;5;no;"";"NACIONAL";1;1;1;0;0;"CO";"FE";"NO";"RE";"";yes;0;0;1;1;0;"fabiano";22/02/16;"173212";"           ";"";?;?;yes;no;75600;18000;0;0;no;0;0;0
209;"19:00/03:20 (5X1 NOVO - MS)";220;0;110;44;7,33333;7,33333;6;33600;1;1;1;4;no;"";"NACIONAL";1;1;1;0;0;"CO";"FE";"NO";"RE";"";yes;0;0;1;1;0;"fabiano";22/02/16;"174038";"           ";"";?;?;yes;no;75600;18000;0;0;no;0;0;0
210;"21:00/05:20 (5X1 NOVO - MS)";220;0;110;44;7,33333;7,33333;6;33600;1;1;1;4;no;"";"NACIONAL";1;1;1;0;0;"CO";"FE";"NO";"RE";"";yes;0;0;1;1;0;"fabiano";22/02/16;"174457";"           ";"";?;?;yes;no;75600;18000;0;0;no;0;0;0
211;"23:00/07:20 (5X1 NOVO - MS)";220;0;110;44;7,33333;9;6;33600;1;1;1;5;no;"";"NACIONAL";1;1;1;0;0;"CO";"FE";"NO";"RE";"";yes;0;0;1;1;0;"super";04/02/18;"123759";"           S";"";31/12/17;?;yes;no;75600;18000;0;0;no;0;0;0
212;"01:00/09:20 (5X1 NOVO - MS)";220;0;110;44;7,33333;7,33333;6;33600;1;1;1;1;no;"";"NACIONAL";1;1;1;0;0;"CO";"FE";"NO";"RE";"";yes;0;0;1;1;0;"ellen";04/03/19;"193108";"           ";"";?;?;yes;no;75600;18000;0;0;no;0;0;0
213;"03:00/11:20 (5X1 NOVO - MS)";220;0;110;44;7,33333;7,33333;6;0;1;1;1;1;no;"";"NACIONAL";1;1;1;0;0;"CO";"FE";"NO";"RE";"";yes;0;0;1;1;0;"super";04/02/18;"123759";"           S";"";31/12/17;?;yes;no;75600;18000;0;0;no;0;0;0
214;"15:20/23:20 (5x1 NOVO)";220;0;110;44;7,33333;7,33333;6;0;1;1;1;5;no;"";"NACIONAL";1;1;1;0;0;"NO";"CO";"RE";"FE";"";yes;0;0;1;1;0;"super";04/02/18;"123759";"           S";"";31/12/17;?;yes;no;75600;18000;0;0;no;0;0;0
215;"15:20/23:20 (5x1 NOVO - MS)";220;0;110;44;7,33333;7,33333;6;0;1;1;1;5;no;"";"NACIONAL";1;1;1;0;0;"NO";"CO";"RE";"FE";"";yes;0;0;1;1;0;"super";04/02/18;"123759";"           S";"";31/12/17;?;yes;no;75600;18000;0;0;no;0;0;0
216;"14:00/22:20 (5x1 NOVO)";220;0;110;44;7,33333;9;6;0;1;1;1;5;no;"";"NACIONAL";1;1;1;0;0;"NO";"CO";"RE";"FE";"";yes;0;0;1;1;0;"fabiano";02/03/16;"091751";"           ";"";?;?;yes;no;75600;18000;0;0;no;0;0;0
217;"06:00/14:20 (5x1 NOVO)";220;0;110;44;7,33333;9;6;0;1;1;1;5;no;"";"NACIONAL";1;1;1;0;0;"NO";"CO";"RE";"FE";"";yes;0;0;1;1;0;"camila";03/08/18;"162218";"           ";"";?;?;yes;no;75600;18000;0;0;no;0;0;0
218;"07:00/15:00 (NOVO - MS)";220;0;110;44;7,33333;7,33333;6;75600;1;1;1;5;no;"";"NACIONAL";1;1;1;0;0;"CO";"FE";"NO";"RE";"";yes;0;0;1;1;0;"super";04/02/18;"123759";"           S";"";31/12/17;?;yes;no;0;0;0;0;no;0;0;0
219;"15:00/23:00 (5X1 NOVO - MS)";220;0;110;44;7,33333;7,33333;6;54000;1;1;1;5;no;"";"NACIONAL";1;1;1;0;0;"CO";"FE";"NO";"RE";"";yes;0;0;1;1;0;"super";04/02/18;"123759";"           S";"";31/12/17;?;yes;no;75600;18000;0;0;no;0;0;0
220;"23:00/07:00 (5X1 NOVO - MS)";220;0;110;44;7,33333;7,33333;6;82800;1;1;1;5;no;"";"NACIONAL";1;1;1;0;0;"CO";"FE";"NO";"RE";"";yes;0;0;1;1;0;"camila";22/05/18;"091934";"           S";"";22/05/18;?;yes;no;75600;18000;0;0;no;0;0;0
221;"07:00/15:20 (6X1) rural";220;0;110;44;7,33333;7,33333;7;0;1;1;1;5;no;"";"NACIONAL";1;1;1;0;0;"CO";"FE";"NO";"RE";"";yes;0;0;1;1;0;"super";04/02/18;"123759";"           S";"";31/12/17;?;yes;no;75600;18000;0;0;no;0;0;0
222;"APRENDIZ 13:00/17:00";156;0;78;26;4;4;7;0;1;1;1;2;no;"";"NACIONAL";1;1;1;0;0;"RE";"CO";"FE";"NO";"";yes;0;0;1;1;0;"gmoreno";30/09/19;"153712";"           ";"";?;?;yes;no;75600;18000;0;0;no;0;0;0
223;"APRENDIZ 08:00/12:00";120;0;60;20;4;4;7;43200;1;1;1;2;yes;"";"NACIONAL";1;1;1;0;0;"CO";"FE";"NO";"RE";"";yes;0;0;1;1;0;"super";03/02/18;"101757";"           ";"";?;?;yes;no;0;0;0;0;no;0;0;0
224;"09:00/17:00 (5X1 novo)";220;0;110;44;7,33333;7,33333;6;75600;1;1;1;5;no;"";"NACIONAL";1;1;1;0;0;"CO";"FE";"NO";"RE";"";yes;0;0;1;1;0;"super";04/02/18;"123759";"           S";"";31/12/17;?;yes;no;0;0;0;0;no;0;0;0
225;"17:00/01:00 (5X1 novo)";220;0;110;44;7,33333;7,33333;6;54000;1;1;1;5;no;"";"NACIONAL";1;1;1;0;0;"CO";"FE";"NO";"RE";"";yes;0;0;1;1;0;"super";04/02/18;"123759";"           S";"";31/12/17;?;yes;no;75600;18000;0;0;no;0;0;0
226;"01:00/09:00 (5X1 novo)";220;0;110;44;7,33333;7,33333;6;32400;1;1;1;5;no;"";"NACIONAL";1;1;1;0;0;"CO";"FE";"NO";"RE";"";yes;0;0;1;1;0;"ellen";10/05/19;"111751";"           ";"";?;?;yes;no;75600;18000;0;0;no;0;0;0
227;"06:00/14:00 (5X1 novo)";220;0;110;44;7,33333;7,33333;6;75600;1;1;1;5;no;"";"NACIONAL";1;1;1;0;0;"CO";"FE";"NO";"RE";"";yes;0;0;1;1;0;"super";04/02/18;"123759";"           S";"";31/12/17;?;yes;no;0;0;0;0;no;0;0;0
228;"14:00/22:00 (5X1 novo)";220;0;110;44;7,33333;7,33333;6;54000;1;1;1;5;no;"";"NACIONAL";1;1;1;0;0;"CO";"FE";"NO";"RE";"";yes;0;0;1;1;0;"super";04/02/18;"123759";"           S";"";31/12/17;?;yes;no;75600;18000;0;0;no;0;0;0
229;"22:00/06:00 (5X1 novo)";220;0;110;44;7,33333;7,33333;6;82800;1;1;1;5;no;"";"NACIONAL";1;1;1;0;0;"CO";"FE";"NO";"RE";"";yes;0;0;1;1;0;"super";04/02/18;"123759";"           S";"";31/12/17;?;yes;no;75600;18000;0;0;no;0;0;0
230;"02:00/10:20 (6X1)";220;0;110;44;7,33333;7,33333;7;58800;1;1;1;1;no;"";"NACIONAL";1;1;1;0;0;"CO";"FE";"NO";"RE";"";yes;0;0;1;1;0;"super";04/02/18;"123759";"           S";"";31/12/17;?;yes;no;75600;18000;0;0;no;0;0;0
231;"17:20/01:40 (6x1 DOM) MS";220;0;110;44;7,33333;7,33333;7;27600;1;1;1;5;no;"";"NACIONAL";1;1;1;0;0;"NO";"CO";"RE";"FE";"";yes;0;0;1;1;0;"fabiano";22/03/16;"094224";"           ";"";?;?;yes;no;75600;18000;0;0;no;0;0;0
232;"07:00/16:00 (Oficina MS)";220;0;110;44;7,33333;9;7;36000;1;1;1;1;no;"";"NACIONAL";2;1;1;0;0;"CO";"FE";"NO";"RE";"";yes;0;0;1;1;0;"fabiano";04/04/16;"082156";"           ";"";?;?;yes;no;0;0;0;0;no;0;0;0
233;"02:00/10:20 (6X1) MS";220;0;110;44;7,33333;7,33333;7;58800;1;1;1;1;no;"";"NACIONAL";1;1;1;0;0;"CO";"FE";"NO";"RE";"";yes;0;0;1;1;0;"super";04/02/18;"123759";"           S";"";31/12/17;?;yes;no;75600;18000;0;0;no;0;0;0
234;"15:00 AS 23;00 (01:00)";220;0;110;44;7,33333;7,33333;6;82800;1;1;1;4;no;"";"NACIONAL";1;1;1;0;0;"NO";"CO";"RE";"FE";"";yes;0;0;1;1;0;"super";04/02/18;"123759";"           S";"";31/12/17;?;yes;no;75600;18000;0;0;no;0;0;0
235;"15:00/23:00 (6X1 NOVO - MS)";220;0;110;44;7,33333;7,33333;7;54000;1;1;1;5;no;"";"NACIONAL";1;1;1;0;0;"CO";"FE";"NO";"RE";"";yes;0;0;1;1;0;"super";04/02/18;"123759";"           S";"";31/12/17;?;yes;no;75600;18000;0;0;no;0;0;0
236;"07:00/15:00 (6x1 NOVO) - MS";220;0;110;44;7,33333;7,33333;7;54000;1;1;1;5;no;"";"NACIONAL";1;1;1;0;0;"CO";"FE";"NO";"RE";"";yes;0;0;1;1;0;"super";04/02/18;"123759";"           S";"";31/12/17;?;yes;no;0;0;0;0;no;0;0;0
237;"23:00/07:20 (6X1 NOVO) - MS";220;0;110;44;7,33333;9;7;33600;1;1;1;5;no;"";"NACIONAL";1;1;1;0;0;"CO";"FE";"NO";"RE";"";yes;0;0;1;1;0;"super";04/02/18;"123759";"           S";"";31/12/17;?;yes;no;75600;18000;0;0;no;0;0;0
238;"09:00/17:00 (6x1 NOVO) - MS";220;0;110;44;7,33333;7,33333;7;61200;1;1;1;5;no;"";"NACIONAL";1;1;1;0;0;"CO";"FE";"NO";"RE";"";yes;0;0;1;1;0;"super";04/02/18;"123759";"           S";"";31/12/17;?;yes;no;0;0;0;0;no;0;0;0
239;"04:30/12:50 (GERAL 5X1)";220;0;110;44;7,33333;9;6;0;1;1;1;5;no;"";"NACIONAL";1;1;1;0;0;"CO";"FE";"NO";"RE";"";yes;0;0;1;1;0;"super";04/02/18;"123759";"           S";"";31/12/17;?;yes;no;0;0;0;0;no;0;0;0
240;"16:30/00:50 (GERAL 5X1)";220;0;110;44;7,33333;9;6;0;1;1;1;5;no;"";"NACIONAL";1;1;1;0;0;"CO";"FE";"NO";"RE";"";yes;0;0;1;1;0;"super";04/02/18;"123759";"           S";"";31/12/17;?;yes;no;75600;18000;0;0;no;0;0;0
241;"20:00/06:00 (6X1)";220;0;110;44;7,33333;7,33333;7;0;1;1;1;4;no;"";"NACIONAL";1;1;1;0;0;"CO";"FE";"NO";"RE";"";yes;0;0;1;1;0;"super";04/02/18;"123759";"           S";"";31/12/17;?;yes;no;75600;18000;0;0;no;0;0;0
242;"16:00/00:20 (6X1)";220;0;110;44;7,33333;7,33333;7;14400;1;1;1;5;no;"";"NACIONAL";1;1;1;0;0;"NO";"CO";"FE";"RE";"";yes;0;0;1;1;0;"super";04/02/18;"123759";"           S";"";31/12/17;?;yes;no;75600;18000;0;0;no;0;0;0
243;"21:00/05:20 (6X1 NOVO)";220;0;110;44;7,33333;9;7;36000;1;1;1;4;no;"";"NACIONAL";1;1;1;0;0;"CO";"FE";"NO";"RE";"";yes;0;0;1;1;0;"fabiano";20/06/16;"160129";"           ";"";?;?;yes;no;75600;18000;0;0;no;0;0;0
244;"21:00/05:20 (6X1 NOVO) MS";220;0;110;44;7,33333;9;7;36000;1;1;1;4;no;"";"NACIONAL";1;1;1;0;0;"CO";"FE";"NO";"RE";"";yes;0;0;1;1;0;"msantos";05/09/18;"165818";"           ";"";?;?;yes;no;75600;18000;0;0;no;0;0;0
245;"23:00/07:00 (6X1 NOVO)";220;0;110;44;7,33333;7,33333;7;82800;1;1;1;5;no;"";"NACIONAL";1;1;1;0;0;"CO";"FE";"NO";"RE";"";yes;0;0;1;1;0;"super";04/02/18;"123759";"           S";"";31/12/17;?;yes;no;75600;18000;0;0;no;0;0;0
246;"11:00/19:20 (6X1 NOVO - MS)";220;0;110;44;7,33333;7,33333;7;33600;1;1;1;1;no;"";"NACIONAL";1;1;1;0;0;"CO";"FE";"NO";"RE";"";yes;0;0;1;1;0;"super";04/02/18;"123759";"           S";"";31/12/17;?;yes;no;0;0;0;0;no;0;0;0
247;"05:30/13:30 (6X1 NOVO - MS)";220;0;110;44;7,33333;7,33333;7;33600;1;1;1;1;no;"";"NACIONAL";2;1;1;0;0;"CO";"FE";"NO";"RE";"";yes;0;0;1;1;0;"ellen";28/07/16;"105422";"           ";"";?;?;yes;no;75600;18000;0;0;no;0;0;0
248;"07:30 as 17:30 LABORATORIO";220;0;110;44;7,33333;8,8;7;0;1;1;1;1;no;"";"NACIONAL";1;1;1;0;0;"CO";"FE";"NO";"RE";"";yes;0;0;1;1;0;"fabiano";04/08/16;"162706";"           ";"";?;?;yes;no;0;0;0;0;no;0;0;0
249;"11:00/19:20 (6X1 - MS)";220;0;110;44;7,33333;7,33333;7;33600;1;1;1;1;no;"";"NACIONAL";1;1;1;0;0;"CO";"FE";"NO";"RE";"";yes;0;0;1;1;0;"super";04/02/18;"123759";"           S";"";31/12/17;?;yes;no;75600;18000;0;0;no;0;0;0
250;"20:00/06:00 (6X1)";220;0;110;44;7,33333;7,33333;7;0;1;1;1;4;no;"";"NACIONAL";1;1;1;0;0;"CO";"FE";"NO";"RE";"";yes;0;0;1;1;0;"super";04/02/18;"123759";"           S";"";31/12/17;?;yes;no;75600;18000;0;0;no;0;0;0
251;"13:30/23:30 (GERAL 5X1-onibus)";220;0;110;44;7,33333;9;6;0;1;1;1;5;no;"";"NACIONAL";1;1;2;0;0;"CO";"FE";"NO";"RE";"";yes;0;0;1;1;0;"camila";03/09/18;"141537";"           S";"";03/09/18;?;yes;no;75600;18000;0;0;no;0;0;0
252;"07:30/17:18";220;0;110;44;7,33333;8,8;7;0;1;1;1;1;no;"";"nacional";1;1;1;0;0;"co";"fe";"no";"re";"";yes;0;0;1;1;0;"super";04/02/18;"123759";"           S";"";31/12/17;?;yes;no;0;0;0;0;no;0;0;0
253;"07:00/17:18";220;0;110;44;7,33333;8,8;7;0;1;1;1;1;no;"";"nacional";1;1;1;0;0;"co";"fe";"no";"re";"";yes;0;0;1;1;0;"ellen";07/01/17;"120430";"           ";"";?;?;yes;no;0;0;0;0;no;0;0;0
254;"23:00/07:00 (5X1 - MS)-toleran";220;0;110;44;7,33333;7,33333;6;82800;1;1;1;5;no;"";"NACIONAL";1;1;1;0;0;"CO";"FE";"NO";"RE";"";yes;0;0;1;1;0;"super";04/02/18;"123759";"           S";"";31/12/17;?;yes;no;75600;18000;0;0;no;0;0;0
255;"15:00/23:00 (5X1 - MS) toleran";220;0;110;44;7,33333;7,33333;6;54000;1;1;1;5;no;"";"NACIONAL";1;1;1;0;0;"CO";"FE";"NO";"RE";"";yes;0;0;1;1;0;"super";04/02/18;"123759";"           S";"";31/12/17;?;yes;no;75600;18000;0;0;no;0;0;0
256;"07:00/15:00 (5x1 - MS) toleran";220;0;110;44;7,33333;7,33333;6;75600;1;1;1;5;no;"";"NACIONAL";1;1;1;0;0;"CO";"FE";"NO";"RE";"";yes;0;0;1;1;0;"super";04/02/18;"123759";"           S";"";31/12/17;?;yes;no;0;0;0;0;no;0;0;0
257;"06:30/16:30";220;0;110;44;7,33333;8,8;7;0;1;1;1;1;no;"";"nacional";1;1;1;0;0;"co";"fe";"no";"re";"";yes;0;0;1;1;0;"fabiano";05/09/16;"093728";"           ";"";?;?;yes;no;75600;18000;0;0;no;0;0;0
258;"23:00 AS 07:20 MS";220;0;110;44;7,33333;7,33333;6;26400;1;1;1;4;yes;"";"NACIONAL";1;1;1;0;0;"CO";"FE";"NO";"RE";"";yes;0;0;1;1;0;"ellen";18/01/19;"082807";"           ";"";?;?;yes;no;75600;18000;0;0;no;0;0;0
259;"15:00 AS 23:20 MS";220;0;110;44;7,33333;7,33333;6;84000;1;1;1;1;yes;"";"NACIONAL";1;1;1;0;0;"CO";"FE";"NO";"RE";"";yes;0;0;1;1;0;"ellen";11/01/19;"154912";"           S";"";31/12/18;?;yes;no;75600;18000;0;0;no;0;0;0
260;"07:00 AS 15:20 MS";220;0;110;44;7,33333;7,33333;6;55200;1;1;1;1;yes;"";"NACIONAL";1;1;1;0;0;"CO";"FE";"NO";"RE";"";yes;0;0;1;1;0;"ellen";11/01/19;"155814";"           S";"";31/12/18;?;yes;no;75600;18000;0;0;no;0;0;0
261;"07:00 AS 15:20 SP";220;0;110;44;7,33333;7,33333;6;55200;1;1;1;1;yes;"";"NACIONAL";1;1;1;0;0;"CO";"FE";"NO";"RE";"";yes;0;0;1;1;0;"ellen";11/01/19;"105137";"           S";"";31/12/18;?;yes;no;75600;18000;0;0;no;0;0;0
262;"15:00 AS 23:20 SP";220;0;110;44;7,33333;7,33333;6;84000;1;1;1;1;yes;"";"NACIONAL";1;1;1;0;0;"CO";"FE";"NO";"RE";"";yes;0;0;1;1;0;"ellen";11/01/19;"114031";"           S";"";31/12/18;?;yes;no;75600;18000;0;0;no;0;0;0
263;"23:00 AS 07:20 SP";220;0;110;44;7,33333;7,33333;6;82740;1;1;1;5;no;"";"NACIONAL";1;1;1;0;0;"CO";"FE";"NO";"RE";"";yes;0;0;1;1;0;"ellen";01/02/19;"152554";"           ";"";?;?;yes;no;75600;18000;0;0;no;0;0;0
264;"13:00 AS 14:00";15;0;7;3;1;1;7;50400;1;1;1;2;yes;"";"NACIONAL";1;1;1;0;0;"CO";"FE";"NO";"RE";"";yes;0;0;1;1;0;"ellen";20/06/19;"085919";"           ";"";?;?;yes;no;0;0;0;0;no;0;0;0
265;"13:30 AS 23:30 - 5X1";220;0;110;44;7,33333;7,33333;6;82800;1;1;1;5;yes;"";"NACIONAL";1;1;2;0;0;"CO";"FE";"NO";"RE";"";yes;0;0;1;1;0;"ellen";06/08/18;"105412";"           ";"";?;?;yes;no;75600;18000;0;0;no;0;0;0
266;"23:00 AS 07:20 MS 6X1";220;0;110;44;7,33333;7,33333;7;62400;1;1;1;1;no;"";"NACIONAL";2;1;1;0;0;"CO";"FE";"NO";"RE";"";yes;0;0;1;1;0;"ellen";12/08/19;"155127";"           ";"";?;?;yes;no;75600;18000;0;0;no;0;0;0
267;"05:30/13:30 (5X1)MS";220;0;110;44;7,33333;7,33333;6;33600;1;1;1;1;no;"";"NACIONAL";2;1;1;0;0;"CO";"FE";"NO";"RE";"";yes;0;0;1;1;0;"fabiano";02/12/16;"160423";"           ";"";?;?;yes;no;75600;18000;0;0;no;0;0;0
268;"APRENDIZ 08:00/17:30";220;0;110;40;8;8;7;0;1;1;1;1;no;"";"NACIONAL";2;1;1;0;0;"CO";"FE";"NO";"RE";"";yes;0;0;1;1;0;"ellen";09/01/17;"084942";"           ";"";?;?;yes;no;0;0;0;0;no;0;0;0
269;"07:00/16:48 (OFICINA SP)";220;0;110;44;7,33333;8,8;7;0;1;1;1;1;no;"";"NACIONAL";2;1;1;0;0;"CO";"FE";"NO";"RE";"";yes;0;0;1;1;0;"ellen";11/01/17;"173715";"           ";"";?;?;yes;no;0;0;0;0;no;0;0;0
270;"15:00 as 23:20 - 6x1 MS";220;0;110;44;7,33333;7,33333;7;0;1;1;1;5;no;"";"NACIONAL";1;1;1;0;0;"CO";"FE";"NO";"RE";"";yes;0;0;1;1;0;"super";04/02/18;"123759";"           S";"";31/12/17;?;yes;no;75600;18000;0;0;no;0;0;0
271;"05:00/15:00 5x1 MS";220;0;110;44;7,33333;7,33333;6;0;1;1;1;5;no;"";"nacional";1;1;1;0;0;"NO";"RE";"FE";"CO";"";yes;0;0;1;1;0;"super";23/03/17;"101523";"           ";"";?;?;yes;no;0;0;0;0;no;0;0;0
272;"05:00/14:20 (6X1 MS)";220;0;110;44;7,33333;7,33333;7;0;1;1;1;1;no;"";"NACIONAL";1;1;1;0;0;"CO";"FE";"NO";"RE";"";yes;0;0;1;1;0;"gmoreno";20/04/20;"155954";"           ";"";?;?;yes;no;75600;18000;0;0;no;0;0;0
273;"07:00/16:30 (Adm 2 MS)";220;0;110;44;7,33333;9;7;36000;1;1;1;1;no;"";"NACIONAL";2;1;1;0;0;"CO";"FE";"NO";"RE";"";yes;0;0;1;1;0;"fabiano";12/04/17;"172824";"           ";"";?;?;yes;no;75600;18000;0;0;no;0;0;0
274;"15:00/23:20 6X1 SP";220;0;110;44;7,33333;7,33333;7;0;1;1;1;5;no;"";"NACIONAL";1;1;1;0;0;"NO";"CO";"RE";"FE";"";yes;0;0;1;1;0;"super";24/04/17;"133631";"           ";"";?;?;yes;no;75600;18000;0;0;no;0;0;0
275;"23:00 AS 07:20 6X1 SP";220;0;110;44;7,33333;7,33333;7;26400;1;1;1;1;yes;"";"NACIONAL";1;1;1;0;0;"CO";"FE";"NO";"RE";"";yes;0;0;1;1;0;"super";26/04/17;"171543";"           ";"";?;?;yes;no;75600;18000;0;0;no;0;0;0
276;"23:00 AS 07:20 6X1 MS";220;0;110;44;7,33333;7,33333;7;26400;1;1;1;1;yes;"";"NACIONAL";1;1;1;0;0;"CO";"FE";"NO";"RE";"";yes;0;0;1;1;0;"super";26/04/17;"171714";"           ";"";?;?;yes;no;75600;18000;0;0;no;0;0;0
277;"15:00/23:20 6X1 MS";220;0;110;44;7,33333;7,33333;7;53940;1;1;1;5;no;"";"NACIONAL";1;1;1;0;0;"NO";"CO";"RE";"FE";"";yes;0;0;1;1;0;"ellen";01/02/19;"150729";"           ";"";?;?;yes;no;75600;18000;0;0;no;0;0;0
278;"05:00/14:20 (5X1 MS) Coletivo";220;0;110;44;7,33333;7,33333;6;0;1;1;1;1;no;"";"NACIONAL";1;1;1;0;0;"CO";"FE";"NO";"RE";"";yes;0;0;1;1;0;"super";04/02/18;"123759";"           S";"";31/12/17;?;yes;no;75600;18000;0;0;no;0;0;0
279;"18:00/02:20 (5X1- MS)";220;0;110;44;7,33333;7,33333;6;33600;1;1;1;4;no;"";"NACIONAL";1;1;1;0;0;"CO";"FE";"NO";"RE";"";yes;0;0;1;1;0;"super";04/02/18;"123759";"           S";"";31/12/17;?;yes;no;75600;18000;0;0;no;0;0;0
280;"07:00/16:48 (OFICINA MS)";220;0;110;44;7,33333;8,8;7;0;1;1;1;1;no;"";"NACIONAL";2;1;1;0;0;"CO";"FE";"NO";"RE";"";yes;0;0;1;1;0;"camila";09/01/18;"085342";"           ";"";?;?;yes;no;75600;18000;0;0;no;0;0;0
281;"08:00/12:00 APRENDIZ";120;0;60;20;4;4;7;43200;1;1;1;2;yes;"";"NACIONAL";1;1;1;0;0;"CO";"FE";"NO";"RE";"";yes;0;0;1;1;0;"gmoreno";08/11/22;"171019";"           ";"                                                                                   S";?;?;yes;no;0;0;0;0;no;0;0;0
282;"07:00/17:00 (sab ate 11:00)";220;0;110;44;7,33333;9;7;61200;1;1;1;1;no;"";"nacional";2;1;1;0;0;"co";"fe";"no";"re";"";yes;0;0;1;1;0;"super";26/03/18;"092312";"           ";"";?;?;yes;no;0;0;0;0;no;0;0;0
283;"07:00/15:20 5X1";220;0;110;44;7,33333;7,33333;6;55200;1;1;1;1;yes;"";"NACIONAL";2;1;1;0;0;"CO";"FE";"NO";"RE";"";yes;0;0;1;1;0;"camila";22/05/18;"092925";"           S";"";22/05/18;?;yes;no;0;0;0;0;no;0;0;0
284;"07:00/15:20 5X1";220;0;110;44;7,33333;7,33333;6;55200;1;1;1;1;yes;"";"NACIONAL";2;1;1;0;0;"CO";"FE";"NO";"RE";"";yes;0;0;1;1;0;"camila";04/04/18;"145808";"           ";"";?;?;yes;no;0;0;0;0;no;0;0;0
285;"15:00/23:20 5X1";220;0;110;44;7,33333;7,33333;6;84000;1;1;1;1;yes;"";"NACIONAL";2;1;1;0;0;"CO";"FE";"NO";"RE";"";yes;0;0;1;1;0;"ellen";11/01/19;"113957";"           ";"";?;?;yes;no;75600;18000;0;0;no;0;0;0
286;"07:00/15:20 5X1";220;0;110;44;7,33333;7,33333;6;55200;1;1;1;1;yes;"";"NACIONAL";2;1;1;0;0;"CO";"FE";"NO";"RE";"";yes;0;0;1;1;0;"gmoreno";08/11/22;"171028";"           ";"                                                                                   S";?;?;yes;no;0;0;0;0;no;0;0;0
287;"15:00/23:20 5x1 GO";220;0;110;44;7,33333;7,33333;6;84000;1;1;1;5;no;"";"NACIONAL";1;1;1;0;0;"CO";"FE";"NO";"RE";"";yes;0;0;1;1;0;"ellen";01/02/19;"092757";"           ";"";?;?;yes;no;75600;18000;0;0;no;0;0;0
288;"23:00/07:20 5X1";220;0;110;44;7,33333;7,33333;6;26400;1;1;1;5;no;"";"NACIONAL";1;1;1;0;0;"CO";"RE";"NO";"FE";"";yes;0;0;1;1;0;"ellen";01/02/19;"115427";"           ";"";?;?;yes;no;75600;18000;0;0;no;0;0;0
289;"07:00/17:00 Sab Comp";220;0;110;44;7,33333;8,8;7;25140;1;1;1;1;no;"";"nacional";1;1;1;0;0;"CO";"RE";"NO";"FE";"";yes;0;0;1;1;0;"gmoreno";08/11/22;"171038";"           ";"                                                                                   S";?;?;yes;no;0;0;0;0;no;0;0;0
290;"13:30/22:50 - 5X1";220;0;110;44;7,33333;7,33333;6;82200;1;1;1;5;yes;"";"NACIONAL";1;1;1;0;0;"CO";"FE";"NO";"RE";"";yes;0;0;1;1;0;"camila";01/09/18;"162838";"           ";"";?;?;yes;no;75600;18000;0;0;no;0;0;0
291;"13:30/22:50 - 6X1";220;0;110;44;7,33333;7,33333;7;82200;1;1;1;5;yes;"";"NACIONAL";1;1;1;0;0;"CO";"FE";"NO";"RE";"";yes;0;0;1;1;0;"msantos";03/11/18;"145032";"           ";"";?;?;yes;no;75600;18000;0;0;no;0;0;0
292;"04:00/12:00 (6x1)";220;0;110;44;8;8;7;13140;1;1;1;5;no;"";"NACIONAL";1;1;1;0;0;"NO";"CO";"RE";"FE";"";yes;0;0;1;1;0;"ellen";01/02/19;"202424";"           ";"";?;?;yes;no;75600;18000;0;0;no;0;0;0
293;"01:00/09:00 (6x1)";220;0;110;44;7,33333;7;7;33600;1;1;1;1;no;"";"NACIONAL";1;1;1;0;0;"NO";"CO";"FE";"RE";"";yes;0;0;1;1;0;"ellen";10/05/19;"111732";"           ";"";?;?;yes;no;75600;18000;0;0;no;0;0;0
294;"01:00/09:20 (6x1)";220;0;110;44;7,33333;7,33333;7;62400;1;1;1;1;no;"";"NACIONAL";2;1;1;0;0;"NO";"CO";"RE";"FE";"";yes;0;0;1;1;0;"ellen";12/08/19;"155051";"           ";"";?;?;yes;no;75600;18000;0;0;no;0;0;0
295;"17:00/18:00";20;0;10;3;1;1;7;75600;1;1;1;2;no;"";"NACIONAL";1;1;1;0;0;"NO";"CO";"FE";"RE";"";yes;0;0;1;1;0;"ellen";03/07/19;"112215";"           ";"";?;?;yes;no;0;0;0;0;no;0;0;0
296;"17:00/18:00 (Seg a Quarta)";20;0;10;3;1;1;7;75600;1;1;1;2;no;"";"NACIONAL";1;1;1;0;0;"NO";"CO";"FE";"RE";"";yes;0;0;1;1;0;"ellen";03/07/19;"112303";"           ";"";?;?;yes;no;0;0;0;0;no;0;0;0
297;"06:00/15:20 - 5X1";220;0;110;44;7,33333;7,33333;6;55200;1;1;1;5;no;"";"NACIONAL";1;1;1;0;0;"NO";"FE";"CO";"RE";"";yes;0;0;1;1;0;"camila";03/09/18;"135929";"           ";"";?;?;yes;no;0;0;0;0;no;0;0;0
298;"20:00/04:00 (5x1)";220;0;110;44;8;8;6;71940;1;1;1;4;no;"";"NACIONAL";1;1;1;0;0;"NO";"CO";"RE";"FE";"";yes;0;0;1;1;0;"ellen";01/02/19;"195715";"           ";"";?;?;yes;no;75600;18000;0;0;no;0;0;0
299;"06:30/14:50 (5x1)";220;0;110;44;7,333;7,333;6;53400;1;1;1;1;yes;"";"NACIONAL";2;1;1;0;0;"NO";"CO";"RE";"FE";"";yes;0;0;1;1;0;"msantos";31/05/19;"100741";"           ";"";?;?;yes;no;0;0;0;0;no;0;0;0
300;"14:30/22:50 (5x1)";220;0;110;44;7,333;7,333;6;82200;1;1;1;1;yes;"";"NACIONAL";1;1;1;0;0;"NO";"CO";"RE";"FE";"";yes;0;0;1;1;0;"msantos";31/05/19;"100850";"           ";"";?;?;yes;no;75600;18000;0;0;no;0;0;0
301;"22:30/06:50 (5x1)";220;0;110;44;7,333;7,333;6;82200;1;1;1;1;yes;"";"NACIONAL";1;1;1;0;0;"NO";"CO";"RE";"FE";"";yes;0;0;1;1;0;"msantos";31/05/19;"100404";"           ";"";?;?;yes;no;75600;18000;0;0;no;0;0;0
302;"07:00/17:00 (4X2)";220;0;110;44;7,33333;8,8;6;28800;1;1;1;1;no;"";"NACIONAL";1;1;1;0;0;"NO";"CO";"RE";"FE";"";yes;0;0;1;1;0;"super";24/10/22;"151415";"           ";"                                                                                   S";?;?;yes;no;75600;18000;0;0;no;0;0;0
303;"19:00/05:00 (4x2)";220;0;110;44;7,33333;8,8;6;43200;1;1;1;5;no;"";"NACIONAL";1;1;1;0;0;"NO";"CO";"RE";"FE";"";yes;0;0;1;1;0;"gmoreno";08/11/22;"170445";"           ";"                                                                                   S";?;?;yes;no;75600;18000;0;0;no;0;0;0
304;"17:00/18:00 (Seg Quar Quin)";20;0;10;3;1;1;7;75600;1;1;1;2;no;"";"NACIONAL";1;1;1;0;0;"NO";"CO";"FE";"RE";"";yes;0;0;1;1;0;"gmoreno";04/12/19;"113933";"           ";"";?;?;yes;no;0;0;0;0;no;0;0;0
305;"17:00/18:00 (Quar Sex)";20;0;10;3;1;1;7;75600;1;1;1;2;no;"";"NACIONAL";1;1;1;0;0;"NO";"CO";"FE";"RE";"";yes;0;0;1;1;0;"gmoreno";29/07/19;"160655";"           ";"";?;?;yes;no;0;0;0;0;no;0;0;0
306;"06:30/14:30 (4x2)";220;0;110;44;7,33333;8;6;77400;1;1;1;5;no;"";"NACIONAL";2;1;1;0;0;"NO";"CO";"RE";"FE";"";yes;0;0;1;1;0;"ellen";01/08/19;"110133";"           ";"";?;?;yes;no;75600;18000;0;0;no;0;0;0
307;"18:30/04:30 (4x2)";220;0;110;44;7,33333;8,8;6;34200;1;1;1;4;no;"";"NACIONAL";1;1;1;0;0;"NO";"CO";"RE";"FE";"";yes;0;0;1;1;0;"ellen";01/08/19;"114301";"           ";"";?;?;yes;no;75600;18000;0;0;no;0;0;0
308;"07:00/17:00 (5x2 GO)";220;0;110;44;7,33333;8,8;7;0;1;1;1;3;no;"";"NACIONAL";1;1;1;0;0;"";"";"";"";"";yes;0;0;1;1;0;"gmoreno";08/11/22;"171108";"           ";"                                                                                   S";?;?;yes;no;75600;18000;0;0;no;0;0;0
309;"19:00/05:00 (5x2 GO)";220;0;110;44;7,33333;8,8;7;43200;1;1;1;5;no;"";"NACIONAL";1;1;1;0;0;"NO";"CO";"RE";"FE";"";yes;0;0;1;1;0;"gmoreno";08/11/22;"171116";"           ";"                                                                                   S";?;?;yes;no;75600;18000;0;0;no;0;0;0
310;"03:40/12:00 (6x1)";220;0;110;44;7,33333;7,33333;7;57600;1;1;1;5;no;"";"NACIONAL";2;1;1;0;0;"NO";"CO";"RE";"FE";"";yes;0;0;1;1;0;"ellen";23/08/19;"122717";"           ";"";?;?;yes;no;75600;18000;0;0;no;0;0;0
311;"07:00/16:20 (6x1TO)";220;0;110;44;7,33333;8,8;7;28800;1;1;1;1;no;"";"NACIONAL";1;1;1;0;0;"NO";"CO";"RE";"FE";"";yes;0;0;1;1;0;"gmoreno";20/09/19;"095944";"           ";"";?;?;yes;no;75600;18000;0;0;no;0;0;0
312;"07:00/17:00 (5x2 MS)";220;0;110;44;7,33333;8,8;7;28800;1;1;1;1;no;"";"NACIONAL";1;1;1;0;0;"NO";"CO";"RE";"FE";"";yes;0;0;1;1;0;"gmoreno";08/11/22;"171124";"           ";"                                                                                   S";?;?;yes;no;75600;18000;0;0;no;0;0;0
313;"19:00/05:00 (5x2 MS)";220;0;110;44;7,33333;8,8;7;43200;1;1;1;5;no;"";"NACIONAL";1;1;1;0;0;"NO";"CO";"RE";"FE";"";yes;0;0;1;1;0;"gmoreno";08/11/22;"171129";"           ";"                                                                                   S";?;?;yes;no;75600;18000;0;0;no;0;0;0
314;"07:12/18:00 (ADM TO)";220;0;110;44;7,33333;8,8;7;0;1;1;1;3;no;"";"NACIONAL";2;1;1;0;0;"NO";"CO";"RE";"FE";"";yes;0;0;1;1;0;"gmoreno";16/10/19;"092531";"           ";"";?;?;yes;no;75600;18000;0;0;no;0;0;0
315;"05:00/09:00 (5X1 MOT SP)";80;0;40;20;4;4;6;33600;1;1;1;1;no;"";"NACIONAL";1;1;1;0;0;"CO";"FE";"NO";"RE";"";yes;0;0;1;1;0;"gmoreno";16/10/19;"094202";"           ";"";?;?;yes;no;75600;18000;0;0;no;0;0;0
316;"17:00/21:00 (5X1 MOT SP)";80;0;40;20;4;4;6;33600;1;1;1;1;no;"";"NACIONAL";1;1;1;0;0;"CO";"FE";"NO";"RE";"";yes;0;0;1;1;0;"gmoreno";16/10/19;"094643";"           ";"";?;?;yes;no;75600;18000;0;0;no;0;0;0
317;"12:00/20:00 (5X1)";220;0;110;44;8;8;6;14340;1;1;1;1;no;"";"NACIONAL";1;1;1;0;0;"NO";"CO";"RE";"FE";"";yes;0;0;1;1;0;"gmoreno";22/10/19;"164909";"           ";"";?;?;yes;no;75600;18000;0;0;no;0;0;0
318;"APRENDIZ 13:00/17:00 NOVO";116;0;78;26;4;4;7;0;1;1;1;2;no;"";"NACIONAL";2;1;1;0;0;"";"";"";"";"";yes;0;0;1;1;0;"gmoreno";20/11/19;"112704";"           ";"";?;?;yes;no;75600;18000;0;0;no;0;0;0
319;"07:00/18:00 (ADM)";220;0;110;44;7,33333;8,8;7;0;1;1;1;3;no;"";"NACIONAL";2;1;1;0;0;"NO";"CO";"RE";"FE";"";yes;0;0;1;1;0;"gmoreno";08/11/22;"171140";"           ";"                                                                                   S";?;?;yes;no;75600;18000;0;0;no;0;0;0
320;"12:00/22:00 (4X2) PORT MS";220;0;110;44;7,33333;8,8;6;28800;1;1;1;1;no;"";"NACIONAL";1;1;1;0;0;"NO";"CO";"RE";"FE";"";yes;0;0;1;1;0;"gmoreno";22/01/20;"083929";"           ";"";?;?;yes;no;75600;18000;0;0;no;0;0;0
321;"00:00/10:00 (4X2) PORT MS";220;0;110;44;7,33333;8,8;6;28800;1;1;1;1;no;"";"NACIONAL";1;1;1;0;0;"NO";"CO";"RE";"FE";"";yes;0;0;1;1;0;"gmoreno";21/02/20;"164714";"           ";"";?;?;yes;no;75600;18000;0;0;no;0;0;0
322;"13:00/18:00 (Seg a Quint TO)";100;0;50;25;5;5;7;0;1;1;1;2;no;"";"NACIONAL";1;1;1;0;0;"RE";"CO";"FE";"NO";"";yes;0;0;1;1;0;"gmoreno";28/01/20;"143146";"           ";"";?;?;yes;no;75600;18000;0;0;no;0;0;0
323;"10:00/20:00 (4X2)";220;0;110;44;7,33333;8,8;6;28800;1;1;1;1;no;"";"NACIONAL";1;1;1;0;0;"NO";"CO";"RE";"FE";"";yes;0;0;1;1;0;"gmoreno";26/03/20;"084730";"           ";"";?;?;yes;no;75600;18000;0;0;no;0;0;0
324;"22:00/08:00 (4x2)";220;0;110;44;7,33333;8,8;6;43200;1;1;1;5;no;"";"NACIONAL";1;1;1;0;0;"NO";"CO";"RE";"FE";"";yes;0;0;1;1;0;"gmoreno";26/03/20;"090327";"           ";"";?;?;yes;no;75600;18000;0;0;no;0;0;0
325;"APRENDIZ 08:00/12:00 NOVO";116;0;78;26;4;4;7;0;1;1;1;2;no;"";"NACIONAL";2;1;1;0;0;"";"";"";"";"";yes;0;0;1;1;0;"gmoreno";08/11/22;"171146";"           ";"                                                                                   S";?;?;yes;no;75600;18000;0;0;no;0;0;0
326;"09:00/19:00 (4X2 SP)";220;0;110;44;7,33333;8,8;6;28800;1;1;1;1;no;"";"NACIONAL";1;1;1;0;0;"NO";"CO";"RE";"FE";"";yes;0;0;1;1;0;"gmoreno";27/03/20;"095726";"           ";"";?;?;yes;no;75600;18000;0;0;no;0;0;0
327;"21:00/07:00 (4x2 SP)";220;0;110;44;7,33333;8,8;6;43200;1;1;1;5;no;"";"NACIONAL";1;1;1;0;0;"NO";"CO";"RE";"FE";"";yes;0;0;1;1;0;"gmoreno";27/03/20;"100130";"           ";"";?;?;yes;no;75600;18000;0;0;no;0;0;0
328;"08:00/18:00 (4X2 SP)";220;0;110;44;7,33333;8,8;6;28800;1;1;1;1;no;"";"NACIONAL";1;1;1;0;0;"NO";"CO";"RE";"FE";"";yes;0;0;1;1;0;"gmoreno";14/04/20;"154053";"           ";"";?;?;yes;no;75600;18000;0;0;no;0;0;0
329;"20:00/06:00 (4x2 SP)";220;0;110;44;7,33333;8,8;6;43200;1;1;1;5;no;"";"NACIONAL";1;1;1;0;0;"NO";"CO";"RE";"FE";"";yes;0;0;1;1;0;"gmoreno";14/04/20;"154620";"           ";"";?;?;yes;no;75600;18000;0;0;no;0;0;0
330;"08:30/18:30 (4X2 SP)";220;0;110;44;7,33333;8,8;6;28800;1;1;1;1;no;"";"NACIONAL";1;1;1;0;0;"NO";"CO";"RE";"FE";"";yes;0;0;1;1;0;"gmoreno";14/04/20;"154918";"           ";"";?;?;yes;no;75600;18000;0;0;no;0;0;0
331;"20:30/06:30 (4x2 SP)";220;0;110;44;7,33333;8,8;6;43200;1;1;1;5;no;"";"NACIONAL";1;1;1;0;0;"NO";"CO";"RE";"FE";"";yes;0;0;1;1;0;"gmoreno";14/04/20;"155200";"           ";"";?;?;yes;no;75600;18000;0;0;no;0;0;0
332;"18:00/22:00 (5X1 MOT SP)";80;0;40;20;4;4;6;33600;1;1;1;1;no;"";"NACIONAL";1;1;1;0;0;"CO";"FE";"NO";"RE";"";yes;0;0;1;1;0;"gmoreno";08/11/22;"171155";"           ";"                                                                                   S";?;?;yes;no;75600;18000;0;0;no;0;0;0
333;"06:00/10:00 (5X1 MOT SP)";80;0;40;20;4;4;6;33600;1;1;1;1;no;"";"NACIONAL";1;1;1;0;0;"CO";"FE";"NO";"RE";"";yes;0;0;1;1;0;"gmoreno";08/11/22;"171159";"           ";"                                                                                   S";?;?;yes;no;75600;18000;0;0;no;0;0;0
334;"15:30/23:50 6X1 TO";220;0;110;44;7,33333;7,33333;7;43200;1;1;1;5;no;"";"NACIONAL";1;1;1;0;0;"NO";"CO";"RE";"FE";"";yes;0;0;1;1;0;"gmoreno";03/06/20;"141844";"           ";"";?;?;yes;no;75600;18000;0;0;no;0;0;0
335;"APRENDIZ 08:00/12:00 SEG A SEX";116;0;78;26;4;4;7;0;1;1;1;2;no;"";"NACIONAL";2;1;1;0;0;"";"";"";"";"";yes;0;0;1;1;0;"gmoreno";15/05/20;"101005";"           ";"";?;?;yes;no;75600;18000;0;0;no;0;0;0
336;"15:20/23:40 (6X1 TO)";220;0;110;44;7,33333;7,33333;7;0;1;1;1;5;no;"";"NACIONAL";1;1;1;0;0;"CO";"NO";"FE";"RE";"";yes;0;0;1;1;0;"gmoreno";09/06/20;"163832";"           ";"";?;?;yes;no;75600;18000;0;0;no;0;0;0
342;"18:30/04:30 (4x2)";220;0;110;44;7,33333;8,8;6;43200;1;1;1;5;no;"";"NACIONAL";1;1;1;0;0;"NO";"CO";"RE";"FE";"";yes;0;0;1;1;0;"gmoreno";19/02/21;"151902";"           ";"";?;?;yes;no;75600;18000;0;0;no;0;0;0
354;"18:30/04:30 (4x2)";220;0;110;44;7,33333;8,8;6;43200;1;1;1;5;no;"";"NACIONAL";1;1;1;0;0;"NO";"CO";"RE";"FE";"";yes;0;0;1;1;0;"gmoreno";11/02/22;"144910";"           ";"";?;?;yes;no;75600;18000;0;0;no;0;0;0
355;"07:00/12:15 (Seg a Quint TO)";100;0;50;25;5;5;7;0;1;1;1;2;no;"";"NACIONAL";1;1;1;0;0;"RE";"CO";"FE";"NO";"";yes;0;0;1;1;0;"gmoreno";28/08/20;"182501";"           ";"";?;?;yes;no;75600;18000;0;0;no;0;0;0
356;"19:20/03:40 (6x1) TO";220;0;110;44;7,33333;8,8;7;43200;1;1;1;5;no;"";"NACIONAL";1;1;1;0;0;"NO";"CO";"RE";"FE";"";yes;0;0;1;1;0;"gmoreno";19/10/20;"100157";"           ";"";?;?;yes;no;75600;18000;0;0;no;0;0;0
357;"18:20/02:40 (6X1) TO";220;0;110;44;7,33333;7,33333;7;33600;1;1;1;4;no;"";"NACIONAL";1;1;1;0;0;"CO";"FE";"NO";"RE";"";yes;0;0;1;1;0;"gmoreno";08/11/22;"171208";"           ";"                                                                                   S";?;?;yes;no;75600;18000;0;0;no;0;0;0
358;"16:00/20:00 (5X1 MOT SP)";80;0;40;20;4;4;6;33600;1;1;1;1;no;"";"NACIONAL";1;1;1;0;0;"CO";"FE";"NO";"RE";"";yes;0;0;1;1;0;"gmoreno";13/11/20;"100742";"           ";"";?;?;yes;no;75600;18000;0;0;no;0;0;0
359;"12:00/21:00";220;0;110;44;7,33333;8,8;7;0;1;1;1;3;no;"";"NACIONAL";2;1;1;0;0;"NO";"CO";"RE";"FE";"";yes;0;0;1;1;0;"gmoreno";08/11/22;"171216";"           ";"                                                                                   S";?;?;yes;no;75600;18000;0;0;no;0;0;0
360;"16:20/00:40 (6X1)";220;0;110;44;7,33333;7,33333;7;33600;1;1;1;4;no;"";"NACIONAL";1;1;1;0;0;"CO";"FE";"NO";"RE";"";yes;0;0;1;1;0;"gmoreno";08/01/21;"180218";"           ";"";?;?;yes;no;75600;18000;0;0;no;0;0;0
361;"06:30/16:30 (4X2)";220;0;110;44;7,33333;8,8;6;28800;1;1;1;1;no;"";"NACIONAL";1;1;1;0;0;"NO";"CO";"RE";"FE";"";yes;0;0;1;1;0;"gmoreno";08/11/22;"171223";"           ";"                                                                                   S";?;?;yes;no;75600;18000;0;0;no;0;0;0
362;"18:30/04:30 (4x2)";220;0;110;44;7,33333;8,8;6;43200;1;1;1;5;no;"";"NACIONAL";1;1;1;0;0;"NO";"CO";"RE";"FE";"";yes;0;0;1;1;0;"gmoreno";08/11/22;"171229";"           ";"                                                                                   S";?;?;yes;no;75600;18000;0;0;no;0;0;0
363;"18:00/02:20 (6X1) TO";220;0;110;44;7,33333;7,33333;7;33600;1;1;1;4;no;"";"NACIONAL";1;1;1;0;0;"CO";"FE";"NO";"RE";"";yes;0;0;1;1;0;"gmoreno";16/03/21;"142854";"           ";"";?;?;yes;no;75600;18000;0;0;no;0;0;0
364;"07:30/17:30 (ADM)";220;0;110;44;7,33333;8,8;7;0;1;1;1;3;no;"";"NACIONAL";2;1;1;0;0;"NO";"CO";"RE";"FE";"";yes;0;0;1;1;0;"gmoreno";22/03/21;"173309";"           ";"";?;?;yes;no;75600;18000;0;0;no;0;0;0
365;"07:00/15:32 (5X1)";220;0;110;44;7,33333;7,33333;6;33600;1;1;1;1;no;"";"NACIONAL";1;1;1;0;0;"CO";"FE";"NO";"RE";"";yes;0;0;1;1;0;"gmoreno";22/04/21;"102930";"           ";"";?;?;yes;no;75600;18000;0;0;no;0;0;0
366;"19:00/03:32 (5X1)";220;0;110;44;7,33333;7,33333;6;33600;1;1;1;4;no;"";"NACIONAL";1;1;1;0;0;"CO";"FE";"NO";"RE";"";yes;0;0;1;1;0;"gmoreno";22/04/21;"103437";"           ";"";?;?;yes;no;75600;18000;0;0;no;0;0;0
367;"07:00/17:00 (5X1) LANCHE";220;0;110;44;7,33333;7,33333;6;33600;1;1;1;1;no;"";"NACIONAL";1;1;1;0;0;"CO";"FE";"NO";"RE";"";yes;0;0;1;1;0;"gmoreno";22/04/21;"104339";"           ";"";?;?;yes;no;75600;18000;0;0;no;0;0;0
368;"19:00/05:00 (5X1) LANCHE";220;0;110;44;7,33333;7,33333;6;33600;1;1;1;4;no;"";"NACIONAL";1;1;1;0;0;"CO";"FE";"NO";"RE";"";yes;0;0;1;1;0;"gmoreno";22/04/21;"104843";"           ";"";?;?;yes;no;75600;18000;0;0;no;0;0;0
369;"07:00/17:00 - 6X1 - LANCHE";220;0;110;44;7,33333;7,33333;7;0;1;1;1;5;no;"";"NACIONAL";1;1;1;0;0;"CO";"FE";"NO";"RE";"";yes;0;0;1;1;0;"gmoreno";08/11/22;"171235";"           ";"                                                                                   S";?;?;yes;no;75600;18000;0;0;no;0;0;0
370;"19:00/05:00 (6X1 - LANCHE)";220;0;110;44;7,33333;7,33333;7;61140;1;1;1;5;no;"";"NACIONAL";1;1;1;0;0;"CO";"FE";"NO";"RE";"";yes;0;0;1;1;0;"val";31/05/23;"212739";"           ";"                                                                                   N";?;?;yes;no;75600;18000;0;0;no;0;0;0
371;"06:00/16:00 - 6X1 - LANCHE";220;0;110;44;7,33333;7,33333;7;0;1;1;1;5;no;"";"NACIONAL";1;1;1;0;0;"CO";"FE";"NO";"RE";"";yes;0;0;1;1;0;"gmoreno";02/06/21;"143732";"           ";"";?;?;yes;no;75600;18000;0;0;no;0;0;0
372;"19:00/05:00 (5X1) LANCHE NOVO";220;0;110;44;7,33333;8,8;6;43200;1;1;1;4;no;"";"NACIONAL";1;1;1;0;0;"CO";"FE";"NO";"RE";"";yes;0;0;1;1;0;"gmoreno";26/07/21;"105708";"           ";"";?;?;yes;no;75600;18000;0;0;no;0;0;0
373;"07:00/17:00 (CONSTRUÇÃO)";220;0;110;44;7,33333;9;7;0;1;1;1;3;no;"";"NACIONAL";1;1;1;0;0;"CO";"FE";"NO";"RE";"";yes;0;0;1;1;0;"val";27/07/23;"081420";"           ";"                                                                                   N";?;?;yes;no;0;0;0;0;no;0;0;0
374;"07:00/16:30 (CONSTRUÇÃO)";220;0;110;44;7,33333;9;7;0;1;1;1;1;no;"";"NACIONAL";2;1;1;0;0;"CO";"FE";"NO";"RE";"";yes;0;0;1;1;0;"val";27/07/23;"092219";"           ";"                                                                                   N";?;?;yes;no;0;0;0;0;no;0;0;0
383;"16:00/02:00 (5x2 SP)";220;0;110;44;7,33333;8,8;7;43200;1;1;1;5;no;"";"NACIONAL";1;1;1;0;0;"NO";"CO";"RE";"FE";"";yes;0;0;1;1;0;"gmoreno";26/08/21;"134817";"           ";"";?;?;yes;no;75600;18000;0;0;no;0;0;0
384;"06:30/16:30 (4X2)";220;0;110;44;7,33333;8,8;6;28800;1;1;1;1;no;"";"NACIONAL";1;1;1;0;0;"NO";"CO";"RE";"FE";"";yes;0;0;1;1;0;"gmoreno";11/02/22;"145612";"           ";"";?;?;yes;no;75600;18000;0;0;no;0;0;0
385;"06:30/16:30 (5x2 GO)";220;0;110;44;7,33333;8,8;7;28800;1;1;1;1;no;"";"NACIONAL";1;1;1;0;0;"NO";"CO";"RE";"FE";"";yes;0;0;1;1;0;"gmoreno";14/02/22;"111702";"           ";"";?;?;yes;no;75600;18000;0;0;no;0;0;0
386;"05:00/14:00 (PILOTO)";176;0;88;35,2;7;8;7;43200;1;1;1;5;no;"";"NACIONAL";1;1;1;0;0;"NO";"CO";"RE";"FE";"";yes;0;0;1;1;0;"gmoreno";08/11/22;"171247";"           ";"                                                                                   S";?;?;yes;no;75600;18000;0;0;no;0;0;0
389;"APRENDIZ 07:00/13:00 NOVO";116;0;78;26;6;6;7;0;1;1;1;2;no;"";"NACIONAL";2;1;1;0;0;"";"";"";"";"";yes;0;0;1;1;0;"gmoreno";26/07/22;"170454";"           ";"";?;?;yes;no;75600;18000;0;0;no;0;0;0
390;"12:00/20:20 (6x1)";220;0;110;44;7,33333;7,33333;7;25140;1;1;1;5;no;"";"NACIONAL";1;1;1;0;0;"CO";"FE";"NO";"RE";"";yes;0;0;1;1;0;"gmoreno";29/08/22;"163441";"           ";"";?;?;yes;no;75600;18000;0;0;no;0;0;0
391;"08:30/16:50 (5X1 NOVO)";220;0;110;44;7,33333;7,33333;6;33600;1;1;1;1;no;"";"NACIONAL";1;1;1;0;0;"CO";"FE";"NO";"RE";"";yes;0;0;1;1;0;"gmoreno";08/09/22;"111640";"           ";"";?;?;yes;no;75600;18000;0;0;no;0;0;0
392;"08:30/16:50 (6X1) MS";220;0;110;44;7,33333;7,33333;7;25140;1;1;1;5;no;"";"NACIONAL";1;1;1;0;0;"CO";"FE";"NO";"RE";"";yes;0;0;1;1;0;"gmoreno";08/11/22;"171256";"           ";"                                                                                   S";?;?;yes;no;75600;18000;0;0;no;0;0;0
393;"04:00/12:20 (6X1)";220;0;110;44;7,33333;7,33333;7;61200;1;1;1;5;no;"";"NACIONAL";2;1;1;0;0;"NO";"CO";"RE";"FE";"";yes;0;0;1;1;0;"gmoreno";08/11/22;"171305";"           ";"                                                                                   S";?;?;yes;no;75600;18000;0;0;no;0;0;0
394;"08:00 as 13:00";150;0;50;25;5;5;7;0;1;1;1;1;no;"";"NACIONAL";1;1;1;0;0;"FE";"CO";"RE";"";"";no;0;0;1;1;0;"amagro";02/01/23;"161715";"           ";"                                                                                   S";?;?;yes;no;75600;18000;0;0;no;0;0;0
395;"04:00/14:00 - 6X1 - LANCHE";220;0;110;44;7,33333;7,33333;7;0;1;1;1;5;no;"";"NACIONAL";1;1;1;0;0;"CO";"FE";"NO";"RE";"";yes;0;0;1;1;0;"gmoreno";08/11/22;"171314";"           ";"                                                                                   S";?;?;yes;no;75600;18000;0;0;no;0;0;0
396;"13:00 AS 18:00 ESTAGIO";150;0;75;25;5;5;7;64800;1;1;1;1;no;"";"NACIONAL";2;1;1;0;0;"CO";"NO";"RE";"FE";"";yes;0;0;1;1;0;"amagro";02/01/23;"163431";"           ";"                                                                                   N";?;?;yes;no;0;0;0;0;no;0;0;0
397;"06:00/16:00 (4X2)";220;0;110;44;7,33333;8,8;6;28800;1;1;1;1;no;"";"NACIONAL";1;1;1;0;0;"NO";"CO";"RE";"FE";"";yes;0;0;1;1;0;"gmoreno";26/04/23;"150304";"           ";"                                                                                   S";?;?;yes;no;75600;18000;0;0;no;0;0;0
398;"03:00/15:00 - 6X1 - LANCHE";220;0;110;44;7,33333;7,33333;7;46800;1;1;1;5;no;"";"NACIONAL";1;1;1;0;0;"CO";"FE";"NO";"RE";"";yes;0;0;1;1;0;"val";31/05/23;"212726";"           ";"                                                                                   S";?;?;yes;no;75600;18000;0;0;no;0;0;0
399;"18:00/04:00 (4X2)";220;0;110;44;7,33333;8,8;6;28800;1;1;1;1;no;"";"NACIONAL";1;1;1;0;0;"NO";"CO";"RE";"FE";"";yes;0;0;1;1;0;"gmoreno";20/06/23;"155712";"           ";"                                                                                   S";?;?;yes;no;75600;18000;0;0;no;0;0;0
2027;"08:00/17:48";220;0;110;44;7,33333;8,8;7;0;1;1;1;1;no;"";"NACIONAL";1;1;1;0;0;"CO";"FE";"NO";"RE";"";yes;0;0;1;1;0;"gmoreno";08/11/22;"171321";"           ";"                                                                                   S";?;?;yes;no;0;0;0;0;no;0;0;0
2028;"05:00/13:20 (6X1)";220;0;110;44;7,33333;7,33333;7;61200;1;1;1;5;no;"";"NACIONAL";2;1;1;0;0;"NO";"CO";"RE";"FE";"";yes;0;0;1;1;0;"ellen";24/10/18;"114502";"           ";"";?;?;yes;no;75600;18000;0;0;no;0;0;0
2029;"05:30/14:50";220;0;110;44;7,33333;7,33333;7;64800;1;1;1;5;no;"";"NACIONAL";2;1;1;0;0;"NO";"CO";"RE";"FE";"";yes;0;0;1;1;0;"ellen";27/11/18;"152820";"           ";"";?;?;yes;no;75600;18000;0;0;no;0;0;0
2030;"19:20/03:40 (6x1)";220;0;115;44;7,33333;7,33333;7;28800;1;1;1;4;no;"";"NACIONAL";2;1;1;0;0;"NO";"CO";"RE";"FE";"";yes;0;0;1;1;0;"ellen";04/12/18;"151813";"           ";"";?;?;yes;no;75600;18000;0;0;no;0;0;0
2031;"16:00/01:00 (5x1)";220;0;110;44;7,33333;8;6;10800;1;1;1;5;no;"";"NACIONAL";2;1;1;0;0;"NO";"CO";"RE";"FE";"";yes;0;0;1;1;0;"ellen";26/12/18;"175655";"           ";"";?;?;yes;no;79200;18000;0;0;no;0;0;0
2032;"04:00/12:20 (5x1)";220;0;110;44;7,33333;7,33333;6;46800;1;1;1;1;no;"";"NACIONAL";2;1;1;0;0;"NO";"CO";"RE";"FE";"";yes;0;0;1;1;0;"ellen";02/01/19;"094126";"           ";"";?;?;yes;no;75600;18000;0;0;no;0;0;0
2033;"12:00/20:20 (5x1)";220;0;110;44;7,33333;7,33333;6;79200;1;1;1;2;no;"";"NACIONAL";2;1;1;0;0;"NO";"CO";"RE";"FE";"";yes;0;0;1;1;0;"ellen";02/01/19;"094703";"           ";"";?;?;yes;no;75600;18000;0;0;no;0;0;0
2034;"08:00/18:00 (ADM)";220;0;110;44;7,33333;8,8;7;0;1;1;1;3;no;"";"NACIONAL";2;1;1;0;0;"NO";"CO";"RE";"FE";"";yes;0;0;1;1;0;"super";27/10/22;"112740";"           ";"                                                                                   S";?;?;yes;no;75600;18000;0;0;no;0;0;0
2035;"06:00/16:00 (ADM - COPEIRA GO)";220;0;110;44;8;8,48;7;72000;1;1;1;3;no;"";"NACIONAL";2;1;1;0;0;"NO";"CO";"RE";"FE";"";yes;0;0;1;1;0;"gmoreno";08/11/22;"171338";"           ";"                                                                                   S";?;?;yes;no;0;0;0;0;no;0;0;0
2036;"04:00/12:00 (5X1)";220;0;110;44;8;8;6;14340;1;1;1;1;no;"";"NACIONAL";1;1;1;0;0;"NO";"CO";"RE";"FE";"";yes;0;0;1;1;0;"ellen";01/02/19;"175825";"           ";"";?;?;yes;no;75600;18000;0;0;no;0;0;0
2037;"11:00/20:00 (5x1)";220;0;110;44;8;8;6;39540;1;1;1;5;no;"";"NACIONAL";1;1;1;0;0;"NO";"CO";"RE";"FE";"";yes;0;0;1;1;0;"ellen";01/02/19;"185938";"           ";"";?;?;yes;no;75600;18000;0;0;no;0;0;0
2038;"06:00/15:20 - 6X1";220;0;110;44;7,33333;7,33333;7;55200;1;1;1;5;no;"";"NACIONAL";1;1;1;0;0;"NO";"FE";"CO";"RE";"";yes;0;0;1;1;0;"ellen";15/02/19;"195523";"           ";"";?;?;yes;no;0;0;0;0;no;0;0;0
2039;"00:00/08:20 (5x1)";220;0;110;44;7,33333;7,33333;6;30000;1;1;1;1;no;"";"NACIONAL";2;1;1;0;0;"NO";"CO";"RE";"FE";"";yes;0;0;1;1;0;"ellen";27/02/19;"164029";"           ";"";?;?;yes;no;75600;18000;0;0;no;0;0;0
2040;"07:00/17:00 (ADM)";220;0;110;44;7,33333;8,8;7;0;1;1;1;3;no;"";"NACIONAL";2;1;1;0;0;"NO";"CO";"RE";"FE";"";yes;0;0;1;1;0;"gmoreno";08/11/22;"171344";"           ";"                                                                                   S";?;?;yes;no;75600;18000;0;0;no;0;0;0
